/*******************************************************************************
 * Size: 12 px
 * Bpp: 1
 * Opts: --no-compress --no-prefilter --no-kerning --bpp 1 --size 12 --font /tmp/wireless_debug_fonts/fusion-pixel-12px-monospaced-zh_hans.ttf --range 0x20-0x7E --symbols ，。！？：；、（）【】《》“”‘’—…·￥大模型回复乱码拍照检查原因字体库合适授权生成固件烧录运行显示屏幕蓝牙串口端设备驱动渲染编解缓存刷新下载联网接状态中文英常用简繁形占位符问答请求响应错误超时连配置系统菜单式虚拟真实数据络服务路由传输收发送任内堆栈空间压缩译构建验证啊阿埃挨哎唉哀皑癌蔼矮艾碍爱隘鞍氨安俺按暗岸胺案肮昂盎凹敖熬翱袄傲奥懊澳芭捌扒叭吧笆八疤巴拔跋靶把耙坝霸罢爸白柏百摆佰败拜稗斑班搬扳般颁板版扮拌伴瓣半办绊邦帮梆榜膀绑棒磅蚌镑傍谤苞胞包褒剥薄雹保堡饱宝抱报暴豹鲍爆杯碑悲卑北辈背贝钡倍狈惫焙被奔苯本笨崩绷甭泵蹦迸逼鼻比鄙笔彼碧蓖蔽毕毙毖币庇痹闭敝弊必辟壁臂避陛鞭边贬扁便变卞辨辩辫遍标彪膘表鳖憋别瘪彬斌濒滨宾摈兵冰柄丙秉饼炳病并玻菠播拨钵波博勃搏铂箔伯帛舶脖膊渤泊驳捕卜哺补埠不布步簿部怖擦猜裁材才财睬踩采彩蔡餐参蚕残惭惨灿苍舱仓沧藏操糙槽曹草厕策侧册测层蹭插叉茬茶碴搽察岔差诧拆柴豺搀掺蝉馋谗缠铲产阐颤昌猖场尝长偿肠厂敞畅唱倡抄钞朝嘲潮巢吵炒车扯撤掣彻澈郴臣辰尘晨忱沉陈趁衬撑称城橙呈乘程惩澄诚承逞骋秤吃痴持匙池迟弛驰耻齿侈尺赤翅斥炽充冲虫崇宠抽酬畴踌稠愁筹仇绸瞅丑臭初出橱厨躇锄雏滁除楚础储矗搐触处揣川穿椽船喘疮窗幢床闯创吹炊捶锤垂春椿醇唇淳纯蠢戳绰疵茨磁雌辞慈瓷词此刺赐次聪葱囱匆从丛凑粗醋簇促蹿篡窜摧崔催脆瘁粹淬翠村寸磋撮搓措挫搭达瘩打呆歹傣戴带殆代贷袋待逮怠耽担丹郸掸胆旦氮但惮淡诞弹蛋当挡党荡档刀捣蹈倒岛祷导到稻悼道盗德得的蹬灯登等瞪凳邓堤低滴迪敌笛狄涤翟嫡抵底地蒂第帝弟递缔颠掂滇碘点典靛垫电佃甸店惦奠淀殿碉叼雕凋刁掉吊钓调跌爹碟蝶迭谍叠丁盯叮钉顶鼎锭定订丢东冬董懂栋侗恫冻洞兜抖斗陡豆逗痘都督毒犊独读堵睹赌杜镀肚度渡妒短锻段断缎兑队对墩吨蹲敦顿囤钝盾遁掇哆多夺垛躲朵跺舵剁惰堕蛾峨鹅俄额讹娥恶厄扼遏鄂饿恩而儿耳尔饵洱二贰罚筏伐乏阀法珐藩帆番翻樊矾钒凡烦反返范贩犯饭泛坊芳方肪房防妨仿访纺放菲非啡飞肥匪诽吠肺废沸费芬酚吩氛分纷坟焚汾粉奋份忿愤粪丰封枫蜂峰锋风疯烽逢冯缝讽奉凤佛否夫敷肤孵扶拂辐幅氟伏俘浮涪福袱弗甫抚辅俯釜斧脯腑府腐赴副覆赋傅付阜父腹负富讣附妇缚咐噶嘎该改概钙盖溉干甘杆柑竿肝赶感秆敢赣冈刚钢缸肛纲岗港杠篙皋高膏羔糕搞镐稿告哥歌搁戈鸽胳疙割革葛格蛤阁隔铬个各给根跟耕更庚羹埂耿梗工攻功恭龚供躬公宫弓巩汞拱贡共钩勾沟苟狗垢购够辜菇咕箍估沽孤姑鼓古蛊骨谷股故顾雇刮瓜剐寡挂褂乖拐怪棺关官冠观管馆罐惯灌贯光广逛瑰规圭硅归龟闺轨鬼诡癸桂柜跪贵刽辊滚棍锅郭国果裹过哈骸孩海氦亥害骇酣憨邯韩含涵寒函喊罕翰撼捍旱憾悍焊汗汉夯杭航壕嚎豪毫郝好耗号浩呵喝荷菏核禾和何盒貉阂河涸赫褐鹤贺嘿黑痕很狠恨哼亨横衡恒轰哄烘虹鸿洪宏弘红喉侯猴吼厚候后呼乎忽瑚壶葫胡蝴狐糊湖弧虎唬护互沪户花哗华猾滑画划化话槐徊怀淮坏欢环桓还换患唤痪豢焕涣宦幻荒慌黄磺蝗簧皇凰惶煌晃幌恍谎灰挥辉徽恢蛔毁悔慧卉惠晦贿秽会烩汇讳诲绘荤昏婚魂浑混豁活伙火获或惑霍货祸击圾基机畸稽积箕肌饥迹激讥鸡姬绩缉吉极棘辑籍集及急疾汲即嫉级挤几脊己蓟技冀季伎祭剂悸济寄寂计记既忌际妓继纪嘉枷夹佳家加荚颊贾甲钾假稼价架驾嫁歼监坚尖笺煎兼肩艰奸缄茧柬碱硷拣捡俭剪减荐槛鉴践贱见键箭健舰剑饯渐溅涧僵姜将浆江疆蒋桨奖讲匠酱降蕉椒礁焦胶交郊浇骄娇嚼搅铰矫侥脚狡角饺缴绞剿教酵轿较叫窖揭皆秸街阶截劫节桔杰捷睫竭洁结姐戒藉芥界借介疥诫届巾筋斤金今津襟紧锦仅谨进靳晋禁近烬浸尽劲荆兢茎睛晶鲸京惊精粳经井警景颈静境敬镜径痉靖竟竞净炯窘揪究纠玖韭久灸九酒厩救旧臼舅咎就疚鞠拘狙疽居驹菊局咀矩举沮聚拒巨具距踞锯俱句惧炬剧捐鹃娟倦眷卷绢撅攫抉掘倔爵觉决诀绝均菌钧军君峻俊竣浚郡骏喀咖卡咯开揩楷凯慨刊堪勘坎砍看康慷糠扛抗亢炕考拷烤靠坷苛柯棵磕颗科壳咳可渴克刻客课肯啃垦恳坑吭恐孔控抠扣寇枯哭窟苦酷裤夸垮挎跨胯块筷侩快宽款匡筐狂框矿眶旷况亏盔岿窥葵奎魁傀馈愧溃坤昆捆困括扩廓阔垃拉喇蜡腊辣啦莱来赖婪栏拦篮阑兰澜谰揽览懒缆烂滥琅榔狼廊郎朗浪捞劳牢老佬姥酪烙涝勒乐雷镭蕾磊累儡垒擂肋类泪棱楞冷厘梨犁黎篱狸离漓理李里鲤礼莉荔吏栗丽厉励砾历利傈例俐痢立粒沥隶力璃哩俩莲镰廉怜涟帘敛脸链恋炼练粮凉梁粱良两辆量晾亮谅撩聊僚疗燎寥辽潦了撂镣廖料列裂烈劣猎琳林磷霖临邻鳞淋凛赁吝拎玲菱零龄铃伶羚凌灵陵岭领另令溜琉榴硫馏留刘瘤流柳六龙聋咙笼窿隆垄拢陇楼娄搂篓漏陋芦卢颅庐炉掳卤虏鲁麓碌露赂鹿潞禄陆戮驴吕铝侣旅履屡缕虑氯律率滤绿峦挛孪滦卵掠略抡轮伦仑沦纶论萝螺罗逻锣箩骡裸落洛骆妈麻玛蚂马骂嘛吗埋买麦卖迈脉瞒馒蛮满蔓曼慢漫谩芒茫盲氓忙莽猫茅锚毛矛铆卯茂冒帽貌贸么玫枚梅酶霉煤没眉媒镁每美昧寐妹媚门闷们萌蒙檬盟锰猛梦孟眯醚靡糜迷谜弥米秘觅泌蜜密幂棉眠绵冕免勉娩缅面苗描瞄藐秒渺庙妙蔑灭民抿皿敏悯闽明螟鸣铭名命谬摸摹蘑膜磨摩魔抹末莫墨默沫漠寞陌谋牟某拇牡亩姆母墓暮募慕木目睦牧穆拿哪呐钠那娜纳氖乃奶耐奈南男难囊挠脑恼闹淖呢馁嫩能妮霓倪泥尼你匿腻逆溺蔫拈年碾撵捻念娘酿鸟尿捏聂孽啮镊镍涅您柠狞凝宁拧泞牛扭钮纽脓浓农弄奴努怒女暖虐疟挪懦糯诺哦欧鸥殴藕呕偶沤啪趴爬帕怕琶排牌徘湃派攀潘盘磐盼畔判叛乓庞旁耪胖抛咆刨炮袍跑泡呸胚培裴赔陪佩沛喷盆砰抨烹澎彭蓬棚硼篷膨朋鹏捧碰坯砒霹批披劈琵毗啤脾疲皮匹痞僻屁譬篇偏片骗飘漂瓢票撇瞥拼频贫品聘乒坪苹萍平凭瓶评坡泼颇婆破魄迫粕剖扑铺仆莆葡菩蒲埔朴圃普浦谱曝瀑期欺栖戚妻七凄漆柒沏其棋奇歧畦崎脐齐旗祈祁骑起岂乞企启契砌器气迄弃汽泣讫掐恰洽牵扦钎铅千迁签仟谦乾黔钱钳前潜遣浅谴堑嵌欠歉枪呛腔羌墙蔷强抢橇锹敲悄桥瞧乔侨巧鞘撬翘峭俏窍切茄且怯窃钦侵亲秦琴勤芹擒禽寝沁青轻氢倾卿清擎晴氰情顷庆琼穷秋丘邱球囚酋泅趋区蛆曲躯屈渠取娶龋趣去圈颧醛泉全痊拳犬券劝缺炔瘸却鹊榷确雀裙群然燃冉瓤壤攘嚷让饶扰绕惹热壬仁人忍韧认刃妊纫扔仍日戎茸蓉荣融熔溶容绒冗揉柔肉茹蠕儒孺如辱乳汝入褥软阮蕊瑞锐闰润若弱撒洒萨腮鳃塞赛三叁伞散桑嗓丧搔骚扫嫂瑟色涩森僧莎砂杀刹沙纱傻啥煞筛晒珊苫杉山删煽衫闪陕擅赡膳善汕扇缮墒伤商赏晌上尚裳梢捎稍芍勺韶少哨邵绍奢赊蛇舌舍赦摄射慑涉社砷申呻伸身深娠绅神沈审婶甚肾慎渗声甥牲升绳省盛剩胜圣师失狮施湿诗尸虱十石拾什食蚀识史矢使屎驶始士世柿事拭誓逝势是嗜噬仕侍释饰氏市恃室视试手首守寿售受瘦兽蔬枢梳殊抒叔舒淑疏书赎孰熟薯暑曙署蜀黍鼠属术述树束戍竖墅庶漱恕耍摔衰甩帅栓拴霜双爽谁水睡税吮瞬顺舜说硕朔烁斯撕嘶思私司丝死肆寺嗣四伺似饲巳松耸怂颂宋讼诵搜艘擞嗽苏酥俗素速粟僳塑溯宿诉肃酸蒜算虽隋随绥髓碎岁穗遂隧祟孙损笋蓑梭唆琐索锁所塌他它她塔獭挞蹋踏胎苔抬台泰酞太汰坍摊贪瘫滩坛檀痰潭谭谈坦毯袒碳探叹炭汤塘搪堂棠膛唐糖倘躺淌趟烫掏涛滔绦萄桃逃淘陶讨套特藤腾疼誊梯剔踢锑提题蹄啼替嚏惕涕剃屉天添填田甜恬舔腆挑条迢眺跳贴铁帖厅听烃汀廷停亭庭挺艇通桐酮瞳同铜彤童桶捅筒痛偷投头透凸秃突图徒途涂屠土吐兔湍团推颓腿蜕褪退吞屯臀拖托脱鸵陀驮驼椭妥拓唾挖哇蛙洼娃瓦袜歪外豌弯湾玩顽丸烷完碗挽晚皖惋宛婉万腕汪王亡枉往旺望忘妄威巍微危韦违桅围唯惟为潍维苇萎委伟伪尾纬未蔚味畏胃喂魏渭谓尉慰卫瘟温蚊闻纹吻稳紊嗡翁瓮挝蜗涡窝我斡卧握沃巫呜钨乌污诬屋无芜梧吾吴毋武五捂午舞伍侮坞戊雾晤物勿悟昔熙析西硒矽晰嘻吸锡牺稀息希悉膝夕惜熄烯溪汐犀檄袭席习媳喜铣洗隙戏细瞎虾匣霞辖暇峡侠狭厦夏吓掀锨先仙鲜纤咸贤衔舷闲涎弦嫌险现献县腺馅羡宪陷限线相厢镶香箱襄湘乡翔祥详想享项巷橡像向象萧硝霄削哮嚣销消宵淆晓小孝校肖啸笑效楔些歇蝎鞋协挟携邪斜胁谐写械卸蟹懈泄泻谢屑薪芯锌欣辛忻心信衅星腥猩惺兴刑邢醒幸杏性姓兄凶胸匈汹雄熊休修羞朽嗅锈秀袖绣墟戌需嘘须徐许蓄酗叙旭序畜恤絮婿绪续轩喧宣悬旋玄选癣眩绚靴薛学穴雪血勋熏循旬询寻驯巡殉汛训讯逊迅押鸦鸭呀丫芽蚜崖衙涯雅哑亚讶焉咽阉烟淹盐严研蜒岩延言颜阎炎沿奄掩眼衍演艳堰燕厌砚雁唁彦焰宴谚殃央鸯秧杨扬佯疡羊洋阳氧仰痒养样漾邀腰妖瑶摇尧遥窑谣姚咬舀药要耀椰噎耶爷野冶也页掖业叶曳腋夜液一壹医揖铱依伊衣颐夷遗移仪胰疑沂宜姨彝椅蚁倚已乙矣以艺抑易邑屹亿役臆逸肄疫亦裔意毅忆义益溢诣议谊异翼翌绎茵荫殷音阴姻吟银淫寅饮尹引隐印樱婴鹰缨莹萤营荧蝇迎赢盈影颖硬映哟拥佣臃痈庸雍踊蛹咏泳涌永恿勇幽优悠忧尤邮铀犹油游酉有友右佑釉诱又幼迂淤于盂榆虞愚舆余俞逾鱼愉渝渔隅予娱雨与屿禹宇语羽玉域芋郁吁遇喻峪御愈欲狱育誉浴寓裕预豫驭鸳渊冤元垣袁援辕园员圆猿源缘远苑愿怨院曰约越跃钥岳粤月悦阅耘云郧匀陨允蕴酝晕韵孕匝砸杂栽哉灾宰再在咱攒暂赞赃脏葬遭糟凿藻枣早澡蚤躁噪造皂灶燥责择则泽贼怎增憎曾赠扎喳渣札轧铡闸眨栅榨咋乍炸诈摘斋宅窄债寨瞻毡詹粘沾盏斩辗崭展蘸战站湛绽樟章彰漳张掌涨杖丈帐账仗胀瘴障招昭找沼赵罩兆肇召遮折哲蛰辙者锗蔗这浙珍斟甄砧臻贞针侦枕疹诊震振镇阵蒸挣睁征狰争怔整拯正政帧症郑芝枝支吱蜘知肢脂汁之织职直植殖执值侄址指止趾只旨纸志挚掷至致帜峙制智秩稚质炙痔滞治窒盅忠钟衷终种肿重仲众舟周州洲诌粥轴肘帚咒皱宙昼骤珠株蛛朱猪诸诛逐竹烛煮拄瞩嘱主著柱助蛀贮铸筑住注祝驻抓爪拽专砖转撰赚篆桩庄装妆撞壮椎锥追赘坠缀谆准捉拙卓桌琢茁酌啄着灼浊兹咨资姿滋淄孜紫仔籽滓子自渍鬃棕踪宗综总纵邹走奏揍租足卒族祖诅阻组钻纂嘴醉最罪尊遵昨左佐柞做作坐座 --format lvgl --lv-include lvgl.h --lv-font-name display_font_fusion_12_zh --output /mnt/d/Users/sunqi39/Desktop/wireless_debug-main/main/display_font_fusion_12_zh.c
 ******************************************************************************/

#ifdef LV_LVGL_H_INCLUDE_SIMPLE
#include "lvgl.h"
#else
#include "lvgl.h"
#endif

#ifndef DISPLAY_FONT_FUSION_12_ZH
#define DISPLAY_FONT_FUSION_12_ZH 1
#endif

#if DISPLAY_FONT_FUSION_12_ZH

/*-----------------
 *    BITMAPS
 *----------------*/

/*Store the image of the glyphs*/
static LV_ATTRIBUTE_LARGE_CONST const uint8_t glyph_bitmap[] = {
    /* U+0020 " " */
    0x0,

    /* U+0021 "!" */
    0xfd,

    /* U+0022 "\"" */
    0xb6, 0x80,

    /* U+0023 "#" */
    0x52, 0xbe, 0xa5, 0x7d, 0x4a,

    /* U+0024 "$" */
    0x23, 0xab, 0x46, 0x18, 0xb5, 0x71, 0x0,

    /* U+0025 "%" */
    0x4d, 0x54, 0x42, 0x2a, 0xb2,

    /* U+0026 "&" */
    0x64, 0xa5, 0x44, 0xd6, 0x4d,

    /* U+0027 "'" */
    0xe0,

    /* U+0028 "(" */
    0x29, 0x49, 0x22, 0x44,

    /* U+0029 ")" */
    0x89, 0x12, 0x4a, 0x50,

    /* U+002A "*" */
    0x25, 0x5d, 0x52, 0x0,

    /* U+002B "+" */
    0x21, 0x3e, 0x42, 0x0,

    /* U+002C "," */
    0x58,

    /* U+002D "-" */
    0xf8,

    /* U+002E "." */
    0x80,

    /* U+002F "/" */
    0x8, 0x44, 0x22, 0x11, 0x8, 0x84, 0x0,

    /* U+0030 "0" */
    0x74, 0x67, 0x5a, 0xe6, 0x2e,

    /* U+0031 "1" */
    0x27, 0x8, 0x42, 0x10, 0x9f,

    /* U+0032 "2" */
    0x74, 0x42, 0x22, 0x22, 0x1f,

    /* U+0033 "3" */
    0x74, 0x42, 0x60, 0x86, 0x2e,

    /* U+0034 "4" */
    0x32, 0x95, 0x29, 0x7c, 0x42,

    /* U+0035 "5" */
    0xfc, 0x21, 0xe0, 0x86, 0x2e,

    /* U+0036 "6" */
    0x74, 0x61, 0xe8, 0xc6, 0x2e,

    /* U+0037 "7" */
    0xf8, 0x42, 0x21, 0x10, 0x84,

    /* U+0038 "8" */
    0x74, 0x62, 0xe8, 0xc6, 0x2e,

    /* U+0039 "9" */
    0x74, 0x63, 0x17, 0x86, 0x2e,

    /* U+003A ":" */
    0x84,

    /* U+003B ";" */
    0x40, 0x16,

    /* U+003C "<" */
    0x12, 0x48, 0x42, 0x10,

    /* U+003D "=" */
    0xf8, 0x3e,

    /* U+003E ">" */
    0x84, 0x21, 0x24, 0x80,

    /* U+003F "?" */
    0x74, 0x42, 0x22, 0x10, 0x4,

    /* U+0040 "@" */
    0x74, 0x67, 0x5a, 0xd6, 0xf0, 0x70,

    /* U+0041 "A" */
    0x21, 0x14, 0xa7, 0x46, 0x31,

    /* U+0042 "B" */
    0xf4, 0x63, 0xe8, 0xc6, 0x3e,

    /* U+0043 "C" */
    0x74, 0x61, 0x8, 0x42, 0x2e,

    /* U+0044 "D" */
    0xf4, 0x63, 0x18, 0xc6, 0x3e,

    /* U+0045 "E" */
    0xfc, 0x21, 0xe8, 0x42, 0x1f,

    /* U+0046 "F" */
    0xfc, 0x21, 0xe8, 0x42, 0x10,

    /* U+0047 "G" */
    0x74, 0x61, 0x9, 0xc6, 0x2f,

    /* U+0048 "H" */
    0x8c, 0x63, 0xf8, 0xc6, 0x31,

    /* U+0049 "I" */
    0xf9, 0x8, 0x42, 0x10, 0x9f,

    /* U+004A "J" */
    0x8, 0x42, 0x10, 0xc6, 0x2e,

    /* U+004B "K" */
    0x8c, 0xa9, 0x8c, 0x52, 0x51,

    /* U+004C "L" */
    0x84, 0x21, 0x8, 0x42, 0x1f,

    /* U+004D "M" */
    0x8c, 0x77, 0xba, 0xd6, 0x31,

    /* U+004E "N" */
    0x8e, 0x73, 0x5a, 0xce, 0x71,

    /* U+004F "O" */
    0x74, 0x63, 0x18, 0xc6, 0x2e,

    /* U+0050 "P" */
    0xf4, 0x63, 0x1f, 0x42, 0x10,

    /* U+0051 "Q" */
    0x74, 0x63, 0x18, 0xd6, 0x4d,

    /* U+0052 "R" */
    0xf4, 0x63, 0x1f, 0x4a, 0x31,

    /* U+0053 "S" */
    0x74, 0x60, 0xc1, 0x6, 0x2e,

    /* U+0054 "T" */
    0xf9, 0x8, 0x42, 0x10, 0x84,

    /* U+0055 "U" */
    0x8c, 0x63, 0x18, 0xc6, 0x2e,

    /* U+0056 "V" */
    0x8c, 0x62, 0xa5, 0x28, 0x84,

    /* U+0057 "W" */
    0xad, 0x6b, 0x5a, 0xa9, 0x4a,

    /* U+0058 "X" */
    0x8c, 0x54, 0x42, 0x2a, 0x31,

    /* U+0059 "Y" */
    0x8c, 0x54, 0xa2, 0x10, 0x84,

    /* U+005A "Z" */
    0xf8, 0x44, 0x42, 0x22, 0x1f,

    /* U+005B "[" */
    0xf2, 0x49, 0x24, 0x9c,

    /* U+005C "\\" */
    0x84, 0x10, 0x82, 0x10, 0x42, 0x8, 0x40,

    /* U+005D "]" */
    0xe4, 0x92, 0x49, 0x3c,

    /* U+005E "^" */
    0x22, 0xa2,

    /* U+005F "_" */
    0xf8,

    /* U+0060 "`" */
    0x90,

    /* U+0061 "a" */
    0x70, 0x5f, 0x18, 0xbc,

    /* U+0062 "b" */
    0x84, 0x3d, 0x18, 0xc6, 0x3e,

    /* U+0063 "c" */
    0x74, 0x61, 0x8, 0xb8,

    /* U+0064 "d" */
    0x8, 0x5f, 0x18, 0xc6, 0x2f,

    /* U+0065 "e" */
    0x74, 0x7f, 0x8, 0xb8,

    /* U+0066 "f" */
    0x19, 0x3e, 0x42, 0x10, 0x84,

    /* U+0067 "g" */
    0x7c, 0x63, 0x18, 0xbc, 0x2e,

    /* U+0068 "h" */
    0x84, 0x2d, 0x98, 0xc6, 0x31,

    /* U+0069 "i" */
    0x20, 0x38, 0x42, 0x10, 0x9f,

    /* U+006A "j" */
    0x10, 0xf1, 0x11, 0x11, 0x1e,

    /* U+006B "k" */
    0x84, 0x23, 0x6c, 0x52, 0x51,

    /* U+006C "l" */
    0xe1, 0x8, 0x42, 0x10, 0x83,

    /* U+006D "m" */
    0xd5, 0x6b, 0x5a, 0xd4,

    /* U+006E "n" */
    0xb6, 0x63, 0x18, 0xc4,

    /* U+006F "o" */
    0x74, 0x63, 0x18, 0xb8,

    /* U+0070 "p" */
    0xf4, 0x63, 0x18, 0xfa, 0x10,

    /* U+0071 "q" */
    0x7c, 0x63, 0x18, 0xbc, 0x21,

    /* U+0072 "r" */
    0xb6, 0x61, 0x8, 0x40,

    /* U+0073 "s" */
    0x74, 0x58, 0x28, 0xb8,

    /* U+0074 "t" */
    0x21, 0x3e, 0x42, 0x10, 0x83,

    /* U+0075 "u" */
    0x8c, 0x63, 0x19, 0xb4,

    /* U+0076 "v" */
    0x8c, 0x54, 0xa2, 0x10,

    /* U+0077 "w" */
    0xad, 0x6b, 0x55, 0x28,

    /* U+0078 "x" */
    0x8a, 0x88, 0x45, 0x44,

    /* U+0079 "y" */
    0x8c, 0x62, 0xa5, 0x10, 0x98,

    /* U+007A "z" */
    0xf8, 0x88, 0x88, 0x7c,

    /* U+007B "{" */
    0x34, 0x44, 0x84, 0x44, 0x43,

    /* U+007C "|" */
    0xff, 0xc0,

    /* U+007D "}" */
    0xc2, 0x22, 0x12, 0x22, 0x2c,

    /* U+007E "~" */
    0x45, 0x44,

    /* U+00B7 "·" */
    0xf0,

    /* U+2014 "—" */
    0xff, 0xe0,

    /* U+2018 "‘" */
    0x6f,

    /* U+2019 "’" */
    0xf6,

    /* U+201C "“" */
    0x4c, 0xb7, 0xb0,

    /* U+201D "”" */
    0xde, 0xd3, 0x20,

    /* U+2026 "…" */
    0xcc, 0xf3, 0x30,

    /* U+3001 "、" */
    0x8c, 0x80,

    /* U+3002 "。" */
    0x69, 0x96,

    /* U+300A "《" */
    0x24, 0x94, 0x92, 0x92, 0x49, 0x12, 0x48, 0x92,
    0x40,

    /* U+300B "》" */
    0x92, 0x44, 0x92, 0x24, 0x92, 0x52, 0x4a, 0x49,
    0x0,

    /* U+3010 "【" */
    0xff, 0xb9, 0xcc, 0x63, 0x1c, 0xe7, 0xbe,

    /* U+3011 "】" */
    0xfb, 0xce, 0x71, 0x8c, 0x67, 0x3b, 0xfe,

    /* U+4E00 "一" */
    0xff, 0xe0,

    /* U+4E01 "丁" */
    0xff, 0xe0, 0x80, 0x10, 0x2, 0x0, 0x40, 0x8,
    0x1, 0x0, 0x20, 0x4, 0x0, 0x80, 0x70, 0x0,

    /* U+4E03 "七" */
    0x8, 0x1, 0x0, 0x20, 0x4, 0x70, 0xf1, 0xf0,
    0x2, 0x0, 0x40, 0x8, 0x21, 0x4, 0x1f, 0x80,

    /* U+4E07 "万" */
    0xff, 0xe1, 0x0, 0x20, 0x4, 0x0, 0xfc, 0x10,
    0x82, 0x10, 0x82, 0x10, 0x44, 0xb, 0x6, 0x0,

    /* U+4E08 "丈" */
    0x1, 0x0, 0x23, 0xff, 0x80, 0x82, 0x10, 0x42,
    0x4, 0x80, 0x50, 0x4, 0x3, 0x63, 0x83, 0x80,

    /* U+4E09 "三" */
    0x7f, 0xc0, 0x0, 0x0, 0x0, 0x0, 0x0, 0x7f,
    0x0, 0x0, 0x0, 0x0, 0x0, 0x3, 0xff, 0x80,

    /* U+4E0A "上" */
    0x4, 0x0, 0x80, 0x10, 0x2, 0x0, 0x7c, 0x8,
    0x1, 0x0, 0x20, 0x4, 0x0, 0x83, 0xff, 0x80,

    /* U+4E0B "下" */
    0xff, 0xe0, 0x80, 0x10, 0x2, 0x0, 0x50, 0x9,
    0x1, 0x10, 0x20, 0x4, 0x0, 0x80, 0x10, 0x0,

    /* U+4E0D "不" */
    0xff, 0xe0, 0x40, 0x10, 0x6, 0x1, 0x50, 0x49,
    0x31, 0x10, 0x21, 0x4, 0x0, 0x80, 0x10, 0x0,

    /* U+4E0E "与" */
    0x10, 0x3, 0xfc, 0x40, 0x10, 0x3, 0xfe, 0x0,
    0x40, 0xf, 0xf9, 0x0, 0x20, 0x4, 0x7, 0x0,

    /* U+4E11 "丑" */
    0x7f, 0x81, 0x10, 0x22, 0x4, 0x40, 0x88, 0xff,
    0x4, 0x20, 0x84, 0x10, 0x82, 0x13, 0xff, 0x80,

    /* U+4E13 "专" */
    0x4, 0xf, 0xf8, 0x20, 0x4, 0xf, 0xfe, 0x20,
    0xf, 0xf0, 0x4, 0x19, 0x0, 0xc0, 0x6, 0x0,

    /* U+4E14 "且" */
    0x3f, 0x84, 0x10, 0x82, 0x1f, 0xc2, 0x8, 0x41,
    0xf, 0xe1, 0x4, 0x20, 0x84, 0x13, 0xff, 0x80,

    /* U+4E16 "世" */
    0x24, 0x84, 0x90, 0x92, 0x7f, 0xf2, 0x48, 0x49,
    0x9, 0x21, 0x3c, 0x20, 0x4, 0x0, 0xff, 0x80,

    /* U+4E18 "丘" */
    0x1, 0x87, 0xc0, 0x80, 0x10, 0x3, 0xfc, 0x42,
    0x8, 0x41, 0x8, 0x21, 0x4, 0x23, 0xff, 0x80,

    /* U+4E19 "丙" */
    0xff, 0xe0, 0x80, 0x10, 0x7f, 0xf8, 0x43, 0x14,
    0x64, 0x4d, 0x5, 0x80, 0x30, 0x6, 0x3, 0x80,

    /* U+4E1A "业" */
    0x11, 0x2, 0x20, 0x44, 0x48, 0x99, 0x12, 0xa2,
    0x94, 0x50, 0x88, 0x11, 0x2, 0x23, 0xff, 0x80,

    /* U+4E1B "丛" */
    0x11, 0x2, 0x20, 0x44, 0x8, 0x82, 0xa8, 0x55,
    0x11, 0x12, 0x22, 0x88, 0x20, 0x3, 0xff, 0x80,

    /* U+4E1C "东" */
    0x8, 0x1f, 0xfc, 0x40, 0x12, 0x4, 0x40, 0xff,
    0x81, 0x1, 0x24, 0x44, 0x50, 0x84, 0x70, 0x0,

    /* U+4E1D "丝" */
    0x10, 0x42, 0x8, 0x82, 0x10, 0x44, 0x93, 0xe7,
    0x88, 0x22, 0x8, 0xfb, 0xe0, 0x3, 0xff, 0x80,

    /* U+4E22 "丢" */
    0x3, 0xcf, 0x80, 0x10, 0x3f, 0xe0, 0x40, 0x8,
    0x3f, 0xf8, 0x40, 0x11, 0x4, 0x11, 0xfd, 0x0,

    /* U+4E24 "两" */
    0xff, 0xe2, 0x20, 0x44, 0x7f, 0xf9, 0x13, 0x22,
    0x6a, 0xae, 0x23, 0x80, 0x30, 0x6, 0x3, 0x80,

    /* U+4E25 "严" */
    0x7f, 0xe1, 0x21, 0x24, 0x94, 0xa0, 0x90, 0xff,
    0xd0, 0x2, 0x0, 0x40, 0x8, 0x2, 0x0, 0x0,

    /* U+4E27 "丧" */
    0x4, 0xf, 0xf8, 0x10, 0x12, 0x41, 0x51, 0xff,
    0xc9, 0x1, 0x11, 0x21, 0x45, 0x90, 0xc1, 0x80,

    /* U+4E2A "个" */
    0x4, 0x1, 0x40, 0x44, 0x10, 0x4c, 0x46, 0x8,
    0x1, 0x0, 0x20, 0x4, 0x0, 0x80, 0x10, 0x0,

    /* U+4E2B "丫" */
    0x80, 0xa0, 0x88, 0x82, 0x80, 0x80, 0x40, 0x20,
    0x10, 0x8, 0x4, 0x2, 0x0,

    /* U+4E2D "中" */
    0x4, 0x0, 0x83, 0xff, 0xc2, 0x18, 0x43, 0x8,
    0x7f, 0xf8, 0x20, 0x4, 0x0, 0x80, 0x10, 0x0,

    /* U+4E30 "丰" */
    0x4, 0x0, 0x83, 0xff, 0x82, 0x0, 0x40, 0xff,
    0x81, 0x0, 0x20, 0xff, 0xe0, 0x80, 0x10, 0x0,

    /* U+4E32 "串" */
    0x4, 0xf, 0xf9, 0x11, 0x22, 0x27, 0xfc, 0x8,
    0x3f, 0xfc, 0x21, 0x84, 0x3f, 0xfc, 0x10, 0x0,

    /* U+4E34 "临" */
    0x22, 0x4, 0x42, 0x8f, 0xd2, 0x8a, 0x89, 0x40,
    0x2b, 0xfd, 0x49, 0xa9, 0x25, 0x24, 0xbf, 0x80,

    /* U+4E38 "丸" */
    0x10, 0x2, 0x3, 0xfc, 0x8, 0x85, 0x10, 0x62,
    0x4, 0x41, 0x48, 0x25, 0x28, 0x26, 0x7, 0x80,

    /* U+4E39 "丹" */
    0x3f, 0xc4, 0x8, 0x91, 0x11, 0x22, 0x5, 0xff,
    0xc8, 0x11, 0x2, 0x40, 0x48, 0xa, 0x7, 0x0,

    /* U+4E3A "为" */
    0x44, 0x4, 0x80, 0x10, 0x7f, 0xf0, 0x42, 0xa,
    0x42, 0x28, 0x45, 0x10, 0x24, 0x7, 0x3, 0x0,

    /* U+4E3B "主" */
    0x8, 0x0, 0x83, 0xff, 0x82, 0x0, 0x40, 0x8,
    0x1f, 0xf0, 0x20, 0x4, 0x0, 0x83, 0xff, 0x80,

    /* U+4E3D "丽" */
    0xff, 0xe0, 0x3, 0xef, 0xc5, 0x18, 0xa3, 0x96,
    0x6a, 0xac, 0x51, 0x8a, 0x31, 0x46, 0x69, 0x80,

    /* U+4E3E "举" */
    0x48, 0x44, 0x93, 0xff, 0x88, 0x82, 0x49, 0x88,
    0xcf, 0xe0, 0x20, 0x7f, 0xc0, 0x80, 0x10, 0x0,

    /* U+4E43 "乃" */
    0x7f, 0x82, 0x10, 0x42, 0x8, 0x81, 0x1e, 0x20,
    0x44, 0x9, 0x1, 0x20, 0x28, 0x6, 0x7, 0x0,

    /* U+4E45 "久" */
    0x10, 0x2, 0x0, 0x7c, 0x10, 0x84, 0x11, 0x4,
    0x1, 0x0, 0x50, 0x11, 0x4, 0x13, 0x1, 0x80,

    /* U+4E48 "么" */
    0x8, 0x1, 0x0, 0x44, 0x8, 0x82, 0x20, 0x84,
    0x21, 0x0, 0x42, 0x10, 0x44, 0x35, 0xf8, 0x80,

    /* U+4E49 "义" */
    0x8, 0x8, 0x89, 0x11, 0x10, 0x42, 0x8, 0x22,
    0x2, 0x80, 0x20, 0xa, 0x6, 0x33, 0x1, 0x80,

    /* U+4E4B "之" */
    0x8, 0x0, 0x83, 0xff, 0x0, 0x40, 0x10, 0x4,
    0x1, 0x0, 0x40, 0x30, 0x9, 0x82, 0xf, 0x80,

    /* U+4E4C "乌" */
    0x8, 0x7, 0xf0, 0x82, 0x10, 0x42, 0x18, 0x40,
    0xf, 0xf8, 0x1, 0xff, 0x20, 0x4, 0x7, 0x0,

    /* U+4E4D "乍" */
    0x20, 0x4, 0x0, 0xff, 0xa4, 0x8, 0x80, 0x1f,
    0x82, 0x0, 0x40, 0xf, 0xc1, 0x0, 0x20, 0x0,

    /* U+4E4E "乎" */
    0x3, 0xcf, 0x80, 0x10, 0x22, 0x22, 0x48, 0x8,
    0x3f, 0xf8, 0x20, 0x4, 0x0, 0x80, 0x70, 0x0,

    /* U+4E4F "乏" */
    0x1, 0xdf, 0xc0, 0x20, 0x2, 0xf, 0xfc, 0x1,
    0x0, 0x40, 0x30, 0x18, 0xc, 0x2, 0x7f, 0x80,

    /* U+4E50 "乐" */
    0x1, 0xcf, 0xc1, 0x0, 0x22, 0x8, 0x41, 0xff,
    0xc1, 0x1, 0x24, 0x44, 0x50, 0x84, 0x70, 0x0,

    /* U+4E52 "乒" */
    0x1, 0x87, 0xc0, 0x80, 0x1f, 0xe2, 0x10, 0x42,
    0x8, 0x47, 0xff, 0x0, 0x4, 0x3, 0x0, 0x0,

    /* U+4E53 "乓" */
    0x1, 0x87, 0xc0, 0x80, 0x1f, 0xe2, 0x10, 0x42,
    0x8, 0x47, 0xff, 0x0, 0x0, 0x10, 0x1, 0x80,

    /* U+4E54 "乔" */
    0x3, 0xcf, 0x80, 0x20, 0x7f, 0xf1, 0x10, 0x41,
    0x34, 0x58, 0x88, 0x11, 0x4, 0x21, 0x4, 0x0,

    /* U+4E56 "乖" */
    0x3, 0xcf, 0x80, 0x10, 0x7f, 0xf0, 0x40, 0x2a,
    0x7d, 0x70, 0xa8, 0x35, 0x3a, 0x9c, 0x10, 0x0,

    /* U+4E58 "乘" */
    0x3, 0xcf, 0x80, 0x10, 0x7f, 0xf1, 0x55, 0xeb,
    0x5, 0x4f, 0xa7, 0xe, 0x6, 0xb3, 0x11, 0x80,

    /* U+4E59 "乙" */
    0xff, 0x80, 0x20, 0x8, 0x2, 0x0, 0x80, 0x20,
    0x8, 0x2, 0x0, 0x80, 0x30, 0x5, 0xff, 0x80,

    /* U+4E5D "九" */
    0x10, 0x2, 0x0, 0x40, 0x7f, 0x81, 0x10, 0x22,
    0x4, 0x41, 0x8, 0x21, 0x28, 0x26, 0x7, 0x80,

    /* U+4E5E "乞" */
    0x20, 0x7, 0xf9, 0x0, 0x40, 0x7, 0xf8, 0x2,
    0x1, 0x80, 0xc0, 0x20, 0x8, 0x4, 0xff, 0x80,

    /* U+4E5F "也" */
    0x4, 0x4, 0x80, 0x93, 0x13, 0xa3, 0xc5, 0xc8,
    0x89, 0x31, 0x20, 0x20, 0x24, 0x4, 0x7f, 0x80,

    /* U+4E60 "习" */
    0xff, 0xc0, 0x12, 0x4, 0x41, 0x8, 0x40, 0x10,
    0x34, 0x31, 0x30, 0x70, 0x10, 0x18,

    /* U+4E61 "乡" */
    0x4, 0x1, 0x0, 0x44, 0x1f, 0x0, 0x40, 0x10,
    0x4f, 0xf0, 0x4, 0x1, 0x0, 0xc3, 0xe0, 0x0,

    /* U+4E66 "书" */
    0x8, 0x81, 0x9, 0xfe, 0x4, 0x40, 0x89, 0xff,
    0xc2, 0x8, 0x41, 0x8, 0x21, 0x18, 0x20, 0x0,

    /* U+4E70 "买" */
    0xff, 0xe0, 0x4, 0x89, 0x9, 0x4, 0x20, 0x44,
    0x3f, 0xf8, 0x20, 0x9, 0x6, 0x13, 0x1, 0x80,

    /* U+4E71 "乱" */
    0xd, 0xe, 0x20, 0x44, 0x8, 0x8f, 0xd0, 0x22,
    0x4, 0x43, 0xe8, 0x45, 0x28, 0xa5, 0xf3, 0x80,

    /* U+4E73 "乳" */
    0xd, 0x1e, 0x22, 0x8c, 0x2a, 0x8f, 0xd0, 0x12,
    0x4, 0x40, 0xe8, 0xf1, 0x22, 0x25, 0xc3, 0x80,

    /* U+4E7E "乾" */
    0x22, 0x1f, 0x7c, 0x88, 0x7e, 0x8, 0xbd, 0xf0,
    0xa2, 0x27, 0xc8, 0x22, 0x1f, 0x44, 0x87, 0x80,

    /* U+4E86 "了" */
    0xff, 0x80, 0x40, 0x40, 0x40, 0x40, 0x20, 0x10,
    0x8, 0x4, 0x2, 0x7, 0x0,

    /* U+4E88 "予" */
    0x7f, 0xc0, 0x10, 0x64, 0x3, 0xf, 0xfe, 0x8,
    0x41, 0x10, 0x24, 0x4, 0x0, 0x80, 0x70, 0x0,

    /* U+4E89 "争" */
    0x20, 0x7, 0xe1, 0x4, 0x3f, 0xe0, 0x45, 0xff,
    0xc1, 0x13, 0xfe, 0x4, 0x0, 0x80, 0x70, 0x0,

    /* U+4E8B "事" */
    0x4, 0x1f, 0xfc, 0x92, 0x12, 0x47, 0xfc, 0x8,
    0xbf, 0xf8, 0x22, 0x7f, 0xc0, 0x80, 0x70, 0x0,

    /* U+4E8C "二" */
    0x7f, 0xc0, 0x0, 0x0, 0x0, 0x0, 0x0, 0x0,
    0x0, 0x0, 0x0, 0xff, 0xe0,

    /* U+4E8E "于" */
    0x7f, 0xc0, 0x80, 0x10, 0x2, 0x0, 0x41, 0xff,
    0xc1, 0x0, 0x20, 0x4, 0x0, 0x80, 0x70, 0x0,

    /* U+4E8F "亏" */
    0x7f, 0xc0, 0x0, 0x0, 0x7f, 0xf1, 0x0, 0x40,
    0xf, 0xf0, 0x2, 0x0, 0x40, 0x8, 0xe, 0x0,

    /* U+4E91 "云" */
    0x7f, 0xc0, 0x0, 0x0, 0x0, 0xf, 0xfe, 0x10,
    0x2, 0x0, 0x84, 0x10, 0x84, 0x69, 0xf1, 0x0,

    /* U+4E92 "互" */
    0xff, 0xe2, 0x0, 0x40, 0xf, 0xe2, 0x4, 0x41,
    0x10, 0x23, 0xf8, 0x1, 0x0, 0x23, 0xff, 0x80,

    /* U+4E94 "五" */
    0x7f, 0xc1, 0x0, 0x20, 0x4, 0x7, 0xf8, 0x21,
    0x4, 0x20, 0x84, 0x20, 0x84, 0x13, 0xff, 0x80,

    /* U+4E95 "井" */
    0x11, 0x2, 0x23, 0xff, 0x88, 0x81, 0x10, 0x22,
    0x3f, 0xf8, 0x88, 0x11, 0x4, 0x23, 0x4, 0x0,

    /* U+4E9A "亚" */
    0xff, 0xe2, 0x20, 0x44, 0x8, 0x89, 0x13, 0x22,
    0x54, 0x52, 0x8a, 0x11, 0x2, 0x23, 0xff, 0x80,

    /* U+4E9B "些" */
    0x11, 0xa, 0x25, 0x75, 0x28, 0xc5, 0x12, 0xba,
    0x78, 0x38, 0x0, 0x3f, 0x80, 0x3, 0xff, 0x80,

    /* U+4EA1 "亡" */
    0x8, 0x0, 0x83, 0xff, 0x90, 0x2, 0x0, 0x40,
    0x8, 0x1, 0x0, 0x20, 0x4, 0x0, 0xff, 0x0,

    /* U+4EA2 "亢" */
    0x8, 0x0, 0x83, 0xff, 0x80, 0x1, 0xf0, 0x22,
    0x4, 0x40, 0x88, 0x11, 0x24, 0x27, 0x7, 0x80,

    /* U+4EA4 "交" */
    0x4, 0x1f, 0xfc, 0x0, 0x8, 0x82, 0x9, 0xa2,
    0xc2, 0x80, 0x20, 0xa, 0x6, 0x33, 0x1, 0x80,

    /* U+4EA5 "亥" */
    0x4, 0x1f, 0xfc, 0x40, 0x10, 0x87, 0xe0, 0x8,
    0x86, 0x27, 0x8, 0x6, 0x3, 0x33, 0x81, 0x80,

    /* U+4EA6 "亦" */
    0x8, 0x0, 0x83, 0xff, 0x88, 0x81, 0x10, 0xa2,
    0x94, 0x4c, 0x89, 0x21, 0x4, 0x21, 0x1c, 0x0,

    /* U+4EA7 "产" */
    0x2, 0xf, 0xfc, 0x41, 0x4, 0x47, 0xfe, 0x80,
    0x10, 0x2, 0x0, 0x40, 0x8, 0x2, 0x0, 0x0,

    /* U+4EA8 "亨" */
    0x4, 0x1f, 0xfc, 0x82, 0x10, 0x43, 0xf8, 0x0,
    0x1f, 0xe0, 0x8, 0x6, 0x0, 0x80, 0x70, 0x0,

    /* U+4EA9 "亩" */
    0x8, 0x0, 0x83, 0xff, 0x80, 0x7, 0xfc, 0x88,
    0x91, 0x13, 0xfe, 0x44, 0x48, 0x89, 0xff, 0x0,

    /* U+4EAB "享" */
    0x4, 0x1f, 0xfc, 0x82, 0x1f, 0xc0, 0x0, 0xff,
    0x0, 0x40, 0x30, 0xff, 0xe0, 0x80, 0x70, 0x0,

    /* U+4EAC "京" */
    0x4, 0x1f, 0xfc, 0x0, 0x3f, 0xe4, 0x4, 0x80,
    0x9f, 0xf0, 0x20, 0x24, 0x98, 0x8c, 0x70, 0x0,

    /* U+4EAD "亭" */
    0x4, 0x1f, 0xfc, 0x82, 0x1f, 0xc0, 0x1, 0xff,
    0xe0, 0xd, 0xfd, 0x4, 0x0, 0x80, 0x70, 0x0,

    /* U+4EAE "亮" */
    0x4, 0x1f, 0xfc, 0x82, 0x1f, 0xc0, 0x1, 0xff,
    0xe0, 0x8, 0xf8, 0x11, 0x4, 0x27, 0x7, 0x80,

    /* U+4EB2 "亲" */
    0x4, 0xf, 0xf8, 0x82, 0x8, 0x8f, 0xfe, 0x8,
    0x3f, 0xf8, 0x20, 0x24, 0x98, 0x8c, 0x30, 0x0,

    /* U+4EBA "人" */
    0x4, 0x0, 0x80, 0x10, 0x2, 0x0, 0xa0, 0x14,
    0x4, 0x40, 0x88, 0x20, 0x88, 0xa, 0x0, 0x80,

    /* U+4EBF "亿" */
    0x2f, 0xc4, 0x9, 0x2, 0x20, 0x8c, 0x20, 0x84,
    0x11, 0x2, 0x20, 0x48, 0x29, 0x5, 0x1f, 0x80,

    /* U+4EC0 "什" */
    0x11, 0x2, 0x20, 0x84, 0x10, 0x86, 0xff, 0x42,
    0x8, 0x41, 0x8, 0x21, 0x4, 0x20, 0x84, 0x0,

    /* U+4EC1 "仁" */
    0x20, 0x5, 0xf9, 0x0, 0x20, 0xc, 0x0, 0x80,
    0x10, 0x2, 0x0, 0x40, 0xb, 0xfd, 0x0, 0x0,

    /* U+4EC5 "仅" */
    0x2f, 0xe5, 0x5, 0x20, 0xa4, 0x1c, 0x44, 0x88,
    0x91, 0x12, 0x14, 0x41, 0x8, 0x51, 0x31, 0x80,

    /* U+4EC6 "仆" */
    0x11, 0x2, 0x20, 0x84, 0x10, 0x86, 0x19, 0x42,
    0x88, 0x49, 0x8, 0x21, 0x4, 0x20, 0x84, 0x0,

    /* U+4EC7 "仇" */
    0x24, 0x4, 0x81, 0x10, 0x2f, 0xcc, 0x48, 0x89,
    0x11, 0x22, 0x24, 0x48, 0xa9, 0x15, 0x43, 0x80,

    /* U+4ECA "今" */
    0x4, 0x1, 0x40, 0xc6, 0x60, 0x30, 0x40, 0x4,
    0x1f, 0xf0, 0x4, 0x1, 0x0, 0x40, 0x10, 0x0,

    /* U+4ECB "介" */
    0x4, 0x1, 0x40, 0x44, 0x10, 0x4d, 0x16, 0x22,
    0x4, 0x40, 0x88, 0x21, 0x4, 0x21, 0x4, 0x0,

    /* U+4ECD "仍" */
    0x2f, 0xc4, 0x89, 0x11, 0x22, 0x4c, 0x4e, 0x88,
    0x51, 0xa, 0x21, 0x48, 0x29, 0x5, 0x43, 0x0,

    /* U+4ECE "从" */
    0x11, 0x2, 0x20, 0x44, 0x8, 0x81, 0x10, 0x55,
    0xa, 0xa1, 0x54, 0x44, 0x48, 0x8a, 0x20, 0x80,

    /* U+4ED1 "仑" */
    0x4, 0x1, 0x40, 0xc6, 0x60, 0x32, 0x0, 0x41,
    0x8, 0xc1, 0xe0, 0x20, 0x44, 0x8, 0x7f, 0x0,

    /* U+4ED3 "仓" */
    0x4, 0x1, 0x40, 0xc6, 0x60, 0x33, 0xf8, 0x41,
    0x8, 0x21, 0x1c, 0x20, 0x4, 0x4, 0x7f, 0x80,

    /* U+4ED4 "仔" */
    0x2f, 0xc4, 0x9, 0x2, 0x20, 0x8c, 0x10, 0x9f,
    0xd0, 0x42, 0x8, 0x41, 0x8, 0x21, 0x1c, 0x0,

    /* U+4ED5 "仕" */
    0x21, 0x4, 0x21, 0x4, 0x20, 0x8d, 0xfe, 0x82,
    0x10, 0x42, 0x8, 0x41, 0x8, 0x21, 0x3f, 0x0,

    /* U+4ED6 "他" */
    0x21, 0x5, 0x21, 0x25, 0xa5, 0xdd, 0xd2, 0x92,
    0x52, 0x5a, 0x48, 0x48, 0x29, 0x5, 0x1f, 0x80,

    /* U+4ED7 "仗" */
    0x20, 0x84, 0x11, 0x7f, 0xa0, 0x4c, 0x88, 0x91,
    0x11, 0x42, 0x28, 0x42, 0x8, 0xa1, 0x63, 0x80,

    /* U+4ED8 "付" */
    0x20, 0x84, 0x11, 0x3f, 0xa0, 0x4c, 0x8, 0x91,
    0x11, 0x22, 0x24, 0x40, 0x88, 0x11, 0xe, 0x0,

    /* U+4ED9 "仙" */
    0x21, 0x4, 0x21, 0x4, 0x24, 0x9c, 0x92, 0x92,
    0x52, 0x4a, 0x49, 0x49, 0x29, 0x25, 0x3f, 0x80,

    /* U+4EDF "仟" */
    0x10, 0xc2, 0xe0, 0x84, 0x10, 0x86, 0x11, 0x5f,
    0xc8, 0x41, 0x8, 0x21, 0x4, 0x20, 0x84, 0x0,

    /* U+4EE3 "代" */
    0x22, 0x84, 0x49, 0x8, 0x21, 0xfd, 0xe0, 0x84,
    0x10, 0x82, 0x8, 0x41, 0x28, 0x15, 0x1, 0x80,

    /* U+4EE4 "令" */
    0x4, 0x1, 0x40, 0xc6, 0x60, 0x30, 0x40, 0x4,
    0x1f, 0xf0, 0x4, 0x19, 0x0, 0xc0, 0x6, 0x0,

    /* U+4EE5 "以" */
    0x1, 0x24, 0x48, 0x92, 0x24, 0x81, 0x20, 0x49,
    0x22, 0x88, 0xc5, 0x22, 0x23, 0x4,

    /* U+4EEA "仪" */
    0x22, 0x5, 0x25, 0x24, 0xa4, 0x1c, 0x44, 0x88,
    0x91, 0x12, 0x14, 0x41, 0x8, 0x51, 0x31, 0x80,

    /* U+4EEC "们" */
    0x29, 0xe4, 0x85, 0x0, 0xa4, 0x1c, 0x82, 0x90,
    0x52, 0xa, 0x41, 0x48, 0x29, 0x5, 0x23, 0x80,

    /* U+4EF0 "仰" */
    0x24, 0x7, 0x3d, 0x44, 0xa8, 0x9d, 0x12, 0xa2,
    0x54, 0x4a, 0xa9, 0x59, 0x68, 0x21, 0x4, 0x0,

    /* U+4EF2 "仲" */
    0x21, 0x4, 0x21, 0x3f, 0xa4, 0x9c, 0x92, 0x92,
    0x53, 0xfa, 0x8, 0x41, 0x8, 0x21, 0x4, 0x0,

    /* U+4EF6 "件" */
    0x29, 0x5, 0x21, 0x3f, 0xa8, 0x8c, 0x10, 0x82,
    0x17, 0xfa, 0x8, 0x41, 0x8, 0x21, 0x4, 0x0,

    /* U+4EF7 "价" */
    0x21, 0x4, 0x51, 0x11, 0x2c, 0x1c, 0x44, 0x88,
    0x91, 0x12, 0x22, 0x44, 0x48, 0x89, 0x21, 0x0,

    /* U+4EFB "任" */
    0x20, 0xc5, 0xe1, 0x4, 0x20, 0x8c, 0x10, 0xbf,
    0xd0, 0x42, 0x8, 0x41, 0x8, 0x21, 0x3f, 0x0,

    /* U+4EFD "份" */
    0x24, 0x84, 0x91, 0x21, 0x24, 0x2d, 0x2, 0x9f,
    0x91, 0x12, 0x22, 0x48, 0x49, 0x9, 0x46, 0x0,

    /* U+4EFF "仿" */
    0x22, 0x4, 0x21, 0x7f, 0xa2, 0xc, 0x40, 0x8f,
    0x91, 0x12, 0x22, 0x48, 0x49, 0x9, 0x46, 0x0,

    /* U+4F01 "企" */
    0x4, 0x1, 0x40, 0xc6, 0x60, 0x30, 0x40, 0x48,
    0x9, 0xf1, 0x20, 0x24, 0x4, 0x83, 0xff, 0x80,

    /* U+4F0A "伊" */
    0x2f, 0xc4, 0x49, 0x9, 0x2f, 0xfc, 0x24, 0x84,
    0x93, 0xf2, 0x10, 0x42, 0x8, 0x81, 0x60, 0x0,

    /* U+4F0D "伍" */
    0x2f, 0xc4, 0x41, 0x8, 0x21, 0xc, 0xfc, 0x84,
    0x90, 0x92, 0x22, 0x44, 0x48, 0x89, 0x7f, 0x80,

    /* U+4F0E "伎" */
    0x21, 0x4, 0x21, 0x7f, 0xa0, 0x8c, 0x10, 0x9f,
    0x92, 0x12, 0x42, 0x44, 0x88, 0x61, 0x73, 0x80,

    /* U+4F0F "伏" */
    0x11, 0x42, 0x24, 0x84, 0x17, 0xf6, 0x11, 0x45,
    0x8, 0xa1, 0x14, 0x24, 0x44, 0x88, 0xa0, 0x80,

    /* U+4F10 "伐" */
    0x22, 0x84, 0x49, 0x8, 0x21, 0xfd, 0xe0, 0x84,
    0x90, 0xa2, 0x8, 0x41, 0x28, 0xd5, 0x61, 0x80,

    /* U+4F11 "休" */
    0x22, 0x4, 0x41, 0x7f, 0xa1, 0xc, 0x70, 0x8e,
    0x12, 0xa2, 0x54, 0x52, 0x4c, 0x45, 0x8, 0x0,

    /* U+4F17 "众" */
    0x4, 0x1, 0x40, 0xc6, 0x60, 0x31, 0x10, 0x22,
    0x4, 0x41, 0x54, 0x2a, 0x88, 0x8a, 0x20, 0x80,

    /* U+4F18 "优" */
    0x22, 0x84, 0x49, 0x8, 0x2f, 0xfc, 0x20, 0x8a,
    0x11, 0x42, 0x28, 0x49, 0x29, 0x25, 0x47, 0x80,

    /* U+4F19 "伙" */
    0x21, 0x4, 0x21, 0x24, 0xa4, 0x9d, 0x14, 0x82,
    0x10, 0x42, 0x14, 0x42, 0x88, 0x89, 0x60, 0x80,

    /* U+4F1A "会" */
    0x4, 0x1, 0x40, 0xc6, 0x60, 0x33, 0xf8, 0x0,
    0x0, 0x7, 0xff, 0x10, 0x4, 0x11, 0xfd, 0x0,

    /* U+4F1E "伞" */
    0x4, 0x1, 0x40, 0xc6, 0x62, 0x30, 0x40, 0x49,
    0x5, 0x47, 0xff, 0x4, 0x0, 0x80, 0x10, 0x0,

    /* U+4F1F "伟" */
    0x22, 0x4, 0x41, 0x7f, 0xa1, 0xc, 0xfc, 0x84,
    0x17, 0xfa, 0x11, 0x42, 0x28, 0x59, 0x8, 0x0,

    /* U+4F20 "传" */
    0x21, 0x5, 0xf9, 0x8, 0x21, 0xd, 0xfe, 0x88,
    0x13, 0xf2, 0x2, 0x44, 0x88, 0x61, 0x2, 0x0,

    /* U+4F24 "伤" */
    0x24, 0x4, 0xfd, 0x20, 0x29, 0xc, 0x20, 0x9f,
    0xd0, 0x8a, 0x11, 0x44, 0x28, 0x85, 0x23, 0x0,

    /* U+4F26 "伦" */
    0x21, 0x4, 0x51, 0x11, 0x2c, 0x1c, 0x40, 0x88,
    0x91, 0x22, 0x38, 0x44, 0x28, 0x85, 0xf, 0x80,

    /* U+4F2A "伪" */
    0x29, 0x4, 0xa1, 0x4, 0x2f, 0xfc, 0x22, 0x86,
    0x50, 0xaa, 0x25, 0x44, 0x29, 0x5, 0x43, 0x0,

    /* U+4F2F "伯" */
    0x21, 0x4, 0x41, 0x3f, 0xa4, 0x1c, 0x82, 0x90,
    0x53, 0xfa, 0x41, 0x48, 0x29, 0x5, 0x3f, 0x80,

    /* U+4F30 "估" */
    0x21, 0x4, 0x21, 0x7f, 0xa0, 0x8c, 0x10, 0x82,
    0x13, 0xf2, 0x42, 0x48, 0x49, 0x9, 0x3f, 0x0,

    /* U+4F34 "伴" */
    0x21, 0x5, 0x25, 0x15, 0x20, 0x8c, 0xfe, 0x82,
    0x10, 0x42, 0xff, 0x41, 0x8, 0x21, 0x4, 0x0,

    /* U+4F36 "伶" */
    0x21, 0x4, 0x51, 0x11, 0x2c, 0x1c, 0x10, 0x81,
    0x13, 0xfa, 0x2, 0x44, 0x88, 0x61, 0x3, 0x0,

    /* U+4F38 "伸" */
    0x21, 0x4, 0x21, 0x3f, 0xa4, 0x9c, 0x92, 0x9f,
    0xd2, 0x4a, 0x49, 0x4f, 0xe8, 0x21, 0x4, 0x0,

    /* U+4F3A "伺" */
    0x2f, 0xe4, 0x5, 0x3e, 0xa0, 0x1c, 0xfa, 0x91,
    0x52, 0x2a, 0x45, 0x4f, 0xa8, 0x5, 0x3, 0x80,

    /* U+4F3C "似" */
    0x22, 0x45, 0x29, 0x25, 0x24, 0x2c, 0x84, 0x91,
    0x12, 0xa2, 0x6a, 0x49, 0x48, 0x45, 0x10, 0x80,

    /* U+4F43 "佃" */
    0x2f, 0xe5, 0x25, 0x24, 0xa4, 0x9c, 0x92, 0x9f,
    0xd2, 0x4a, 0x49, 0x49, 0x29, 0x25, 0x3f, 0x80,

    /* U+4F46 "但" */
    0x2f, 0xc5, 0x9, 0x21, 0x24, 0x2c, 0xfc, 0x90,
    0x92, 0x12, 0x42, 0x4f, 0xc8, 0x1, 0x7f, 0x80,

    /* U+4F4D "位" */
    0x22, 0x4, 0x21, 0x7f, 0xa0, 0xc, 0x84, 0x90,
    0x91, 0x12, 0x24, 0x44, 0x88, 0x21, 0x7f, 0x80,

    /* U+4F4E "低" */
    0x20, 0xc5, 0xe1, 0x24, 0x24, 0x8c, 0x90, 0x9f,
    0xd2, 0x42, 0x44, 0x48, 0xa9, 0x4d, 0x34, 0x80,

    /* U+4F4F "住" */
    0x22, 0x4, 0x21, 0x7f, 0xa0, 0x8c, 0x10, 0x82,
    0x13, 0xf2, 0x8, 0x41, 0x8, 0x21, 0x7f, 0x80,

    /* U+4F50 "佐" */
    0x22, 0x4, 0x41, 0x7f, 0xa2, 0xc, 0x40, 0x88,
    0x12, 0xfa, 0x44, 0x48, 0x8a, 0x11, 0x1f, 0x80,

    /* U+4F51 "佑" */
    0x21, 0x4, 0x21, 0x7f, 0xa1, 0xc, 0x20, 0x88,
    0x11, 0xfa, 0x61, 0x54, 0x28, 0x85, 0x1f, 0x80,

    /* U+4F53 "体" */
    0x22, 0x4, 0x41, 0x7f, 0xa1, 0xc, 0x70, 0x95,
    0x12, 0xa2, 0x92, 0x6f, 0xa8, 0x41, 0x8, 0x0,

    /* U+4F55 "何" */
    0x2f, 0xe4, 0x9, 0x1, 0x27, 0xac, 0x94, 0x92,
    0x92, 0x52, 0x7a, 0x40, 0x48, 0x9, 0x7, 0x0,

    /* U+4F59 "余" */
    0xe, 0x2, 0x20, 0x82, 0x6f, 0xb0, 0x40, 0x8,
    0x1f, 0xf0, 0x20, 0x24, 0x98, 0x8c, 0x30, 0x0,

    /* U+4F5B "佛" */
    0x24, 0x84, 0x91, 0x7f, 0xa2, 0x5d, 0xfe, 0xa9,
    0x17, 0xfa, 0x25, 0x44, 0xa9, 0x1d, 0x42, 0x0,

    /* U+4F5C "作" */
    0x24, 0x4, 0x81, 0x1f, 0xa5, 0xd, 0x20, 0x87,
    0xd0, 0x82, 0x10, 0x43, 0xe8, 0x41, 0x8, 0x0,

    /* U+4F60 "你" */
    0x28, 0x5, 0xfd, 0x20, 0xa8, 0x9c, 0x10, 0x8a,
    0x91, 0x52, 0x49, 0x51, 0x28, 0x21, 0xc, 0x0,

    /* U+4F63 "佣" */
    0x2f, 0xe5, 0x25, 0x24, 0xa7, 0xfc, 0x92, 0x92,
    0x53, 0xfa, 0x49, 0x49, 0x29, 0x25, 0x45, 0x80,

    /* U+4F69 "佩" */
    0x3f, 0xc6, 0x9, 0x7d, 0x2a, 0x2d, 0xf4, 0xaa,
    0x95, 0x52, 0xaa, 0x57, 0x4a, 0x8d, 0x90, 0x80,

    /* U+4F6C "佬" */
    0x22, 0x5, 0xf5, 0x9, 0x21, 0x4d, 0xfe, 0x84,
    0x13, 0xa, 0xa6, 0x47, 0x8, 0x85, 0xf, 0x80,

    /* U+4F6F "佯" */
    0x24, 0x44, 0x51, 0x3f, 0xa0, 0x8c, 0x10, 0x8f,
    0x90, 0x42, 0x8, 0x4f, 0xe8, 0x21, 0x4, 0x0,

    /* U+4F70 "佰" */
    0x2f, 0xe4, 0x21, 0x8, 0x27, 0xfc, 0x82, 0x90,
    0x53, 0xfa, 0x41, 0x48, 0x29, 0x5, 0x3f, 0x80,

    /* U+4F73 "佳" */
    0x21, 0x5, 0xf9, 0x4, 0x20, 0x8d, 0xfe, 0x80,
    0x10, 0x42, 0x7e, 0x41, 0x8, 0x21, 0x7f, 0x80,

    /* U+4F7F "使" */
    0x21, 0x5, 0xfd, 0x4, 0x27, 0xfc, 0x92, 0x92,
    0x53, 0xfa, 0x28, 0x42, 0x8, 0xa1, 0x63, 0x80,

    /* U+4F84 "侄" */
    0x2f, 0xe4, 0x21, 0x8, 0x22, 0x2c, 0xfa, 0x82,
    0x10, 0x42, 0x7f, 0x41, 0x8, 0x21, 0x7f, 0x80,

    /* U+4F88 "侈" */
    0x21, 0x4, 0x7d, 0x30, 0xa1, 0x2c, 0x18, 0x9c,
    0x10, 0xfa, 0x61, 0x42, 0x48, 0x31, 0x38, 0x0,

    /* U+4F8B "例" */
    0x3e, 0x25, 0x15, 0x22, 0xa7, 0x5d, 0x2a, 0xa5,
    0x52, 0xaa, 0x25, 0x44, 0x29, 0x5, 0x43, 0x80,

    /* U+4F8D "侍" */
    0x21, 0x4, 0xf9, 0x4, 0x20, 0x8c, 0xfe, 0x80,
    0x93, 0xfa, 0x22, 0x42, 0x48, 0x9, 0x7, 0x0,

    /* U+4F97 "侗" */
    0x2f, 0xe5, 0x5, 0x2e, 0xa4, 0x1c, 0xba, 0x95,
    0x52, 0xaa, 0x55, 0x4b, 0xa9, 0x5, 0x21, 0x80,

    /* U+4F9B "供" */
    0x24, 0x84, 0x91, 0x7f, 0xa2, 0x4c, 0x48, 0x89,
    0x17, 0xfa, 0x0, 0x44, 0x89, 0x9, 0x40, 0x80,

    /* U+4F9D "依" */
    0x22, 0x4, 0x21, 0x7f, 0xa1, 0xc, 0x50, 0x92,
    0x56, 0x52, 0x44, 0x48, 0x89, 0x49, 0x30, 0x80,

    /* U+4FA0 "侠" */
    0x21, 0x5, 0xfd, 0x4, 0x24, 0x9c, 0x54, 0x82,
    0x17, 0xfa, 0x8, 0x42, 0x88, 0x89, 0x60, 0x80,

    /* U+4FA3 "侣" */
    0x2f, 0xc5, 0x9, 0x21, 0x24, 0x2c, 0xfc, 0x80,
    0x17, 0xfa, 0x81, 0x50, 0x2a, 0x5, 0x7f, 0x80,

    /* U+4FA5 "侥" */
    0x22, 0x4, 0x4d, 0x3e, 0x21, 0x2c, 0x1a, 0x9c,
    0xd0, 0x2, 0x7f, 0x42, 0x88, 0x95, 0x63, 0x80,

    /* U+4FA6 "侦" */
    0x21, 0x4, 0x3d, 0x4, 0x27, 0xfc, 0x82, 0x92,
    0x52, 0x4a, 0x49, 0x42, 0x88, 0x89, 0x20, 0x80,

    /* U+4FA7 "侧" */
    0x7e, 0x34, 0x56, 0xaa, 0xd5, 0x5a, 0xab, 0x55,
    0x6a, 0xad, 0x55, 0x88, 0x32, 0x86, 0x8b, 0x80,

    /* U+4FA8 "侨" */
    0x21, 0xc5, 0xc1, 0x8, 0x2f, 0xfc, 0x48, 0x90,
    0x95, 0x2a, 0x24, 0x44, 0x89, 0x11, 0x42, 0x0,

    /* U+4FA9 "侩" */
    0x21, 0x4, 0x51, 0x11, 0x2c, 0x1c, 0x7c, 0x80,
    0x10, 0x2, 0x7f, 0x42, 0x8, 0x89, 0x3e, 0x80,

    /* U+4FAE "侮" */
    0x28, 0x5, 0xfd, 0x40, 0x27, 0xec, 0xa4, 0x92,
    0x97, 0xfa, 0x52, 0x49, 0x49, 0xfd, 0x1, 0x0,

    /* U+4FAF "侯" */
    0x27, 0xc4, 0x9, 0x7f, 0xa4, 0xc, 0xfe, 0xa2,
    0x10, 0x42, 0xff, 0x42, 0x88, 0x89, 0x60, 0x80,

    /* U+4FB5 "侵" */
    0x2f, 0xc4, 0x9, 0x3f, 0x20, 0x2d, 0xfe, 0xa0,
    0x53, 0xf2, 0x42, 0x44, 0x88, 0x61, 0x73, 0x80,

    /* U+4FBF "便" */
    0x2f, 0xe4, 0x21, 0x3f, 0xa4, 0x9c, 0xfe, 0x92,
    0x53, 0xfa, 0x28, 0x42, 0x8, 0xa1, 0x63, 0x80,

    /* U+4FC3 "促" */
    0x2f, 0xe5, 0x5, 0x20, 0xa4, 0x1c, 0xfe, 0x82,
    0x12, 0x42, 0x4f, 0x49, 0xa, 0xe1, 0x43, 0x80,

    /* U+4FC4 "俄" */
    0x22, 0xc5, 0x95, 0x12, 0x2f, 0xfc, 0x48, 0x89,
    0x51, 0xaa, 0xe2, 0x44, 0x48, 0x95, 0x34, 0x80,

    /* U+4FCA "俊" */
    0x22, 0x44, 0x89, 0x7f, 0xa1, 0x4c, 0x4a, 0xb0,
    0xd0, 0xf2, 0x62, 0x44, 0x88, 0x71, 0x71, 0x80,

    /* U+4FCF "俏" */
    0x29, 0x24, 0xa9, 0x4, 0x27, 0xfc, 0x82, 0x9f,
    0xd2, 0xa, 0x7f, 0x48, 0x29, 0x5, 0x21, 0x80,

    /* U+4FD0 "俐" */
    0x23, 0x27, 0x85, 0x12, 0xa2, 0x5d, 0xfa, 0x89,
    0x53, 0x2a, 0x75, 0x55, 0x28, 0x85, 0x13, 0x80,

    /* U+4FD7 "俗" */
    0x24, 0x85, 0x9, 0x4c, 0xa2, 0x4c, 0x84, 0xa0,
    0x53, 0xf2, 0x42, 0x48, 0x49, 0x9, 0x3f, 0x0,

    /* U+4FD8 "俘" */
    0x20, 0xc5, 0xe1, 0x28, 0xa2, 0xac, 0xfc, 0x81,
    0x10, 0x42, 0xff, 0x41, 0x8, 0x21, 0x1c, 0x0,

    /* U+4FDD "保" */
    0x2f, 0xc5, 0x9, 0x21, 0x27, 0xec, 0x10, 0x82,
    0x17, 0xfa, 0x1c, 0x45, 0x4b, 0x25, 0x4, 0x0,

    /* U+4FDE "俞" */
    0x4, 0x1, 0x40, 0xc6, 0x6f, 0xb0, 0x0, 0xfa,
    0x91, 0x53, 0xea, 0x45, 0x4f, 0x89, 0x13, 0x0,

    /* U+4FE1 "信" */
    0x22, 0x4, 0x21, 0x7f, 0xa0, 0xc, 0xfc, 0x80,
    0x13, 0xf2, 0x0, 0x4f, 0xc9, 0x9, 0x3f, 0x0,

    /* U+4FE9 "俩" */
    0x2f, 0xe4, 0x51, 0xa, 0x27, 0xfc, 0xaa, 0x95,
    0x52, 0xaa, 0x6b, 0x48, 0x29, 0x5, 0x21, 0x80,

    /* U+4FED "俭" */
    0x21, 0x4, 0x51, 0x11, 0x2c, 0x1c, 0x7c, 0x80,
    0x12, 0x8a, 0x2a, 0x45, 0x48, 0x11, 0x7f, 0x80,

    /* U+4FEE "修" */
    0x24, 0x4, 0xf9, 0x32, 0x29, 0x8d, 0xce, 0xa2,
    0x15, 0x92, 0x8c, 0x56, 0x48, 0x31, 0x38, 0x0,

    /* U+4FEF "俯" */
    0x21, 0x7, 0xfd, 0x40, 0x29, 0x2d, 0x24, 0xab,
    0xd7, 0x12, 0xaa, 0x54, 0xca, 0x89, 0x93, 0x0,

    /* U+4FF1 "俱" */
    0x2f, 0xc5, 0x9, 0x3f, 0x24, 0x2c, 0xfc, 0x90,
    0x93, 0xf2, 0x42, 0x5f, 0xe9, 0x9, 0x40, 0x80,

    /* U+4FFA "俺" */
    0x22, 0x7, 0xf9, 0x22, 0x29, 0x2f, 0xfe, 0xa4,
    0x97, 0xf2, 0x92, 0x5f, 0xc8, 0x45, 0x7, 0x80,

    /* U+500D "倍" */
    0x21, 0x5, 0xf9, 0x0, 0x24, 0x2c, 0x48, 0xbf,
    0xd0, 0x2, 0x7e, 0x48, 0x49, 0x9, 0x3f, 0x0,

    /* U+5012 "倒" */
    0x3f, 0x24, 0x95, 0x22, 0xa9, 0x5d, 0xda, 0x89,
    0x51, 0x2a, 0xf9, 0x44, 0x28, 0xe5, 0x63, 0x80,

    /* U+5014 "倔" */
    0x2f, 0xe5, 0x5, 0x3f, 0xa4, 0x4c, 0xaa, 0x95,
    0x52, 0xfa, 0x44, 0x4a, 0xa9, 0x55, 0x4f, 0x80,

    /* U+5018 "倘" */
    0x29, 0x24, 0xa9, 0x4, 0x27, 0xfc, 0x82, 0x97,
    0x52, 0xaa, 0x55, 0x4b, 0xa9, 0x5, 0x21, 0x80,

    /* U+5019 "候" */
    0x27, 0xc4, 0x9, 0x7f, 0xaa, 0xd, 0x7e, 0xb2,
    0x14, 0x42, 0xff, 0x52, 0x88, 0x89, 0x20, 0x80,

    /* U+501A "倚" */
    0x21, 0x5, 0xfd, 0x4, 0x21, 0x4c, 0x44, 0xbf,
    0xd0, 0x12, 0x7a, 0x49, 0x49, 0xe9, 0x3, 0x0,

    /* U+501F "借" */
    0x24, 0x85, 0xf9, 0x12, 0x22, 0x4d, 0xfe, 0x80,
    0x13, 0xf2, 0x42, 0x4f, 0xc9, 0x9, 0x3f, 0x0,

    /* U+5021 "倡" */
    0x2f, 0xc5, 0x9, 0x3f, 0x24, 0x2c, 0xfc, 0x80,
    0x17, 0xfa, 0x81, 0x5f, 0xea, 0x5, 0x7f, 0x80,

    /* U+5026 "倦" */
    0x29, 0x24, 0xa9, 0x3f, 0xa1, 0xd, 0xfe, 0x88,
    0x93, 0xea, 0xa4, 0x45, 0x88, 0x85, 0xf, 0x80,

    /* U+502A "倪" */
    0x22, 0x5, 0x9d, 0x20, 0xa7, 0x7c, 0x82, 0x90,
    0x53, 0xfa, 0x14, 0x42, 0xa8, 0x95, 0x63, 0x80,

    /* U+503A "债" */
    0x21, 0x7, 0xfd, 0x4, 0x27, 0xec, 0x10, 0xbf,
    0xd2, 0x12, 0x4a, 0x49, 0x48, 0x51, 0x71, 0x80,

    /* U+503C "值" */
    0x21, 0x5, 0xfd, 0x4, 0x27, 0xec, 0x84, 0x9f,
    0x92, 0x12, 0x7e, 0x48, 0x49, 0x9, 0x7f, 0x80,

    /* U+503E "倾" */
    0x23, 0xe4, 0x11, 0x4f, 0xa9, 0x1d, 0xea, 0xa5,
    0x54, 0xaa, 0xb5, 0x58, 0x88, 0x29, 0x8, 0x80,

    /* U+5047 "假" */
    0x2e, 0xe5, 0x45, 0x28, 0xa7, 0x7c, 0x80, 0x9d,
    0xd2, 0x2a, 0x45, 0x4e, 0x49, 0x15, 0x24, 0x80,

    /* U+504F "偏" */
    0x21, 0x5, 0xfd, 0x20, 0xa7, 0xfc, 0x80, 0x9f,
    0xd2, 0xaa, 0x55, 0x4f, 0xe9, 0x55, 0x4a, 0x80,

    /* U+505A "做" */
    0x29, 0x5, 0x21, 0x77, 0xa5, 0x2c, 0x94, 0x92,
    0x97, 0x52, 0xaa, 0x54, 0x8a, 0xa9, 0x78, 0x80,

    /* U+505C "停" */
    0x22, 0x7, 0xfd, 0x21, 0x27, 0xec, 0x0, 0xbf,
    0xd4, 0xa, 0x7e, 0x41, 0x8, 0x21, 0x1c, 0x0,

    /* U+5065 "健" */
    0x20, 0x87, 0x7d, 0x22, 0xa7, 0xfd, 0xa, 0xb7,
    0xd2, 0x22, 0x5f, 0x58, 0x89, 0x91, 0x4f, 0x80,

    /* U+5076 "偶" */
    0x2f, 0xe5, 0x25, 0x3f, 0xa4, 0x9c, 0xfe, 0x82,
    0x17, 0xfa, 0x89, 0x51, 0x6a, 0xf5, 0x41, 0x80,

    /* U+5077 "偷" */
    0x23, 0x4, 0x91, 0x21, 0x2b, 0xdc, 0x0, 0xbd,
    0x54, 0xaa, 0xf5, 0x52, 0xab, 0xc5, 0x49, 0x80,

    /* U+507F "偿" */
    0x29, 0x24, 0xa9, 0x3f, 0xa4, 0x1c, 0x7c, 0x80,
    0x13, 0xfa, 0x10, 0x42, 0x48, 0x89, 0x3e, 0x80,

    /* U+5080 "傀" */
    0x24, 0x7, 0xf9, 0x49, 0x2f, 0xed, 0x24, 0xbf,
    0x90, 0xa2, 0x2a, 0x45, 0xc9, 0x25, 0x47, 0x80,

    /* U+5085 "傅" */
    0x21, 0x45, 0xfd, 0x4, 0x27, 0xfc, 0x92, 0x9f,
    0xd2, 0x4a, 0x2, 0x5f, 0xe8, 0x89, 0xb, 0x0,

    /* U+5088 "傈" */
    0x2f, 0xe4, 0x51, 0x3f, 0xa5, 0x5c, 0xaa, 0x9f,
    0xd0, 0x42, 0xff, 0x43, 0x88, 0xa9, 0x64, 0x80,

    /* U+508D "傍" */
    0x21, 0x5, 0xfd, 0x11, 0x27, 0xfc, 0x82, 0x82,
    0x13, 0xfa, 0x10, 0x43, 0xe8, 0x85, 0x63, 0x0,

    /* U+50A3 "傣" */
    0x21, 0x5, 0xf9, 0x8, 0x27, 0xec, 0x40, 0xbf,
    0xd2, 0x52, 0xa9, 0x43, 0x88, 0xa9, 0x6c, 0x80,

    /* U+50A8 "储" */
    0x20, 0x86, 0x7d, 0x22, 0xa0, 0x6c, 0x3e, 0xb1,
    0x12, 0x7a, 0x59, 0x49, 0xe9, 0xa5, 0x27, 0x80,

    /* U+50AC "催" */
    0x29, 0x25, 0x25, 0x3f, 0xa2, 0x4c, 0xfe, 0xb1,
    0x13, 0xfa, 0x44, 0x4f, 0xe9, 0x11, 0x3f, 0x80,

    /* U+50B2 "傲" */
    0x24, 0x85, 0xd1, 0x13, 0xaf, 0x9c, 0x4a, 0xbd,
    0x52, 0x2a, 0x75, 0x4a, 0x49, 0x55, 0x5c, 0x80,

    /* U+50BB "傻" */
    0x21, 0x5, 0xfd, 0x2a, 0xa4, 0x9c, 0xfe, 0x88,
    0x92, 0x8a, 0x1e, 0x4c, 0x48, 0x71, 0x31, 0x80,

    /* U+50CF "像" */
    0x27, 0x85, 0x11, 0x7f, 0xa4, 0x9c, 0xfe, 0x8e,
    0x16, 0x6a, 0x36, 0x59, 0xa8, 0xd5, 0x66, 0x0,

    /* U+50DA "僚" */
    0x21, 0x7, 0xfd, 0x2a, 0xa3, 0xec, 0xc6, 0xaf,
    0x91, 0x12, 0x3e, 0x41, 0x9, 0x29, 0x4c, 0x80,

    /* U+50E7 "僧" */
    0x24, 0x47, 0xfd, 0x44, 0xaa, 0xbd, 0xfe, 0x80,
    0x13, 0xf2, 0x42, 0x4f, 0xc9, 0x9, 0x3f, 0x0,

    /* U+50F3 "僳" */
    0x2f, 0xe4, 0x51, 0x3f, 0xa5, 0x5c, 0xfe, 0x92,
    0x51, 0x52, 0xff, 0x43, 0x88, 0xa9, 0x64, 0x80,

    /* U+50F5 "僵" */
    0x3f, 0xe5, 0x29, 0x3f, 0x24, 0xac, 0xfc, 0x80,
    0x17, 0xfa, 0x4a, 0x4f, 0xc9, 0x29, 0x7f, 0x80,

    /* U+50FB "僻" */
    0x3c, 0x86, 0x91, 0x5f, 0xaa, 0xad, 0xd4, 0xa7,
    0xd7, 0x22, 0xa4, 0x77, 0xea, 0x91, 0x72, 0x0,

    /* U+5112 "儒" */
    0x2f, 0xe4, 0x21, 0x3f, 0xa4, 0x9c, 0x54, 0x80,
    0x13, 0xfa, 0x8, 0x4f, 0xe9, 0x55, 0x2a, 0x80,

    /* U+5121 "儡" */
    0x2f, 0xc5, 0x29, 0x3f, 0x24, 0xac, 0xfc, 0x80,
    0x17, 0xfa, 0xa5, 0x5f, 0xea, 0x95, 0x7f, 0x80,

    /* U+513F "儿" */
    0x11, 0x2, 0x20, 0x44, 0x8, 0x81, 0x10, 0x22,
    0x4, 0x41, 0x8, 0x21, 0x28, 0x26, 0x7, 0x80,

    /* U+5141 "允" */
    0x4, 0x1, 0x0, 0x44, 0x10, 0x47, 0xfc, 0x22,
    0x84, 0x40, 0x88, 0x11, 0x24, 0x27, 0x7, 0x80,

    /* U+5143 "元" */
    0x7f, 0xc0, 0x0, 0x0, 0x0, 0xf, 0xfe, 0x22,
    0x4, 0x40, 0x88, 0x11, 0x24, 0x27, 0x7, 0x80,

    /* U+5144 "兄" */
    0x7f, 0xc8, 0x9, 0x1, 0x20, 0x24, 0x4, 0xff,
    0x84, 0x40, 0x88, 0x11, 0x24, 0x27, 0x7, 0x80,

    /* U+5145 "充" */
    0x4, 0x1f, 0xfc, 0x20, 0x8, 0x82, 0x8, 0xff,
    0x84, 0x50, 0x88, 0x11, 0x4, 0x27, 0x7, 0x80,

    /* U+5146 "兆" */
    0x12, 0x12, 0x49, 0x4a, 0x19, 0x81, 0x20, 0x66,
    0x14, 0xa4, 0x92, 0x12, 0x4, 0x47, 0xf, 0x80,

    /* U+5148 "先" */
    0x24, 0x4, 0x80, 0xff, 0x22, 0x0, 0x41, 0xff,
    0xc4, 0x40, 0x88, 0x11, 0x24, 0x27, 0x7, 0x80,

    /* U+5149 "光" */
    0x4, 0x8, 0x88, 0x92, 0xa, 0x80, 0x41, 0xff,
    0xc4, 0x40, 0x88, 0x11, 0x24, 0x27, 0x7, 0x80,

    /* U+514B "克" */
    0x4, 0x1f, 0xfc, 0x10, 0x3f, 0xe4, 0x4, 0x80,
    0x9f, 0xf0, 0x88, 0x11, 0x24, 0x27, 0x7, 0x80,

    /* U+514D "免" */
    0x20, 0x7, 0xe1, 0x4, 0x7f, 0xe4, 0x44, 0x88,
    0x9f, 0xf0, 0x50, 0xa, 0x22, 0x47, 0x8f, 0x80,

    /* U+5151 "兑" */
    0x20, 0x82, 0x21, 0xff, 0x20, 0x24, 0x4, 0x80,
    0x9f, 0xf0, 0x88, 0x11, 0x24, 0x27, 0x7, 0x80,

    /* U+5154 "兔" */
    0x20, 0x7, 0xe1, 0x4, 0x7f, 0xe4, 0x44, 0x88,
    0x9f, 0xf0, 0x50, 0xb, 0x22, 0x57, 0x8f, 0x80,

    /* U+515A "党" */
    0x44, 0x44, 0x93, 0xff, 0xc0, 0x1b, 0xfa, 0x41,
    0x8, 0x21, 0xfc, 0x11, 0x24, 0x27, 0x7, 0x80,

    /* U+515C "兜" */
    0x4, 0xb, 0xee, 0x44, 0xcf, 0x99, 0x13, 0xbe,
    0xc0, 0x0, 0x88, 0x11, 0x24, 0x27, 0x7, 0x80,

    /* U+5162 "兢" */
    0x20, 0x9f, 0x7c, 0x82, 0x7d, 0xf8, 0xa3, 0x14,
    0x7e, 0xfa, 0x8a, 0x55, 0x4b, 0x2a, 0x49, 0x80,

    /* U+5165 "入" */
    0x10, 0x1, 0x0, 0x10, 0x2, 0x0, 0xa0, 0x14,
    0x4, 0x40, 0x88, 0x20, 0x88, 0xa, 0x0, 0x80,

    /* U+5168 "全" */
    0x4, 0x1, 0x40, 0xc6, 0x60, 0x33, 0xf8, 0x8,
    0x1, 0x3, 0xfe, 0x4, 0x0, 0x83, 0xff, 0x80,

    /* U+516B "八" */
    0x11, 0x2, 0x20, 0x44, 0x8, 0x81, 0x10, 0x41,
    0x8, 0x21, 0x4, 0x40, 0x48, 0xa, 0x0, 0x80,

    /* U+516C "公" */
    0x11, 0x2, 0x20, 0x82, 0x10, 0x44, 0x5, 0x10,
    0x42, 0x0, 0x84, 0x10, 0x84, 0x69, 0xf1, 0x0,

    /* U+516D "六" */
    0x8, 0x0, 0x80, 0x0, 0x7f, 0xf0, 0x0, 0x0,
    0x8, 0x21, 0x2, 0x40, 0x48, 0x6, 0x0, 0x80,

    /* U+5170 "兰" */
    0x20, 0x82, 0x21, 0xff, 0x0, 0x0, 0x0, 0x0,
    0xf, 0xe0, 0x0, 0x0, 0x0, 0x3, 0xff, 0x80,

    /* U+5171 "共" */
    0x11, 0x2, 0x21, 0xff, 0x8, 0x81, 0x10, 0x22,
    0x3f, 0xf8, 0x0, 0x11, 0x4, 0x13, 0x1, 0x80,

    /* U+5173 "关" */
    0x20, 0x82, 0x21, 0xff, 0x2, 0x0, 0x40, 0x8,
    0x3f, 0xf8, 0x50, 0x11, 0x4, 0x13, 0x1, 0x80,

    /* U+5174 "兴" */
    0x8, 0x48, 0x88, 0x92, 0x10, 0x40, 0x10, 0x0,
    0x3f, 0xf8, 0x0, 0x11, 0x4, 0x13, 0x1, 0x80,

    /* U+5175 "兵" */
    0x1, 0x87, 0xc0, 0x80, 0x1f, 0xe2, 0x10, 0x42,
    0x8, 0x47, 0xff, 0x0, 0x4, 0x13, 0x1, 0x80,

    /* U+5176 "其" */
    0x20, 0x9f, 0xfc, 0x82, 0x1f, 0xc2, 0x8, 0x7f,
    0x8, 0x27, 0xff, 0x0, 0x4, 0x13, 0x1, 0x80,

    /* U+5177 "具" */
    0x3f, 0x84, 0x10, 0xfe, 0x10, 0x43, 0xf8, 0x41,
    0xf, 0xe1, 0x4, 0xff, 0xe4, 0x13, 0x1, 0x80,

    /* U+5178 "典" */
    0xa, 0xf, 0xf9, 0x29, 0x25, 0x27, 0xfc, 0x94,
    0x92, 0x97, 0xff, 0x0, 0x4, 0x13, 0x1, 0x80,

    /* U+5179 "兹" */
    0x20, 0x82, 0x23, 0xff, 0x90, 0x42, 0x8, 0x92,
    0x7c, 0xf1, 0x4, 0x49, 0x33, 0x4f, 0xae, 0x80,

    /* U+517B "养" */
    0x11, 0x1f, 0xfc, 0x10, 0x3f, 0xe0, 0x81, 0xff,
    0xc8, 0x22, 0x8a, 0x91, 0x22, 0x20, 0x84, 0x0,

    /* U+517C "兼" */
    0x11, 0x1f, 0xfc, 0x28, 0x3f, 0xe0, 0xa5, 0xff,
    0xc2, 0x93, 0xfe, 0x1b, 0x5, 0x53, 0x29, 0x80,

    /* U+517D "兽" */
    0x20, 0x82, 0x21, 0xff, 0x22, 0x27, 0xfc, 0x88,
    0xbf, 0xf8, 0x0, 0x7f, 0xc8, 0x9, 0xff, 0x0,

    /* U+5180 "冀" */
    0x12, 0x7e, 0x70, 0x48, 0xff, 0xf2, 0x48, 0x7f,
    0x9, 0x23, 0xfe, 0x11, 0x1f, 0xfc, 0x82, 0x0,

    /* U+5185 "内" */
    0x4, 0x0, 0x83, 0xff, 0xc2, 0x18, 0x43, 0x14,
    0x64, 0x4d, 0x5, 0x80, 0x30, 0x6, 0x3, 0x80,

    /* U+5188 "冈" */
    0xff, 0xf0, 0x6, 0x82, 0xc8, 0x98, 0xa3, 0x8,
    0x62, 0x8c, 0x89, 0xa0, 0xb0, 0x6, 0x3, 0x80,

    /* U+5189 "冉" */
    0x4, 0xf, 0xf9, 0x11, 0x22, 0x27, 0xfc, 0x88,
    0x91, 0x17, 0xff, 0x40, 0x48, 0x9, 0x7, 0x0,

    /* U+518C "册" */
    0x7b, 0xc9, 0x49, 0x29, 0x25, 0x24, 0xa5, 0xff,
    0xd2, 0x92, 0x52, 0x4a, 0x49, 0x4a, 0x73, 0x0,

    /* U+518D "再" */
    0xff, 0xe0, 0x81, 0xff, 0x22, 0x27, 0xfc, 0x88,
    0x91, 0x17, 0xff, 0x40, 0x48, 0x9, 0x7, 0x0,

    /* U+5192 "冒" */
    0xff, 0xf0, 0x6, 0xfe, 0xc0, 0x1b, 0xfa, 0x41,
    0xf, 0xe1, 0x4, 0x3f, 0x84, 0x10, 0xfe, 0x0,

    /* U+5195 "冕" */
    0x7f, 0xc8, 0x9, 0x7d, 0x20, 0x25, 0xf4, 0x42,
    0x3f, 0xf2, 0x22, 0x7f, 0xc2, 0x47, 0x8f, 0x80,

    /* U+5197 "冗" */
    0xff, 0xf0, 0x6, 0x0, 0x8f, 0x81, 0x10, 0x22,
    0x4, 0x40, 0x88, 0x11, 0x24, 0x27, 0x7, 0x80,

    /* U+5199 "写" */
    0xff, 0xf0, 0x6, 0x40, 0x8f, 0xc2, 0x0, 0x7f,
    0x80, 0x10, 0x2, 0xff, 0x40, 0x8, 0xe, 0x0,

    /* U+519B "军" */
    0xff, 0xf0, 0x6, 0x20, 0xbf, 0xe1, 0x0, 0x48,
    0x1f, 0xf0, 0x20, 0xff, 0xe0, 0x80, 0x10, 0x0,

    /* U+519C "农" */
    0x4, 0x1f, 0xfe, 0x10, 0xc4, 0x11, 0x40, 0x48,
    0x98, 0xa5, 0x8, 0x24, 0x85, 0x8, 0xc0, 0x80,

    /* U+51A0 "冠" */
    0xff, 0xf0, 0x5, 0xc1, 0x1, 0xf0, 0x5, 0xf4,
    0x94, 0x52, 0x82, 0x50, 0xca, 0x6, 0x7f, 0x80,

    /* U+51A4 "冤" */
    0xff, 0xf4, 0x4, 0xfc, 0x20, 0x8f, 0xfc, 0x88,
    0x91, 0x13, 0xfe, 0xb, 0x2, 0x57, 0x8f, 0x80,

    /* U+51AC "冬" */
    0x10, 0x3, 0xf0, 0x82, 0x68, 0x80, 0xe0, 0x63,
    0x33, 0x18, 0x18, 0x30, 0x1, 0x80, 0xe, 0x0,

    /* U+51AF "冯" */
    0x9f, 0x88, 0x11, 0x22, 0x4, 0x40, 0x88, 0x1f,
    0xd0, 0xa, 0x1, 0x5f, 0xb0, 0x6, 0x7, 0x0,

    /* U+51B0 "冰" */
    0x82, 0x8, 0x41, 0x8, 0x9d, 0xa0, 0xb4, 0x15,
    0x12, 0xa2, 0x92, 0x52, 0x54, 0x46, 0x18, 0x0,

    /* U+51B2 "冲" */
    0x81, 0x8, 0x21, 0x7f, 0x88, 0x91, 0x12, 0x22,
    0x57, 0xfa, 0x8, 0x41, 0x10, 0x22, 0x4, 0x0,

    /* U+51B3 "决" */
    0x82, 0x8, 0x41, 0x3f, 0x1, 0x20, 0x24, 0x4,
    0x97, 0xfa, 0x10, 0x45, 0x11, 0x12, 0xc1, 0x80,

    /* U+51B5 "况" */
    0x8f, 0xc9, 0x9, 0x21, 0x4, 0x20, 0x84, 0x1f,
    0x91, 0x22, 0x24, 0x44, 0xb1, 0x16, 0x43, 0x80,

    /* U+51B6 "冶" */
    0x82, 0x8, 0x41, 0x12, 0x4, 0x21, 0xfa, 0x0,
    0x53, 0xf2, 0x42, 0x48, 0x51, 0xa, 0x3f, 0x0,

    /* U+51B7 "冷" */
    0x81, 0x8, 0x51, 0x11, 0xc, 0x10, 0x10, 0x1,
    0x13, 0xfa, 0x2, 0x44, 0x90, 0x62, 0x3, 0x0,

    /* U+51BB "冻" */
    0x82, 0xb, 0xfd, 0x10, 0x4, 0x81, 0x10, 0x3f,
    0xd0, 0x42, 0x4a, 0x49, 0x32, 0x26, 0xc, 0x0,

    /* U+51C0 "净" */
    0x88, 0x9, 0xf1, 0x42, 0xf, 0xe0, 0x24, 0x7f,
    0xd0, 0x92, 0xfe, 0x42, 0x10, 0x42, 0x38, 0x0,

    /* U+51C4 "凄" */
    0x82, 0xb, 0xfd, 0x9, 0xf, 0xf0, 0x24, 0x1f,
    0x91, 0x2, 0xff, 0x44, 0x90, 0xe2, 0x63, 0x80,

    /* U+51C6 "准" */
    0x85, 0x8, 0x91, 0x3f, 0x8c, 0x40, 0xfe, 0x11,
    0x12, 0x22, 0x7f, 0x48, 0x91, 0x12, 0x3f, 0x80,

    /* U+51C9 "凉" */
    0x81, 0xb, 0xfd, 0x0, 0x7, 0xe0, 0x84, 0x10,
    0x93, 0xf2, 0x8, 0x49, 0x52, 0x26, 0xc, 0x0,

    /* U+51CB "凋" */
    0x8f, 0xe9, 0x25, 0x2e, 0x84, 0x90, 0xba, 0x10,
    0x52, 0xea, 0x55, 0x4b, 0xb1, 0x6, 0x41, 0x80,

    /* U+51CC "凌" */
    0x81, 0x9, 0xf9, 0x4, 0xf, 0xf0, 0x84, 0x28,
    0x51, 0xf2, 0x42, 0x54, 0x90, 0x62, 0x73, 0x80,

    /* U+51CF "减" */
    0x80, 0xa8, 0x15, 0x3f, 0x84, 0x40, 0xea, 0x11,
    0x53, 0xaa, 0x52, 0x4e, 0x51, 0x16, 0x4c, 0x80,

    /* U+51D1 "凑" */
    0x82, 0x9, 0xf9, 0x8, 0x7, 0xe0, 0x40, 0x3f,
    0xd2, 0x92, 0x91, 0x4f, 0xd0, 0xa2, 0x63, 0x0,

    /* U+51DB "凛" */
    0x81, 0xb, 0xfd, 0x2a, 0x85, 0xd0, 0x82, 0x1f,
    0xd0, 0x2, 0xff, 0x41, 0x11, 0x2a, 0x4c, 0x80,

    /* U+51DD "凝" */
    0x93, 0xeb, 0x85, 0x45, 0xe, 0x40, 0x3e, 0x39,
    0x4a, 0x22, 0xf7, 0x4a, 0x92, 0xb2, 0x91, 0x80,

    /* U+51E0 "几" */
    0x3f, 0x4, 0x20, 0x84, 0x10, 0x82, 0x10, 0x42,
    0x8, 0x41, 0x8, 0x41, 0x28, 0x26, 0x7, 0x80,

    /* U+51E1 "凡" */
    0x3f, 0x4, 0x20, 0x84, 0x10, 0x82, 0x90, 0x4a,
    0x9, 0x41, 0x8, 0x41, 0x28, 0x26, 0x7, 0x80,

    /* U+51E4 "凤" */
    0x7f, 0xc8, 0x9, 0x7d, 0x20, 0xa5, 0x14, 0x94,
    0x92, 0x92, 0x22, 0x4a, 0x4a, 0x2e, 0x0, 0x80,

    /* U+51ED "凭" */
    0x20, 0xc5, 0xe1, 0x4, 0x6f, 0xf4, 0x10, 0x9f,
    0x80, 0x1, 0xf8, 0x21, 0x4, 0x27, 0x7, 0x80,

    /* U+51EF "凯" */
    0xab, 0xd5, 0x4b, 0xe9, 0x1, 0x2f, 0xa4, 0x14,
    0x82, 0x97, 0xd2, 0x82, 0x53, 0x4b, 0x91, 0x80,

    /* U+51F0 "凰" */
    0x7f, 0xc8, 0x89, 0x7d, 0x28, 0xa5, 0xf4, 0xa2,
    0x97, 0xd2, 0x22, 0x5f, 0x48, 0x8e, 0xfe, 0x80,

    /* U+51F3 "凳" */
    0x79, 0x41, 0x12, 0xfe, 0xb0, 0x6b, 0xfa, 0x22,
    0x3f, 0xf8, 0x0, 0x1f, 0x2, 0x27, 0x87, 0x80,

    /* U+51F6 "凶" */
    0x20, 0x82, 0x22, 0x44, 0xc5, 0x18, 0x43, 0x14,
    0x64, 0x4c, 0x89, 0xa0, 0xb0, 0x7, 0xff, 0x80,

    /* U+51F8 "凸" */
    0x1f, 0x2, 0x20, 0x44, 0x8, 0x8f, 0x1f, 0x0,
    0x60, 0xc, 0x1, 0x80, 0x30, 0x7, 0xff, 0x80,

    /* U+51F9 "凹" */
    0xf1, 0xf2, 0x26, 0x44, 0xc8, 0x99, 0x13, 0x3e,
    0x60, 0xc, 0x1, 0x80, 0x30, 0x7, 0xff, 0x80,

    /* U+51FA "出" */
    0x4, 0x8, 0x89, 0x11, 0x22, 0x27, 0xfc, 0x8,
    0x1, 0x4, 0x21, 0x84, 0x30, 0x87, 0xff, 0x80,

    /* U+51FB "击" */
    0x4, 0x0, 0x81, 0xff, 0x2, 0x0, 0x41, 0xff,
    0xc1, 0x2, 0x22, 0x44, 0x48, 0x89, 0xff, 0x0,

    /* U+51FD "函" */
    0x3f, 0x80, 0x20, 0x8, 0x42, 0x1a, 0x4b, 0x2a,
    0x61, 0xc, 0xa9, 0xa4, 0xb1, 0x87, 0xff, 0x80,

    /* U+51FF "凿" */
    0xa, 0x9, 0x48, 0xaa, 0x7f, 0xf1, 0x10, 0x94,
    0x97, 0xd2, 0x22, 0x5f, 0x48, 0x89, 0xff, 0x0,

    /* U+5200 "刀" */
    0x7f, 0xe1, 0x4, 0x20, 0x84, 0x10, 0x82, 0x10,
    0x42, 0x8, 0x81, 0x10, 0x24, 0x7, 0x7, 0x0,

    /* U+5201 "刁" */
    0xff, 0xc0, 0x10, 0x4, 0x9, 0x4, 0x42, 0x13,
    0x7, 0x1, 0x0, 0x40, 0x10, 0x18,

    /* U+5203 "刃" */
    0x7f, 0xe0, 0x84, 0x10, 0x92, 0x12, 0x42, 0x48,
    0x52, 0x8, 0x41, 0x10, 0x24, 0x7, 0x7, 0x0,

    /* U+5206 "分" */
    0x11, 0x2, 0x20, 0x82, 0x10, 0x44, 0x5, 0x7f,
    0x42, 0x20, 0x44, 0x10, 0x84, 0x13, 0xc, 0x0,

    /* U+5207 "切" */
    0x4f, 0xe8, 0x45, 0x8, 0xb9, 0x1c, 0x22, 0x84,
    0x50, 0x8a, 0x91, 0x64, 0x28, 0x84, 0x23, 0x0,

    /* U+520A "刊" */
    0x7c, 0x22, 0x24, 0x44, 0x88, 0x91, 0x13, 0xfe,
    0x44, 0x48, 0x89, 0x10, 0x22, 0x4, 0x43, 0x80,

    /* U+5211 "刑" */
    0xfe, 0x24, 0x94, 0x92, 0x92, 0x52, 0x4b, 0xfd,
    0x49, 0x29, 0x25, 0x44, 0x28, 0x86, 0x13, 0x80,

    /* U+5212 "划" */
    0x28, 0x24, 0x94, 0x82, 0x9f, 0x5e, 0xa, 0x49,
    0x4a, 0x28, 0x85, 0x12, 0x25, 0x47, 0x1b, 0x80,

    /* U+5217 "列" */
    0xfc, 0x24, 0x24, 0x84, 0x9e, 0x94, 0x52, 0xca,
    0x65, 0x48, 0x49, 0x8, 0x22, 0x5, 0x83, 0x80,

    /* U+5218 "刘" */
    0x20, 0x22, 0x17, 0xfa, 0x82, 0x54, 0x4a, 0x91,
    0x4a, 0x28, 0x85, 0x28, 0x28, 0x86, 0x3, 0x80,

    /* U+5219 "则" */
    0xfe, 0x30, 0x56, 0x4a, 0xc9, 0x59, 0x2b, 0x25,
    0x64, 0xac, 0x95, 0x28, 0x28, 0x86, 0xb, 0x80,

    /* U+521A "刚" */
    0xfe, 0x30, 0x56, 0xa, 0xe3, 0x5a, 0xab, 0x25,
    0x6a, 0xae, 0x35, 0x82, 0x30, 0x46, 0x1b, 0x80,

    /* U+521B "创" */
    0x10, 0x25, 0x15, 0x12, 0xc1, 0x57, 0xca, 0x89,
    0x51, 0x2a, 0xe5, 0x40, 0x28, 0x44, 0xfb, 0x80,

    /* U+521D "初" */
    0x4f, 0xe4, 0x47, 0xc8, 0x89, 0x12, 0x22, 0x54,
    0x5c, 0x8d, 0x51, 0x24, 0x24, 0x84, 0xa3, 0x0,

    /* U+5220 "删" */
    0xee, 0x35, 0x56, 0xaa, 0xd5, 0x5a, 0xab, 0xff,
    0x6a, 0xad, 0x55, 0xaa, 0x35, 0x45, 0xdb, 0x80,

    /* U+5224 "判" */
    0x92, 0x2a, 0x94, 0x42, 0xff, 0x51, 0xa, 0x21,
    0x7f, 0xa8, 0x85, 0x10, 0x24, 0x7, 0x3, 0x80,

    /* U+5228 "刨" */
    0x40, 0x2f, 0xd6, 0xa, 0xbd, 0x54, 0xaa, 0x95,
    0x5e, 0xaa, 0x35, 0x40, 0x28, 0x44, 0xfb, 0x80,

    /* U+5229 "利" */
    0xc, 0x2e, 0x4, 0x44, 0x88, 0x9f, 0xd2, 0x22,
    0x4c, 0x49, 0xc9, 0x54, 0x32, 0x4, 0x43, 0x80,

    /* U+522B "别" */
    0xfc, 0x30, 0xa6, 0x14, 0xfe, 0x92, 0x13, 0xfa,
    0x49, 0x49, 0x29, 0x44, 0x28, 0x86, 0x63, 0x80,

    /* U+522E "刮" */
    0xc, 0x2e, 0x14, 0x42, 0x88, 0x5f, 0xea, 0x21,
    0x44, 0x2b, 0xe5, 0x44, 0x28, 0x85, 0xf3, 0x80,

    /* U+5230 "到" */
    0xfe, 0x22, 0x14, 0x82, 0xa2, 0x5f, 0xaa, 0x21,
    0x44, 0x2f, 0xf5, 0x10, 0x23, 0xc7, 0x83, 0x80,

    /* U+5236 "制" */
    0x50, 0x2f, 0xd6, 0x42, 0x88, 0x5f, 0xea, 0x21,
    0x7f, 0xac, 0x95, 0x92, 0x32, 0xc4, 0x43, 0x80,

    /* U+5237 "刷" */
    0x7e, 0x28, 0x55, 0xfa, 0xa4, 0x54, 0x8a, 0xfd,
    0x5a, 0xab, 0x55, 0xaa, 0x35, 0xc6, 0x23, 0x80,

    /* U+5238 "券" */
    0x24, 0x44, 0x91, 0xff, 0x4, 0x8f, 0xfe, 0x21,
    0xf, 0xf6, 0x45, 0x8, 0x82, 0x11, 0x8c, 0x0,

    /* U+5239 "刹" */
    0x44, 0x25, 0x24, 0x44, 0x94, 0x9c, 0x52, 0x22,
    0x7f, 0x49, 0x89, 0x58, 0x32, 0x84, 0x41, 0x80,

    /* U+523A "刺" */
    0x10, 0x3f, 0xd4, 0x42, 0xff, 0x59, 0x2b, 0x25,
    0x65, 0xa9, 0xc5, 0x54, 0x32, 0x44, 0x43, 0x80,

    /* U+523B "刻" */
    0x10, 0x3f, 0xd4, 0x82, 0xa2, 0x5f, 0x8a, 0x21,
    0x48, 0xae, 0x25, 0x8, 0x26, 0x87, 0xb, 0x80,

    /* U+523D "刽" */
    0x10, 0x25, 0x15, 0x12, 0xc1, 0xd7, 0xca, 0x1,
    0x40, 0x2f, 0xf5, 0x20, 0x28, 0x87, 0xeb, 0x80,

    /* U+5241 "剁" */
    0x78, 0x29, 0x15, 0x22, 0xa4, 0x58, 0xea, 0x21,
    0x44, 0x2f, 0xf5, 0x38, 0x2a, 0x86, 0x4b, 0x80,

    /* U+5242 "剂" */
    0x10, 0x3f, 0xd5, 0x12, 0x94, 0x51, 0xa, 0x51,
    0x71, 0xaa, 0x25, 0x44, 0x28, 0x86, 0x13, 0x80,

    /* U+5243 "剃" */
    0x44, 0x25, 0x17, 0xfa, 0x89, 0x5f, 0xeb, 0x21,
    0x7f, 0xa9, 0x95, 0x52, 0x32, 0xc4, 0x43, 0x80,

    /* U+524A "削" */
    0x92, 0x2a, 0x94, 0x42, 0xff, 0x58, 0x2b, 0xfd,
    0x60, 0xaf, 0xf5, 0x82, 0x30, 0x46, 0x1b, 0x80,

    /* U+524D "前" */
    0x20, 0x82, 0x23, 0xff, 0x80, 0x7, 0xd4, 0x8a,
    0x9f, 0x52, 0x2a, 0x7d, 0x48, 0x89, 0x33, 0x0,

    /* U+5250 "剐" */
    0x7c, 0x28, 0x95, 0x12, 0xbe, 0x51, 0xb, 0xfd,
    0x64, 0xad, 0x55, 0xc6, 0x30, 0x46, 0x1b, 0x80,

    /* U+5251 "剑" */
    0x10, 0x25, 0x15, 0x12, 0xc1, 0x57, 0xca, 0x5,
    0x68, 0xaa, 0xa5, 0x54, 0x21, 0xc7, 0xc3, 0x80,

    /* U+5254 "剔" */
    0x7e, 0x28, 0x55, 0xfa, 0xa1, 0x57, 0xea, 0x41,
    0x5f, 0xad, 0x55, 0x4a, 0x32, 0x44, 0x9b, 0x80,

    /* U+5256 "剖" */
    0x10, 0x2f, 0xd4, 0x2, 0xa1, 0x52, 0x4b, 0xff,
    0x40, 0x2b, 0xf5, 0x42, 0x28, 0x45, 0xfb, 0x80,

    /* U+5265 "剥" */
    0x7c, 0x20, 0x95, 0xf2, 0x82, 0x5f, 0xea, 0x21,
    0x64, 0xaa, 0xa5, 0x38, 0x2a, 0x86, 0xcb, 0x80,

    /* U+5267 "剧" */
    0x7e, 0x28, 0x55, 0xa, 0xbf, 0x54, 0x8a, 0xfd,
    0x52, 0x2b, 0xf5, 0x62, 0x34, 0x46, 0xfb, 0x80,

    /* U+5269 "剩" */
    0xc, 0x2e, 0x14, 0x42, 0xff, 0x55, 0x4b, 0xad,
    0x55, 0x2e, 0xb5, 0x38, 0x2a, 0x86, 0x4b, 0x80,

    /* U+526A "剪" */
    0x11, 0x1f, 0xfc, 0x0, 0x3e, 0xa4, 0x54, 0xfa,
    0x91, 0x30, 0x0, 0xff, 0xc2, 0xb, 0x86, 0x0,

    /* U+526F "副" */
    0xfe, 0x20, 0x15, 0xf2, 0xa2, 0x57, 0xca, 0x1,
    0x7f, 0xac, 0x95, 0xfe, 0x32, 0x47, 0xfb, 0x80,

    /* U+5272 "割" */
    0x10, 0x3f, 0xd6, 0x4a, 0xbe, 0x51, 0xa, 0xf9,
    0x44, 0x2f, 0xf5, 0x44, 0x28, 0x85, 0xf3, 0x80,

    /* U+527F "剿" */
    0x54, 0x35, 0x15, 0x52, 0xbe, 0x55, 0x4a, 0xf9,
    0x55, 0x2f, 0xf5, 0x38, 0x2a, 0x86, 0x4b, 0x80,

    /* U+5288 "劈" */
    0x78, 0x89, 0x7d, 0xe5, 0x23, 0xf7, 0x89, 0x57,
    0xce, 0x20, 0x0, 0x7f, 0xe1, 0x7, 0xc3, 0x80,

    /* U+529B "力" */
    0x4, 0x0, 0x81, 0xff, 0x82, 0x10, 0x42, 0x8,
    0x42, 0x8, 0x41, 0x10, 0x24, 0x7, 0x7, 0x0,

    /* U+529D "劝" */
    0x2, 0x1e, 0x40, 0x7f, 0xc9, 0x15, 0x22, 0xa4,
    0x48, 0x89, 0x11, 0x54, 0x2a, 0x86, 0x23, 0x0,

    /* U+529E "办" */
    0x8, 0x1, 0x1, 0xfe, 0x4, 0x44, 0x8c, 0x91,
    0x62, 0x28, 0x84, 0x10, 0x84, 0x13, 0xc, 0x0,

    /* U+529F "功" */
    0x2, 0x1e, 0x40, 0xbf, 0x91, 0x12, 0x22, 0x44,
    0x48, 0x89, 0x91, 0xc4, 0x20, 0x84, 0x23, 0x0,

    /* U+52A0 "加" */
    0x20, 0x4, 0x3f, 0xf4, 0x92, 0x92, 0x52, 0x4a,
    0x49, 0x49, 0x29, 0x45, 0x28, 0xa6, 0x67, 0x80,

    /* U+52A1 "务" */
    0x10, 0x3, 0xf0, 0x82, 0x68, 0x80, 0xe1, 0xe3,
    0xc2, 0x3, 0xfe, 0x8, 0x42, 0xb, 0x86, 0x0,

    /* U+52A3 "劣" */
    0x4, 0x4, 0x91, 0x11, 0x42, 0x50, 0x30, 0x38,
    0x39, 0x3, 0xff, 0x8, 0x26, 0x7, 0x7, 0x0,

    /* U+52A8 "动" */
    0x1, 0xf, 0x20, 0x1f, 0x80, 0x9f, 0x92, 0x42,
    0x50, 0x4a, 0x49, 0x9a, 0x3d, 0x44, 0x13, 0x0,

    /* U+52A9 "助" */
    0x79, 0x9, 0x21, 0x3f, 0xbc, 0x94, 0x92, 0x92,
    0x5e, 0x4a, 0x49, 0x4e, 0x3e, 0x44, 0x13, 0x0,

    /* U+52AA "努" */
    0x20, 0x1f, 0x7c, 0xa8, 0xa4, 0xa3, 0x9, 0x96,
    0xc1, 0x7, 0xff, 0x8, 0x26, 0x7, 0x7, 0x0,

    /* U+52AB "劫" */
    0x21, 0x4, 0x23, 0xef, 0x90, 0x92, 0x13, 0xfa,
    0x48, 0x4a, 0x49, 0x4a, 0x33, 0x47, 0x93, 0x0,

    /* U+52B1 "励" */
    0xfd, 0x10, 0x23, 0xef, 0xd0, 0x9a, 0x13, 0x7a,
    0x69, 0x4d, 0x29, 0xa5, 0x34, 0xc5, 0x33, 0x0,

    /* U+52B2 "劲" */
    0xf9, 0x1, 0x20, 0x5f, 0x90, 0x9d, 0x92, 0x2,
    0x7e, 0x49, 0x9, 0x22, 0x27, 0x47, 0x13, 0x0,

    /* U+52B3 "劳" */
    0x11, 0x1f, 0xfc, 0x44, 0x7f, 0xf8, 0x2, 0x10,
    0x1f, 0xf0, 0x42, 0x10, 0x44, 0xb, 0x6, 0x0,

    /* U+52BF "势" */
    0x21, 0x1f, 0x78, 0x85, 0x1a, 0xae, 0x24, 0x4a,
    0x51, 0xf, 0xfe, 0x8, 0x42, 0x9, 0x86, 0x0,

    /* U+52C3 "勃" */
    0x10, 0x9f, 0xd0, 0x47, 0xff, 0x58, 0x2a, 0xf9,
    0x42, 0x28, 0xf5, 0xf1, 0x22, 0x24, 0xc9, 0x80,

    /* U+52C7 "勇" */
    0x7f, 0x81, 0x21, 0xff, 0x22, 0x27, 0xfc, 0x88,
    0x91, 0x17, 0xff, 0x8, 0x26, 0x7, 0x7, 0x0,

    /* U+52C9 "勉" */
    0x20, 0x87, 0x11, 0x2f, 0xfe, 0x55, 0x4a, 0xa9,
    0x5f, 0x49, 0x49, 0x2a, 0x69, 0x2, 0x3f, 0x80,

    /* U+52CB "勋" */
    0xf9, 0x11, 0x23, 0xff, 0x80, 0x9f, 0x93, 0x12,
    0x6a, 0x4d, 0x49, 0x22, 0x2a, 0x46, 0x33, 0x0,

    /* U+52D2 "勒" */
    0x51, 0x1f, 0x21, 0x5f, 0xb8, 0x92, 0x13, 0xf2,
    0x6a, 0x4f, 0xc9, 0x22, 0x3f, 0x44, 0x93, 0x0,

    /* U+52D8 "勘" */
    0x49, 0x1f, 0xa1, 0x2f, 0xbc, 0x94, 0x92, 0xf2,
    0x52, 0x4f, 0xe9, 0x92, 0x35, 0x47, 0xf3, 0x0,

    /* U+52DF "募" */
    0x11, 0x1f, 0xfc, 0x44, 0x3f, 0xe4, 0x5, 0xff,
    0xc8, 0x22, 0x22, 0xbf, 0xa1, 0x11, 0xcc, 0x0,

    /* U+52E4 "勤" */
    0x49, 0x1f, 0xa1, 0x2f, 0xfe, 0x99, 0x53, 0xfa,
    0x44, 0x4f, 0xe9, 0x11, 0x23, 0xa7, 0x89, 0x80,

    /* U+52FA "勺" */
    0x20, 0x4, 0x0, 0xff, 0xa0, 0x18, 0x82, 0x8,
    0x40, 0x88, 0x11, 0x0, 0x20, 0x4, 0x3, 0x0,

    /* U+52FE "勾" */
    0x20, 0x7, 0xfc, 0x80, 0xa4, 0x18, 0x82, 0x20,
    0x44, 0x49, 0x9, 0x7e, 0xa0, 0x4, 0x3, 0x0,

    /* U+52FF "勿" */
    0x20, 0x4, 0x0, 0xff, 0xa4, 0x98, 0x92, 0x12,
    0x44, 0x48, 0x91, 0x22, 0x28, 0x84, 0x23, 0x0,

    /* U+5300 "匀" */
    0x20, 0x7, 0xfc, 0x80, 0xa0, 0x19, 0x82, 0xc,
    0x40, 0x8, 0x5, 0x7, 0x27, 0x4, 0x3, 0x0,

    /* U+5305 "包" */
    0x20, 0x7, 0xf9, 0x1, 0x5f, 0x22, 0x24, 0x44,
    0x8f, 0x91, 0xe, 0x20, 0x4, 0x4, 0x7f, 0x80,

    /* U+5306 "匆" */
    0x20, 0x4, 0x0, 0xff, 0xa4, 0x98, 0x92, 0x72,
    0x45, 0xc8, 0x95, 0x22, 0x28, 0x84, 0x23, 0x0,

    /* U+5308 "匈" */
    0x20, 0x7, 0xfd, 0x0, 0xd1, 0x15, 0x4a, 0x91,
    0x55, 0x2b, 0x15, 0x7f, 0xa0, 0x4, 0x3, 0x0,

    /* U+5316 "化" */
    0x22, 0x4, 0x41, 0x9, 0x21, 0x4c, 0x30, 0x8c,
    0x16, 0x82, 0x10, 0x42, 0x28, 0x45, 0x7, 0x80,

    /* U+5317 "北" */
    0x12, 0x2, 0x40, 0x48, 0xf9, 0x21, 0x38, 0x24,
    0x4, 0x81, 0x90, 0xd2, 0x22, 0x44, 0x47, 0x80,

    /* U+5319 "匙" */
    0xfa, 0x11, 0x43, 0xe8, 0xc5, 0x2f, 0xb8, 0x4,
    0x3e, 0x89, 0x11, 0xb9, 0xfc, 0x2, 0x7f, 0x80,

    /* U+531D "匝" */
    0xff, 0xf0, 0x42, 0x8, 0x4f, 0xe9, 0x25, 0x24,
    0xa4, 0x94, 0x96, 0x82, 0x10, 0x43, 0xff, 0x80,

    /* U+5320 "匠" */
    0xff, 0xf0, 0x2, 0x6, 0x4f, 0x9, 0x1, 0x20,
    0x27, 0xf4, 0x88, 0x91, 0x14, 0x23, 0xff, 0x80,

    /* U+5321 "匡" */
    0xff, 0xf0, 0x2, 0xff, 0xc1, 0x8, 0x21, 0x3f,
    0xa0, 0x84, 0x10, 0xbf, 0xf0, 0x3, 0xff, 0x80,

    /* U+5323 "匣" */
    0xff, 0xf0, 0x2, 0xff, 0x51, 0x2b, 0xfd, 0x44,
    0xa8, 0x95, 0xfe, 0x82, 0x10, 0x43, 0xff, 0x80,

    /* U+532A "匪" */
    0xff, 0xf0, 0x2, 0x24, 0x5c, 0xe8, 0x91, 0x73,
    0xa2, 0x44, 0x48, 0xb9, 0xd1, 0x23, 0xff, 0x80,

    /* U+5339 "匹" */
    0xff, 0xf1, 0x22, 0x24, 0x44, 0x88, 0x91, 0x22,
    0x64, 0x4d, 0xf, 0x80, 0x10, 0x3, 0xff, 0x80,

    /* U+533A "区" */
    0xff, 0xf0, 0x2, 0x41, 0x44, 0x48, 0x51, 0x4,
    0x21, 0x44, 0x44, 0x90, 0x50, 0x3, 0xff, 0x80,

    /* U+533B "医" */
    0xff, 0xf2, 0x2, 0x7f, 0x51, 0x8, 0x21, 0x7f,
    0xe1, 0x44, 0x44, 0xb0, 0x70, 0x3, 0xff, 0x80,

    /* U+533F "匿" */
    0xff, 0xf1, 0x12, 0xff, 0xc4, 0x48, 0x41, 0x7f,
    0xe2, 0x4, 0xfe, 0xa8, 0x51, 0xb, 0xff, 0x80,

    /* U+5341 "十" */
    0x4, 0x0, 0x80, 0x10, 0x2, 0xf, 0xfe, 0x8,
    0x1, 0x0, 0x20, 0x4, 0x0, 0x80, 0x10, 0x0,

    /* U+5343 "千" */
    0x3, 0xcf, 0x80, 0x10, 0x2, 0x0, 0x41, 0xff,
    0xc1, 0x0, 0x20, 0x4, 0x0, 0x80, 0x10, 0x0,

    /* U+5347 "升" */
    0xc, 0x8e, 0x10, 0x42, 0x8, 0x41, 0x9, 0xff,
    0xc4, 0x20, 0x84, 0x10, 0x84, 0x13, 0x2, 0x0,

    /* U+5348 "午" */
    0x40, 0xf, 0xf9, 0x10, 0x42, 0x0, 0x41, 0xff,
    0xc1, 0x0, 0x20, 0x4, 0x0, 0x80, 0x10, 0x0,

    /* U+5349 "卉" */
    0x4, 0x0, 0x81, 0xff, 0x2, 0x2, 0x48, 0x41,
    0x3f, 0xf9, 0x4, 0x20, 0x88, 0x12, 0x2, 0x0,

    /* U+534A "半" */
    0x4, 0x8, 0x88, 0x92, 0x2, 0x7, 0xfc, 0x8,
    0x1, 0x7, 0xff, 0x4, 0x0, 0x80, 0x10, 0x0,

    /* U+534E "华" */
    0x12, 0x4, 0x4d, 0x8e, 0x57, 0x2, 0x22, 0x43,
    0xc1, 0x7, 0xff, 0x4, 0x0, 0x80, 0x10, 0x0,

    /* U+534F "协" */
    0x44, 0x8, 0x81, 0x7e, 0x72, 0x44, 0x48, 0x99,
    0x95, 0x2a, 0x25, 0x48, 0x89, 0x11, 0x4c, 0x0,

    /* U+5351 "卑" */
    0x8, 0xf, 0xf9, 0x11, 0x3f, 0xe4, 0x44, 0xff,
    0x84, 0x81, 0x10, 0xff, 0xe0, 0x40, 0x8, 0x0,

    /* U+5352 "卒" */
    0x4, 0x1f, 0xfc, 0x44, 0x8, 0x82, 0xa8, 0x88,
    0x81, 0x7, 0xff, 0x4, 0x0, 0x80, 0x10, 0x0,

    /* U+5353 "卓" */
    0x4, 0x0, 0xfc, 0x10, 0x3f, 0xe4, 0x4, 0xff,
    0x90, 0x13, 0xfe, 0x4, 0x1f, 0xfc, 0x10, 0x0,

    /* U+5355 "单" */
    0x20, 0x82, 0x21, 0xff, 0x22, 0x27, 0xfc, 0x88,
    0x9f, 0xf0, 0x20, 0xff, 0xe0, 0x80, 0x10, 0x0,

    /* U+5356 "卖" */
    0x4, 0xf, 0xf8, 0x10, 0x7f, 0xf1, 0x22, 0x94,
    0x88, 0x87, 0xff, 0x5, 0x3, 0x13, 0x81, 0x80,

    /* U+5357 "南" */
    0x4, 0x1f, 0xfc, 0x10, 0x7f, 0xf9, 0x13, 0x14,
    0x6f, 0xec, 0x21, 0xbf, 0xb0, 0x86, 0x13, 0x80,

    /* U+535A "博" */
    0x41, 0x49, 0xfd, 0x4, 0x77, 0xf4, 0x92, 0x9f,
    0xd2, 0x4a, 0x2, 0x4f, 0xe8, 0x89, 0xb, 0x0,

    /* U+535C "卜" */
    0x82, 0x8, 0x20, 0xc2, 0xc8, 0xe0, 0x82, 0x8,
    0x0,

    /* U+535E "卞" */
    0x8, 0x0, 0x83, 0xff, 0x82, 0x0, 0x40, 0xa,
    0x1, 0x20, 0x22, 0x4, 0x0, 0x80, 0x10, 0x0,

    /* U+5360 "占" */
    0x8, 0x2, 0x0, 0xfc, 0x20, 0x8, 0x2, 0xf,
    0xfa, 0x2, 0x80, 0xa0, 0x2f, 0xf8,

    /* U+5361 "卡" */
    0x4, 0x0, 0x80, 0x1f, 0x2, 0x0, 0x41, 0xff,
    0xc1, 0x0, 0x28, 0x4, 0x80, 0x88, 0x10, 0x0,

    /* U+5362 "卢" */
    0x4, 0x0, 0xfc, 0x10, 0x3f, 0xe4, 0x4, 0x80,
    0x9f, 0xf2, 0x0, 0x40, 0x8, 0x2, 0x0, 0x0,

    /* U+5364 "卤" */
    0x8, 0x3, 0xf0, 0x83, 0xfe, 0x80, 0xa8, 0xa9,
    0x4a, 0x22, 0x94, 0xa8, 0xaf, 0xf8,

    /* U+5367 "卧" */
    0xfd, 0x12, 0x22, 0x44, 0x7e, 0x88, 0x59, 0xa,
    0xa1, 0x4f, 0xe8, 0x91, 0x12, 0x23, 0xf4, 0x0,

    /* U+536B "卫" */
    0x7f, 0xc1, 0x8, 0x21, 0x4, 0x20, 0x84, 0x10,
    0x82, 0x70, 0x40, 0x8, 0x1, 0x3, 0xff, 0x80,

    /* U+536F "卯" */
    0x18, 0x1c, 0x3e, 0x24, 0xc4, 0x98, 0x93, 0x12,
    0x62, 0x4c, 0xc9, 0xe9, 0x62, 0x21, 0x84, 0x0,

    /* U+5370 "印" */
    0x18, 0x1c, 0x7e, 0x8, 0xc1, 0x1f, 0xa3, 0x4,
    0x60, 0x8c, 0xd1, 0xe2, 0xe0, 0x40, 0x8, 0x0,

    /* U+5371 "危" */
    0x10, 0x3, 0xe0, 0x84, 0x3f, 0xfa, 0x0, 0x5f,
    0xa, 0x21, 0x4c, 0x48, 0x9, 0x6, 0x1f, 0x80,

    /* U+5373 "即" */
    0xfb, 0xf1, 0x46, 0x28, 0xfd, 0x18, 0xa3, 0x14,
    0x7e, 0x8c, 0x91, 0x92, 0x35, 0x5f, 0x28, 0x0,

    /* U+5374 "却" */
    0x10, 0x2, 0x3d, 0xf4, 0x88, 0x91, 0x13, 0xfa,
    0x48, 0x4a, 0x49, 0x49, 0x72, 0xa3, 0x94, 0x0,

    /* U+5375 "卵" */
    0x18, 0x1c, 0x3e, 0x24, 0xc4, 0x9a, 0x9b, 0x32,
    0xe2, 0x4c, 0xc9, 0xe9, 0x62, 0x21, 0x84, 0x0,

    /* U+5377 "卷" */
    0x24, 0x82, 0xa1, 0xff, 0x4, 0xf, 0xfe, 0x22,
    0xf, 0xe7, 0xb, 0x27, 0x4, 0x8, 0x7f, 0x0,

    /* U+5378 "卸" */
    0x40, 0xf, 0xbe, 0x44, 0x88, 0x9f, 0xd2, 0x22,
    0x57, 0x4a, 0x89, 0x51, 0x6b, 0xa3, 0x84, 0x0,

    /* U+537F "卿" */
    0x2e, 0xf9, 0x56, 0x3a, 0xd5, 0x5a, 0xab, 0x5d,
    0x6a, 0x2f, 0x55, 0x2a, 0xe9, 0xb2, 0x22, 0x0,

    /* U+5382 "厂" */
    0x3f, 0xe4, 0x0, 0x80, 0x10, 0x2, 0x0, 0x40,
    0x8, 0x1, 0x0, 0x40, 0x8, 0x2, 0x0, 0x0,

    /* U+5384 "厄" */
    0x7f, 0xe8, 0x1, 0x0, 0x27, 0xe4, 0x84, 0x90,
    0x92, 0x72, 0x40, 0x48, 0x29, 0x6, 0x1f, 0x80,

    /* U+5385 "厅" */
    0x7f, 0xe8, 0x1, 0x0, 0x2f, 0xf4, 0x10, 0x82,
    0x10, 0x42, 0x8, 0x41, 0x8, 0x22, 0x1c, 0x0,

    /* U+5386 "历" */
    0x7f, 0xe8, 0x1, 0x8, 0x21, 0x5, 0xfe, 0x84,
    0x50, 0x8a, 0x21, 0x44, 0x29, 0x6, 0xc3, 0x0,

    /* U+5389 "厉" */
    0x7f, 0xe8, 0x1, 0xff, 0xa4, 0x4, 0x80, 0x9f,
    0x92, 0x12, 0x42, 0x50, 0x4a, 0xa, 0x86, 0x0,

    /* U+538B "压" */
    0x7f, 0xe8, 0x1, 0x8, 0x21, 0x4, 0x20, 0xbf,
    0x90, 0x82, 0x14, 0x42, 0x48, 0x42, 0xff, 0x80,

    /* U+538C "厌" */
    0x7f, 0xe8, 0x1, 0xa, 0x21, 0x24, 0x20, 0xff,
    0xd0, 0x82, 0x28, 0x45, 0x9, 0x12, 0xc1, 0x80,

    /* U+5395 "厕" */
    0xff, 0xf0, 0x2, 0xf8, 0xd1, 0x5a, 0xab, 0x55,
    0x6a, 0xad, 0x55, 0x88, 0x32, 0x86, 0x8b, 0x80,

    /* U+5398 "厘" */
    0x7f, 0xe8, 0x1, 0x7f, 0x29, 0x25, 0xfc, 0xa4,
    0x97, 0xf2, 0x10, 0x5f, 0xc8, 0x42, 0xff, 0x80,

    /* U+539A "厚" */
    0x7f, 0xea, 0x9, 0x7f, 0x28, 0x25, 0xfc, 0x80,
    0x17, 0xf2, 0x4, 0x7f, 0xe8, 0x22, 0x1c, 0x0,

    /* U+539F "原" */
    0x7f, 0xe8, 0x41, 0x7f, 0x28, 0x25, 0xfc, 0xa0,
    0x97, 0xf2, 0x10, 0x52, 0x4a, 0x46, 0x98, 0x80,

    /* U+53A2 "厢" */
    0x7f, 0xe8, 0x1, 0x27, 0xa4, 0x97, 0xf2, 0x93,
    0xd7, 0x4a, 0xdf, 0x69, 0x29, 0x26, 0x27, 0x80,

    /* U+53A6 "厦" */
    0x7f, 0xe8, 0x1, 0xff, 0xa8, 0x25, 0xfc, 0xa0,
    0x97, 0xf2, 0x42, 0x74, 0x88, 0x62, 0xf3, 0x80,

    /* U+53A8 "厨" */
    0x7f, 0xe8, 0x1, 0xf9, 0x20, 0x25, 0xde, 0xa8,
    0x97, 0x52, 0x6, 0x54, 0x4a, 0xca, 0xe3, 0x0,

    /* U+53A9 "厩" */
    0x7f, 0xe8, 0x1, 0x77, 0xaa, 0x25, 0xd4, 0xaa,
    0x97, 0x7a, 0x82, 0x58, 0xca, 0xaa, 0x69, 0x80,

    /* U+53BB "去" */
    0x4, 0x0, 0x81, 0xff, 0x2, 0x0, 0x41, 0xff,
    0xc2, 0x0, 0x84, 0x10, 0x84, 0x69, 0xf1, 0x0,

    /* U+53BF "县" */
    0x3f, 0x84, 0x10, 0xfe, 0x10, 0x43, 0xf8, 0x41,
    0x8, 0x27, 0xff, 0x10, 0x4, 0x11, 0xfd, 0x0,

    /* U+53C1 "叁" */
    0x10, 0x4, 0x11, 0xfd, 0x4, 0xf, 0xfe, 0x22,
    0xf, 0xe6, 0x3, 0x3f, 0x80, 0x1, 0xff, 0x0,

    /* U+53C2 "参" */
    0x10, 0x4, 0x11, 0xfd, 0x4, 0xf, 0xfe, 0x22,
    0xb, 0x26, 0x1b, 0x3c, 0x0, 0x31, 0xf8, 0x0,

    /* U+53C8 "又" */
    0x7f, 0xc8, 0x9, 0x1, 0x10, 0x42, 0x8, 0x22,
    0x2, 0x80, 0x20, 0xa, 0x6, 0x33, 0x1, 0x80,

    /* U+53C9 "叉" */
    0x7f, 0xc8, 0x9, 0x21, 0x12, 0x42, 0x8, 0x22,
    0x2, 0x80, 0x20, 0xa, 0x6, 0x33, 0x1, 0x80,

    /* U+53CA "及" */
    0xff, 0x84, 0x10, 0x84, 0x11, 0x2, 0x3c, 0x60,
    0x8a, 0x21, 0x28, 0x42, 0x9, 0xb2, 0xc1, 0x80,

    /* U+53CB "友" */
    0x8, 0x1, 0x3, 0xff, 0x88, 0x1, 0x0, 0x3f,
    0x8a, 0x11, 0x24, 0x43, 0x9, 0x92, 0xc1, 0x80,

    /* U+53CC "双" */
    0xfb, 0xe1, 0x46, 0x28, 0xc5, 0x18, 0xa3, 0x14,
    0x54, 0x52, 0x8a, 0x20, 0x8a, 0x2a, 0x28, 0x80,

    /* U+53CD "反" */
    0x3, 0xcf, 0x81, 0x0, 0x20, 0x7, 0xfc, 0xa0,
    0x92, 0x22, 0x28, 0x42, 0x9, 0xb2, 0xc1, 0x80,

    /* U+53D1 "发" */
    0x49, 0x9, 0x12, 0x20, 0x7f, 0xf1, 0x0, 0x3f,
    0xa, 0x21, 0x28, 0x42, 0x9, 0xb2, 0xc1, 0x80,

    /* U+53D4 "叔" */
    0x20, 0x4, 0x7c, 0xe8, 0x91, 0x12, 0x23, 0xf4,
    0x48, 0x53, 0x4a, 0xa4, 0x84, 0x29, 0x98, 0x80,

    /* U+53D6 "取" */
    0xfc, 0x9, 0x7d, 0xe8, 0xa5, 0x14, 0xa2, 0xf4,
    0x52, 0x52, 0x4a, 0x5c, 0x9d, 0x28, 0x28, 0x80,

    /* U+53D7 "受" */
    0x1, 0xcf, 0xc0, 0x91, 0x9, 0x4f, 0xff, 0x0,
    0x6f, 0xe9, 0x4, 0x11, 0x1, 0xc3, 0xc7, 0x80,

    /* U+53D8 "变" */
    0x4, 0x1f, 0xfc, 0x44, 0x28, 0xa9, 0x12, 0x22,
    0x1f, 0xf1, 0x4, 0x11, 0x1, 0xc3, 0xc7, 0x80,

    /* U+53D9 "叙" */
    0x33, 0xe9, 0x46, 0x18, 0xbd, 0x11, 0x22, 0x24,
    0x7f, 0x50, 0x8a, 0x58, 0x92, 0xa8, 0xc8, 0x80,

    /* U+53DB "叛" */
    0xa8, 0x6e, 0x70, 0x88, 0x7d, 0x2, 0x3e, 0x44,
    0x7e, 0x89, 0x1a, 0x22, 0x88, 0xaa, 0x18, 0x80,

    /* U+53E0 "叠" */
    0x3f, 0x82, 0x20, 0x38, 0x7d, 0xf5, 0x14, 0x41,
    0x3f, 0xfd, 0x5, 0x3f, 0x84, 0x13, 0xff, 0x80,

    /* U+53E3 "口" */
    0xff, 0xc0, 0x60, 0x30, 0x18, 0xc, 0x6, 0x3,
    0x1, 0xff, 0x80,

    /* U+53E4 "古" */
    0x4, 0x0, 0x83, 0xff, 0x82, 0x0, 0x40, 0x8,
    0x1f, 0xf2, 0x2, 0x40, 0x48, 0x9, 0xff, 0x0,

    /* U+53E5 "句" */
    0x20, 0x7, 0xfc, 0x80, 0xa0, 0x1b, 0xf2, 0x42,
    0x48, 0x49, 0x9, 0x3f, 0x20, 0x4, 0x3, 0x0,

    /* U+53E6 "另" */
    0x7f, 0xc8, 0x9, 0x1, 0x3f, 0xe0, 0x81, 0xff,
    0xc2, 0x8, 0x41, 0x10, 0x24, 0x7, 0x7, 0x0,

    /* U+53EA "只" */
    0x7f, 0xc8, 0x9, 0x1, 0x20, 0x24, 0x4, 0xff,
    0x80, 0x0, 0x0, 0x20, 0x88, 0xa, 0x0, 0x80,

    /* U+53EB "叫" */
    0x0, 0x3e, 0x46, 0x48, 0xc9, 0x19, 0x23, 0x24,
    0x64, 0x8c, 0x97, 0xf3, 0x20, 0x4, 0x0, 0x80,

    /* U+53EC "召" */
    0xff, 0xe0, 0x84, 0x20, 0x98, 0x1c, 0x1c, 0x0,
    0x1f, 0xf2, 0x2, 0x40, 0x48, 0x9, 0xff, 0x0,

    /* U+53ED "叭" */
    0x4, 0x9c, 0x92, 0x92, 0x52, 0x4a, 0x49, 0x49,
    0x29, 0x25, 0x42, 0xe8, 0x41, 0x8, 0x40, 0x80,

    /* U+53EE "叮" */
    0x7, 0xfe, 0x12, 0x42, 0x48, 0x49, 0x9, 0x21,
    0x24, 0x24, 0x84, 0xf0, 0x80, 0x10, 0xe, 0x0,

    /* U+53EF "可" */
    0xff, 0xe0, 0x8, 0x1, 0x1f, 0x22, 0x24, 0x44,
    0x88, 0x91, 0xf2, 0x0, 0x40, 0x8, 0x7, 0x0,

    /* U+53F0 "台" */
    0x8, 0x2, 0x0, 0x82, 0x20, 0x2f, 0xfa, 0x0,
    0x5f, 0xf2, 0x2, 0x40, 0x48, 0x9, 0xff, 0x0,

    /* U+53F2 "史" */
    0x4, 0xf, 0xf9, 0x11, 0x22, 0x24, 0x44, 0xff,
    0x81, 0x1, 0x40, 0x18, 0x4, 0xc3, 0x7, 0x80,

    /* U+53F3 "右" */
    0x8, 0x1, 0x3, 0xff, 0x88, 0x1, 0x0, 0x40,
    0xf, 0xf3, 0x2, 0xa0, 0x44, 0x8, 0xff, 0x0,

    /* U+53F6 "叶" */
    0x1, 0x1e, 0x22, 0x44, 0x48, 0x89, 0xff, 0x22,
    0x24, 0x44, 0x88, 0xf1, 0x0, 0x20, 0x4, 0x0,

    /* U+53F7 "号" */
    0x3f, 0x84, 0x10, 0x82, 0x1f, 0xc0, 0x1, 0xff,
    0xc4, 0x0, 0xfc, 0x0, 0x80, 0x10, 0x1c, 0x0,

    /* U+53F8 "司" */
    0xff, 0xe0, 0x7, 0xfe, 0x80, 0x17, 0xf2, 0x82,
    0x50, 0x4a, 0x9, 0x7f, 0x20, 0x4, 0x3, 0x80,

    /* U+53F9 "叹" */
    0xf, 0xfd, 0x6, 0xa0, 0xd4, 0x1a, 0x45, 0x48,
    0xa9, 0x15, 0x14, 0xe1, 0x0, 0x50, 0x31, 0x80,

    /* U+53FC "叼" */
    0xf, 0xfc, 0x6, 0x80, 0xd0, 0x5a, 0x13, 0x44,
    0x69, 0xd, 0xc1, 0xe0, 0x20, 0x4, 0x3, 0x0,

    /* U+5401 "吁" */
    0x7, 0xdc, 0x22, 0x84, 0x50, 0x8a, 0x11, 0x5f,
    0xe8, 0x45, 0x8, 0xe1, 0x0, 0x20, 0x1c, 0x0,

    /* U+5403 "吃" */
    0x4, 0x1c, 0xfe, 0xa0, 0x58, 0xa, 0xfd, 0x41,
    0x28, 0x45, 0x10, 0xe4, 0x1, 0x4, 0x1f, 0x80,

    /* U+5404 "各" */
    0x10, 0x3, 0xf0, 0x82, 0x28, 0x80, 0xe0, 0x63,
    0x30, 0x19, 0xfc, 0x20, 0x84, 0x10, 0xfe, 0x0,

    /* U+5408 "合" */
    0x4, 0x1, 0x40, 0xc6, 0x60, 0x33, 0xf8, 0x0,
    0x1f, 0xf2, 0x2, 0x40, 0x48, 0x9, 0xff, 0x0,

    /* U+5409 "吉" */
    0x4, 0x0, 0x83, 0xff, 0x82, 0x0, 0x40, 0xff,
    0x80, 0x3, 0xfe, 0x40, 0x48, 0x9, 0xff, 0x0,

    /* U+540A "吊" */
    0x7f, 0xc8, 0x9, 0x1, 0x3f, 0xe0, 0x41, 0xff,
    0xe1, 0xc, 0x21, 0x84, 0x30, 0x8c, 0x10, 0x0,

    /* U+540C "同" */
    0xff, 0xf0, 0x6, 0xfe, 0xc0, 0x19, 0xf3, 0x22,
    0x64, 0x4c, 0x89, 0x9f, 0x30, 0x6, 0x3, 0x80,

    /* U+540D "名" */
    0x8, 0x1, 0xf8, 0x41, 0x34, 0x40, 0x50, 0x4,
    0x7, 0xff, 0x81, 0x10, 0x22, 0x4, 0x7f, 0x80,

    /* U+540E "后" */
    0x3, 0xcf, 0x81, 0x0, 0x20, 0x7, 0xfe, 0x80,
    0x17, 0xf2, 0x82, 0x50, 0x4a, 0xa, 0x7f, 0x0,

    /* U+540F "吏" */
    0x4, 0x1f, 0xfc, 0x10, 0x3f, 0xe4, 0x44, 0x88,
    0x9f, 0xf2, 0x20, 0x24, 0x3, 0x3, 0x9f, 0x80,

    /* U+5410 "吐" */
    0x1, 0x1e, 0x22, 0x44, 0x48, 0x89, 0x7d, 0x22,
    0x24, 0x44, 0x88, 0xf1, 0x0, 0x20, 0x3f, 0x80,

    /* U+5411 "向" */
    0x8, 0x2, 0x3, 0xff, 0xc0, 0x19, 0xf3, 0x22,
    0x64, 0x4c, 0x89, 0x9f, 0x30, 0x6, 0x3, 0x80,

    /* U+5413 "吓" */
    0xf, 0xfe, 0x22, 0x44, 0x48, 0x89, 0x19, 0x22,
    0xa4, 0x4c, 0x88, 0xf1, 0x0, 0x20, 0x4, 0x0,

    /* U+5415 "吕" */
    0x7f, 0x20, 0x90, 0x48, 0x27, 0xf0, 0x3, 0xff,
    0x1, 0x80, 0xc0, 0x7f, 0xe0,

    /* U+5417 "吗" */
    0xf, 0xdc, 0xa, 0x91, 0x52, 0x2a, 0x45, 0x4f,
    0xe8, 0xd, 0x1, 0xef, 0xa0, 0x4, 0x7, 0x0,

    /* U+541B "君" */
    0x7f, 0xc0, 0x8b, 0xff, 0x84, 0x27, 0xfc, 0x20,
    0x8, 0x3, 0xfe, 0xa0, 0x44, 0x8, 0xff, 0x0,

    /* U+541D "吝" */
    0x4, 0x1f, 0xfc, 0x82, 0x8, 0x80, 0xe0, 0x63,
    0x30, 0x19, 0xfc, 0x20, 0x84, 0x10, 0xfe, 0x0,

    /* U+541E "吞" */
    0x7f, 0xc0, 0x80, 0x10, 0x7f, 0xf1, 0x10, 0x41,
    0x1f, 0xf5, 0x5, 0x20, 0x84, 0x10, 0xfe, 0x0,

    /* U+541F "吟" */
    0x1, 0x1c, 0x52, 0x91, 0x5c, 0x1a, 0x11, 0x41,
    0x2b, 0xfd, 0x1, 0xe0, 0x40, 0x10, 0x4, 0x0,

    /* U+5420 "吠" */
    0x1, 0x5c, 0x26, 0x84, 0x57, 0xfa, 0x11, 0x45,
    0x28, 0xa5, 0x14, 0xe4, 0x40, 0x88, 0x20, 0x80,

    /* U+5426 "否" */
    0xff, 0xe0, 0x40, 0x30, 0x1a, 0xcc, 0x46, 0x8,
    0x0, 0x3, 0xfe, 0x40, 0x48, 0x9, 0xff, 0x0,

    /* U+5427 "吧" */
    0xf, 0xfd, 0x26, 0xa4, 0xd4, 0x9a, 0x93, 0x5f,
    0xea, 0x5, 0x40, 0xe8, 0x21, 0x4, 0x1f, 0x80,

    /* U+5428 "吨" */
    0x1, 0x1d, 0xfe, 0x84, 0x54, 0x9a, 0x93, 0x52,
    0x6b, 0xfd, 0x8, 0xe1, 0x0, 0x24, 0x3, 0x80,

    /* U+5429 "吩" */
    0x4, 0x9c, 0x92, 0xa1, 0x54, 0x2b, 0x3, 0x5f,
    0xa9, 0x15, 0x22, 0xe8, 0x41, 0x8, 0x46, 0x0,

    /* U+542B "含" */
    0xe, 0x6, 0x33, 0x11, 0x81, 0x7, 0xfc, 0x1,
    0x0, 0x43, 0xfe, 0x40, 0x48, 0x9, 0xff, 0x0,

    /* U+542C "听" */
    0x0, 0xdd, 0xe2, 0xa0, 0x54, 0xa, 0xff, 0x51,
    0x2a, 0x25, 0x44, 0xe8, 0x81, 0x10, 0x42, 0x0,

    /* U+542D "吭" */
    0x2, 0x1c, 0x22, 0xff, 0xd0, 0xa, 0x79, 0x49,
    0x29, 0x25, 0x24, 0xe4, 0xa1, 0x14, 0x43, 0x80,

    /* U+542E "吮" */
    0x2, 0x1c, 0x42, 0x91, 0x54, 0x2b, 0xfb, 0x49,
    0x29, 0x25, 0x24, 0xe4, 0xa1, 0x14, 0x43, 0x80,

    /* U+542F "启" */
    0x2, 0x7, 0xfc, 0x80, 0x90, 0x13, 0xfe, 0x40,
    0xf, 0xf9, 0x81, 0x50, 0x2a, 0x6, 0x7f, 0x80,

    /* U+5431 "吱" */
    0x1, 0x1c, 0x22, 0xff, 0xd0, 0x8a, 0x11, 0x5f,
    0xaa, 0x15, 0x42, 0xe4, 0x80, 0x60, 0x73, 0x80,

    /* U+5434 "吴" */
    0x7f, 0xc8, 0x9, 0x1, 0x3f, 0xe0, 0x0, 0xff,
    0x81, 0x7, 0xff, 0xa, 0x6, 0x33, 0x1, 0x80,

    /* U+5435 "吵" */
    0x1, 0x1c, 0x22, 0xa5, 0x54, 0x9a, 0x93, 0x62,
    0x28, 0x4d, 0x2, 0xe0, 0x80, 0x60, 0x30, 0x0,

    /* U+5438 "吸" */
    0xf, 0xdc, 0x8a, 0x91, 0x52, 0x4a, 0x4f, 0x48,
    0x69, 0x8d, 0x2a, 0xe8, 0x81, 0x28, 0x58, 0x80,

    /* U+5439 "吹" */
    0x4, 0x1c, 0x82, 0x9f, 0xd4, 0x1b, 0x15, 0x42,
    0x28, 0x45, 0x14, 0xe2, 0x80, 0x88, 0x60, 0x80,

    /* U+543B "吻" */
    0x4, 0x1c, 0x82, 0x9f, 0xd5, 0x5b, 0x2b, 0x45,
    0x69, 0x2d, 0x29, 0xe9, 0x20, 0x44, 0x13, 0x0,

    /* U+543C "吼" */
    0x1e, 0x9c, 0x52, 0x92, 0x52, 0x4a, 0x49, 0x4d,
    0x2f, 0x25, 0x24, 0xe4, 0xa0, 0x94, 0x73, 0x80,

    /* U+543E "吾" */
    0x7f, 0xc1, 0x1, 0xfe, 0x8, 0x41, 0x9, 0xff,
    0xc0, 0x3, 0xfe, 0x40, 0x48, 0x9, 0xff, 0x0,

    /* U+5440 "呀" */
    0xf, 0xfc, 0x8a, 0x91, 0x54, 0x2a, 0xff, 0x42,
    0xa8, 0x55, 0x12, 0xe4, 0x43, 0x8, 0x3, 0x0,

    /* U+5446 "呆" */
    0x7f, 0xc8, 0x9, 0x1, 0x3f, 0xe0, 0x40, 0x8,
    0x3f, 0xf8, 0xa8, 0x24, 0x98, 0x8c, 0x10, 0x0,

    /* U+5448 "呈" */
    0x7f, 0xc8, 0x9, 0x1, 0x3f, 0xe0, 0x1, 0xff,
    0xc1, 0x3, 0xfe, 0x4, 0x0, 0x83, 0xff, 0x80,

    /* U+544A "告" */
    0x44, 0xf, 0xfa, 0x10, 0x2, 0xf, 0xfe, 0x0,
    0x1f, 0xf2, 0x2, 0x40, 0x48, 0x9, 0xff, 0x0,

    /* U+5450 "呐" */
    0x1, 0x1c, 0x22, 0xbf, 0xd4, 0x9a, 0x93, 0x55,
    0x6a, 0xad, 0x63, 0xe8, 0x21, 0x4, 0x21, 0x80,

    /* U+5455 "呕" */
    0xf, 0xfd, 0x2, 0xa9, 0x54, 0xaa, 0x95, 0x51,
    0x2a, 0x25, 0x4a, 0xea, 0x41, 0x0, 0x3f, 0x80,

    /* U+5458 "员" */
    0x3f, 0x84, 0x10, 0xfe, 0x0, 0x7, 0xfc, 0x80,
    0x91, 0x12, 0x22, 0xa, 0x6, 0x33, 0x1, 0x80,

    /* U+545B "呛" */
    0x1, 0x1c, 0x52, 0x91, 0x5c, 0x1a, 0x7d, 0x48,
    0xa9, 0x15, 0x2e, 0xe4, 0x0, 0x84, 0xf, 0x80,

    /* U+545C "呜" */
    0x1, 0x1e, 0xfa, 0x51, 0x4a, 0x29, 0x4d, 0x28,
    0x25, 0xfc, 0x81, 0xf7, 0xa0, 0x4, 0x7, 0x0,

    /* U+5462 "呢" */
    0xf, 0xfd, 0x6, 0xa0, 0xd7, 0xfa, 0x81, 0x54,
    0x2a, 0x9d, 0x5c, 0xea, 0x1, 0x44, 0x47, 0x80,

    /* U+5468 "周" */
    0x3f, 0xe4, 0x44, 0xbe, 0x91, 0x12, 0xfa, 0x40,
    0x4b, 0xe9, 0x45, 0x4f, 0xa8, 0x6, 0x3, 0x80,

    /* U+5473 "味" */
    0x1, 0x1c, 0x22, 0xbf, 0x50, 0x8a, 0x11, 0x7f,
    0xe8, 0x45, 0x1c, 0xe5, 0x43, 0x24, 0x4, 0x0,

    /* U+5475 "呵" */
    0x1f, 0xfc, 0xa, 0x81, 0x57, 0xaa, 0x95, 0x52,
    0xaa, 0x55, 0x7a, 0xe0, 0x40, 0x8, 0x7, 0x0,

    /* U+5478 "呸" */
    0xf, 0xfc, 0x12, 0x84, 0x50, 0x8a, 0x35, 0x4a,
    0x6a, 0x4d, 0x8, 0xe1, 0x0, 0x0, 0x3f, 0x80,

    /* U+547B "呻" */
    0x1, 0x1c, 0x22, 0xbf, 0xd4, 0x9a, 0x93, 0x5f,
    0xea, 0x4d, 0x49, 0xef, 0xe0, 0x20, 0x4, 0x0,

    /* U+547C "呼" */
    0x0, 0xfd, 0xe2, 0x84, 0x54, 0x9a, 0x55, 0x42,
    0x2b, 0xfd, 0x8, 0xe1, 0x0, 0x20, 0x1c, 0x0,

    /* U+547D "命" */
    0x4, 0x1, 0x40, 0xc6, 0x6f, 0xb0, 0x0, 0xf7,
    0x92, 0x92, 0x52, 0x4a, 0x4f, 0x58, 0x8, 0x0,

    /* U+5480 "咀" */
    0xf, 0xdd, 0xa, 0xa1, 0x57, 0xea, 0x85, 0x50,
    0xab, 0xf5, 0x42, 0xe8, 0x41, 0x8, 0x7f, 0x80,

    /* U+5486 "咆" */
    0x8, 0x1d, 0xfa, 0xc1, 0x57, 0xaa, 0x95, 0x52,
    0xab, 0xd5, 0x46, 0xe8, 0x1, 0x4, 0x1f, 0x80,

    /* U+548B "咋" */
    0x4, 0x1c, 0x82, 0x9f, 0xd5, 0xb, 0x21, 0x47,
    0xe8, 0x85, 0x10, 0xe3, 0xe0, 0x40, 0x8, 0x0,

    /* U+548C "和" */
    0xc, 0xe, 0x3c, 0x44, 0x88, 0x9f, 0xd2, 0x22,
    0x4c, 0x4a, 0xc9, 0x95, 0x22, 0x3c, 0x40, 0x0,

    /* U+548E "咎" */
    0x20, 0x87, 0x91, 0x13, 0x54, 0x51, 0x8, 0x5f,
    0xf0, 0x3, 0xfe, 0x40, 0x48, 0x9, 0xff, 0x0,

    /* U+548F "咏" */
    0x3, 0x1c, 0x12, 0xbc, 0x50, 0x9b, 0xdb, 0x4b,
    0x69, 0x55, 0x4a, 0xe9, 0x22, 0x24, 0xc, 0x0,

    /* U+5490 "咐" */
    0x4, 0x5c, 0x8a, 0xaf, 0xd4, 0x2b, 0x85, 0x54,
    0xaa, 0x55, 0x4a, 0xe8, 0x41, 0x8, 0x23, 0x0,

    /* U+5492 "咒" */
    0x7b, 0xc9, 0x49, 0x29, 0x3d, 0xe0, 0x0, 0x3e,
    0x4, 0x40, 0x88, 0x11, 0x24, 0x27, 0x7, 0x80,

    /* U+5495 "咕" */
    0x1, 0x1c, 0x22, 0xff, 0xd0, 0x8a, 0x11, 0x42,
    0x2b, 0xf5, 0x42, 0xe8, 0x41, 0x8, 0x3f, 0x0,

    /* U+5496 "咖" */
    0x8, 0x1d, 0x1e, 0xfa, 0xd5, 0x5a, 0xab, 0x55,
    0x6a, 0xad, 0x55, 0xea, 0xa1, 0x54, 0x5b, 0x80,

    /* U+5499 "咙" */
    0x4, 0x9c, 0x8a, 0xff, 0xd2, 0x8a, 0x51, 0x4a,
    0x69, 0x55, 0x2c, 0xe9, 0x21, 0x64, 0x53, 0x80,

    /* U+54A8 "咨" */
    0x4, 0x1c, 0xfc, 0x24, 0x84, 0xa2, 0x30, 0x89,
    0x22, 0x19, 0xfc, 0x20, 0x84, 0x10, 0xfe, 0x0,

    /* U+54AC "咬" */
    0x1, 0x1d, 0xfe, 0x80, 0x52, 0x2a, 0x83, 0x68,
    0xa9, 0x15, 0x14, 0xe1, 0x0, 0x50, 0x31, 0x80,

    /* U+54AF "咯" */
    0x4, 0x1c, 0xfa, 0xa1, 0x5a, 0x4a, 0x31, 0x49,
    0x2e, 0x1d, 0x7e, 0xe8, 0x41, 0x8, 0x3f, 0x0,

    /* U+54B1 "咱" */
    0x1, 0x1c, 0x42, 0xbf, 0xd4, 0x1a, 0xff, 0x50,
    0x6a, 0xd, 0x7f, 0xe8, 0x21, 0x4, 0x3f, 0x80,

    /* U+54B3 "咳" */
    0x1, 0x1d, 0xfe, 0x88, 0x52, 0x2a, 0xf9, 0x42,
    0x28, 0x8d, 0x62, 0xe0, 0x80, 0x68, 0x30, 0x80,

    /* U+54B8 "咸" */
    0x1, 0x40, 0x25, 0xff, 0xa0, 0x85, 0xd2, 0x82,
    0x57, 0x52, 0xa4, 0x5c, 0xa8, 0x2e, 0x18, 0x80,

    /* U+54BD "咽" */
    0xf, 0xfd, 0x6, 0xa4, 0xd4, 0x9a, 0xff, 0x52,
    0x6a, 0xad, 0x55, 0xec, 0x61, 0x4, 0x3f, 0x80,

    /* U+54C0 "哀" */
    0x4, 0x1f, 0xfc, 0x0, 0x1f, 0xc2, 0x8, 0x41,
    0xf, 0xe0, 0x91, 0xe1, 0x45, 0x90, 0xc1, 0x80,

    /* U+54C1 "品" */
    0x3f, 0x84, 0x10, 0x82, 0x10, 0x43, 0xf8, 0x0,
    0x3e, 0xfc, 0x51, 0x8a, 0x31, 0x47, 0xef, 0x80,

    /* U+54C4 "哄" */
    0x4, 0x9c, 0x92, 0xff, 0xd2, 0x4a, 0x49, 0x49,
    0x2f, 0xfd, 0x0, 0xe4, 0x81, 0x8, 0x40, 0x80,

    /* U+54C6 "哆" */
    0x1, 0x1c, 0x7e, 0xb0, 0xd1, 0x2a, 0x19, 0x5c,
    0x28, 0xfd, 0x61, 0xe2, 0x40, 0x30, 0x38, 0x0,

    /* U+54C7 "哇" */
    0x1, 0x1c, 0xfa, 0x84, 0x50, 0x8a, 0xff, 0x40,
    0x28, 0x45, 0x3e, 0xe1, 0x0, 0x20, 0x3f, 0x80,

    /* U+54C8 "哈" */
    0x1, 0x1c, 0x52, 0x91, 0x5c, 0x1a, 0x7d, 0x40,
    0x2b, 0xfd, 0x41, 0xe8, 0x21, 0x4, 0x3f, 0x80,

    /* U+54C9 "哉" */
    0x11, 0xf, 0xa8, 0x44, 0x88, 0x8f, 0xfe, 0x2,
    0x1f, 0x52, 0x24, 0x44, 0xaf, 0xac, 0x8, 0x80,

    /* U+54CD "响" */
    0x1, 0x1c, 0x42, 0xbf, 0xd4, 0x1a, 0xbb, 0x55,
    0x6a, 0xad, 0x55, 0xeb, 0xa1, 0x4, 0x21, 0x80,

    /* U+54CE "哎" */
    0x4, 0x5d, 0xfe, 0x91, 0x50, 0xa, 0x45, 0x48,
    0xa8, 0xa5, 0x14, 0xe1, 0x0, 0x50, 0x31, 0x80,

    /* U+54D1 "哑" */
    0xf, 0xfc, 0x52, 0x8a, 0x51, 0x4a, 0x29, 0x55,
    0x69, 0xb5, 0x14, 0xe2, 0x80, 0x50, 0x3f, 0x80,

    /* U+54D7 "哗" */
    0x2, 0x9c, 0x56, 0x93, 0x56, 0xca, 0x4b, 0x49,
    0xe8, 0x45, 0x7f, 0xe1, 0x0, 0x20, 0x4, 0x0,

    /* U+54DF "哟" */
    0x5, 0x1c, 0xa2, 0xa7, 0xd5, 0x1a, 0xc3, 0x4a,
    0x6a, 0x2d, 0x75, 0xe0, 0x20, 0x44, 0x33, 0x0,

    /* U+54E5 "哥" */
    0xff, 0xe4, 0x48, 0x89, 0x1f, 0x20, 0x5, 0xff,
    0xc8, 0x91, 0x12, 0x3e, 0x40, 0x8, 0x7, 0x0,

    /* U+54E6 "哦" */
    0x2, 0xdd, 0x96, 0x92, 0x5f, 0xfa, 0x49, 0x49,
    0x69, 0xad, 0xe2, 0xe4, 0x40, 0x94, 0x34, 0x80,

    /* U+54E8 "哨" */
    0x9, 0x3c, 0xaa, 0x84, 0x57, 0xfa, 0x83, 0x5f,
    0xea, 0xd, 0x7f, 0xe8, 0x21, 0x4, 0x21, 0x80,

    /* U+54E9 "哩" */
    0xf, 0xfd, 0x26, 0xa4, 0xd7, 0xfa, 0x93, 0x52,
    0x6b, 0xfd, 0x8, 0xef, 0xe0, 0x20, 0x7f, 0x80,

    /* U+54EA "哪" */
    0x1e, 0xfd, 0x56, 0xaa, 0xdf, 0x5a, 0xad, 0x55,
    0x6f, 0xad, 0x55, 0xea, 0xe2, 0x50, 0x9a, 0x0,

    /* U+54ED "哭" */
    0x7b, 0xc9, 0x49, 0x29, 0x3d, 0xe0, 0x48, 0x8,
    0xbf, 0xf8, 0x20, 0xa, 0x6, 0x33, 0x1, 0x80,

    /* U+54EE "哮" */
    0x2, 0x3d, 0xea, 0x8a, 0x5f, 0xfa, 0x21, 0x4f,
    0x2e, 0x25, 0x8, 0xef, 0xe0, 0x20, 0xc, 0x0,

    /* U+54F2 "哲" */
    0x20, 0xde, 0xe0, 0x90, 0x7b, 0xf2, 0x48, 0xd1,
    0x0, 0x3, 0xfe, 0x40, 0x48, 0x9, 0xff, 0x0,

    /* U+54FA "哺" */
    0x1, 0x5d, 0xfe, 0x84, 0x57, 0xfa, 0x93, 0x5f,
    0xea, 0x4d, 0x7f, 0xe9, 0x21, 0x24, 0x25, 0x80,

    /* U+54FC "哼" */
    0x1, 0x1d, 0xfe, 0x91, 0x52, 0x2a, 0x7d, 0x40,
    0x29, 0xf5, 0x4, 0xe1, 0x0, 0x20, 0xc, 0x0,

    /* U+5501 "唁" */
    0x2, 0x1c, 0x22, 0xff, 0xd0, 0xa, 0xfd, 0x40,
    0x2b, 0xf5, 0x0, 0xef, 0xc1, 0x8, 0x3f, 0x0,

    /* U+5506 "唆" */
    0x2, 0x5c, 0x8a, 0xff, 0xd1, 0x4a, 0x2b, 0x58,
    0xe8, 0xf5, 0x62, 0xa4, 0x9c, 0x70, 0x71, 0x80,

    /* U+5507 "唇" */
    0x7f, 0xe8, 0x1, 0x7f, 0x20, 0x7, 0xfe, 0xa2,
    0x95, 0x22, 0xc3, 0x5f, 0xca, 0xa, 0x7f, 0x0,

    /* U+5509 "唉" */
    0x2, 0x1c, 0x8a, 0xbe, 0xd2, 0xa, 0x7d, 0x52,
    0x28, 0x45, 0x7f, 0xe2, 0x80, 0x88, 0x20, 0x80,

    /* U+5510 "唐" */
    0x2, 0xf, 0xfd, 0x8, 0x2f, 0xe4, 0x24, 0xff,
    0xd0, 0x92, 0xfe, 0x50, 0x4a, 0xa, 0x7f, 0x0,

    /* U+5524 "唤" */
    0x2, 0x1c, 0x72, 0x92, 0x57, 0xea, 0x95, 0x52,
    0xaa, 0x55, 0xff, 0xe2, 0x80, 0x88, 0x60, 0x80,

    /* U+552C "唬" */
    0x1, 0xdc, 0x22, 0xbf, 0xd4, 0x9a, 0x9d, 0x5e,
    0x6a, 0x7d, 0x40, 0xeb, 0x81, 0x54, 0x53, 0x80,

    /* U+552E "售" */
    0x22, 0xf, 0xff, 0x8, 0x3f, 0xe4, 0x20, 0xff,
    0x90, 0x83, 0xff, 0x40, 0x48, 0x9, 0xff, 0x0,

    /* U+552F "唯" */
    0x5, 0x1c, 0x92, 0xbf, 0xdc, 0x4a, 0xff, 0x51,
    0x2a, 0x25, 0x7f, 0xe8, 0x81, 0x10, 0x3f, 0x80,

    /* U+5531 "唱" */
    0x7, 0xdc, 0x8a, 0x9f, 0x52, 0x2a, 0x7d, 0x40,
    0x2b, 0xfd, 0x41, 0xef, 0xe1, 0x4, 0x3f, 0x80,

    /* U+553E "唾" */
    0x0, 0xdc, 0xe2, 0x84, 0x57, 0xfa, 0x55, 0x5f,
    0xe9, 0x55, 0x2a, 0xef, 0xe0, 0x20, 0x1f, 0x0,

    /* U+5543 "啃" */
    0x1, 0x1d, 0x3a, 0xa4, 0x5f, 0xfa, 0x1, 0x5f,
    0xaa, 0x15, 0x7e, 0xe8, 0x41, 0xf8, 0x21, 0x0,

    /* U+5544 "啄" */
    0xf, 0xfc, 0x22, 0x98, 0xdc, 0xaa, 0x99, 0x4d,
    0x2f, 0x35, 0x2d, 0xe6, 0xa3, 0x10, 0xc, 0x0,

    /* U+5546 "商" */
    0x4, 0x1f, 0xfc, 0x82, 0x8, 0x8f, 0xff, 0x22,
    0x68, 0x2e, 0xfb, 0x91, 0x33, 0xe6, 0x1, 0x80,

    /* U+554A "啊" */
    0xe, 0xfd, 0x46, 0xa8, 0xd5, 0x7a, 0xcb, 0x55,
    0x6a, 0xad, 0x57, 0xee, 0x21, 0x4, 0x21, 0x80,

    /* U+5561 "啡" */
    0x2, 0x9c, 0x52, 0xbb, 0xd1, 0x4a, 0x29, 0x5d,
    0xe8, 0xa5, 0x14, 0xee, 0xe0, 0x50, 0xa, 0x0,

    /* U+5564 "啤" */
    0x2, 0x1d, 0xfe, 0xa4, 0xd7, 0xfa, 0x93, 0x5f,
    0xe8, 0xa5, 0x24, 0xef, 0xe0, 0x10, 0x2, 0x0,

    /* U+5565 "啥" */
    0x3, 0x1c, 0x92, 0xe1, 0xd3, 0xca, 0x11, 0x7f,
    0xe8, 0x45, 0x7e, 0xe8, 0x41, 0x8, 0x3f, 0x0,

    /* U+5566 "啦" */
    0x9, 0x1d, 0x12, 0xff, 0xd4, 0xa, 0xa3, 0x5a,
    0x6e, 0x4d, 0x49, 0xe9, 0x41, 0x8, 0x6f, 0x80,

    /* U+556A "啪" */
    0x4, 0x5c, 0x92, 0xff, 0xd2, 0x9a, 0x53, 0x4a,
    0x69, 0xfd, 0xe9, 0xa5, 0x3c, 0xa4, 0x37, 0x80,

    /* U+556E "啮" */
    0x1, 0x1d, 0x3e, 0xa4, 0x54, 0x8b, 0xff, 0x40,
    0x2a, 0x4d, 0x49, 0xea, 0xa1, 0x8c, 0x3f, 0x80,

    /* U+5578 "啸" */
    0x1, 0x1d, 0xfe, 0x84, 0xdf, 0xfa, 0x13, 0x5f,
    0xe8, 0x45, 0x5d, 0xed, 0x61, 0x24, 0x44, 0x80,

    /* U+557C "啼" */
    0x1, 0x1d, 0xfe, 0x91, 0x51, 0x4a, 0xff, 0x52,
    0x69, 0xf5, 0x2a, 0xe5, 0x40, 0xb8, 0x4, 0x0,

    /* U+5580 "喀" */
    0x1, 0x1d, 0xfe, 0xa8, 0xd1, 0xea, 0xc5, 0x47,
    0x2f, 0x1d, 0x3e, 0xe4, 0x40, 0x88, 0x1f, 0x0,

    /* U+5582 "喂" */
    0xf, 0xfd, 0x26, 0xbf, 0xd4, 0x9a, 0xff, 0x40,
    0x2f, 0xfd, 0x48, 0xe8, 0xa1, 0x48, 0x30, 0x80,

    /* U+5584 "善" */
    0x11, 0x1f, 0xfc, 0x10, 0x3f, 0xe0, 0x41, 0xff,
    0xc9, 0x27, 0xff, 0x40, 0x48, 0x9, 0xff, 0x0,

    /* U+5587 "喇" */
    0x8, 0x3f, 0xd6, 0xa2, 0xdf, 0x5a, 0xab, 0x55,
    0x6f, 0xad, 0x45, 0xfc, 0x25, 0x44, 0x23, 0x80,

    /* U+5589 "喉" */
    0x5, 0xdc, 0x8a, 0xaf, 0xd4, 0x8b, 0x9f, 0x55,
    0x2a, 0x25, 0x5f, 0xe8, 0x81, 0x28, 0x28, 0x80,

    /* U+558A "喊" */
    0x0, 0xbc, 0x16, 0xbf, 0xd4, 0x4a, 0xeb, 0x51,
    0x6b, 0xad, 0x52, 0xee, 0x41, 0x14, 0x4c, 0x80,

    /* U+5598 "喘" */
    0x9, 0x3d, 0x26, 0xbf, 0xd0, 0xa, 0xff, 0x42,
    0x2b, 0xfd, 0x55, 0xea, 0xa1, 0x54, 0x21, 0x80,

    /* U+559C "喜" */
    0x4, 0x1f, 0xfc, 0x10, 0x3f, 0xe2, 0x8, 0x7f,
    0x4, 0x47, 0xff, 0x20, 0x84, 0x10, 0xfe, 0x0,

    /* U+559D "喝" */
    0xf, 0xdd, 0xa, 0xbf, 0x54, 0x2a, 0xfd, 0x48,
    0x2b, 0xfd, 0x89, 0xea, 0xa1, 0xf4, 0x1, 0x80,

    /* U+55A7 "喧" */
    0x1, 0x1d, 0xfe, 0xa0, 0xd3, 0xea, 0x1, 0x4f,
    0xa9, 0x15, 0x3a, 0xe5, 0xc0, 0x0, 0x3f, 0x80,

    /* U+55B3 "喳" */
    0x1, 0x1d, 0xfe, 0x95, 0x54, 0x9a, 0x7d, 0x48,
    0xa9, 0xf5, 0x22, 0xe7, 0xc0, 0x0, 0x3f, 0x80,

    /* U+55B7 "喷" */
    0x1, 0x1d, 0xfe, 0x95, 0x57, 0xfa, 0x45, 0x5f,
    0xea, 0xd, 0x49, 0xe9, 0x20, 0x50, 0x31, 0x80,

    /* U+55BB "喻" */
    0x3, 0x1c, 0x92, 0xa1, 0x5b, 0xda, 0x1, 0x5d,
    0x6a, 0xad, 0x75, 0xea, 0xa1, 0xc4, 0x29, 0x80,

    /* U+55C5 "嗅" */
    0x2, 0x1d, 0xfe, 0xa0, 0xd7, 0xfa, 0x83, 0x5f,
    0xe8, 0x55, 0x7f, 0xe1, 0x0, 0x50, 0x31, 0x80,

    /* U+55D3 "嗓" */
    0x7, 0xdc, 0x8a, 0x8a, 0x57, 0xfa, 0xab, 0x48,
    0xaa, 0xad, 0x8, 0xef, 0xe0, 0xa8, 0x24, 0x80,

    /* U+55DC "嗜" */
    0x2, 0x1d, 0xf6, 0x89, 0x5f, 0xfa, 0xc9, 0x6a,
    0x6b, 0xfd, 0x42, 0xef, 0xc1, 0x8, 0x3f, 0x0,

    /* U+55E1 "嗡" */
    0xb, 0xdd, 0xa, 0xc8, 0xd2, 0x5a, 0xf9, 0x40,
    0x2f, 0xfd, 0x55, 0xe6, 0x61, 0x54, 0x5d, 0x80,

    /* U+55E3 "嗣" */
    0xfb, 0xf1, 0x7, 0xee, 0x80, 0x1f, 0xbb, 0x55,
    0x6a, 0xaf, 0xd5, 0xab, 0xb5, 0x6, 0xa3, 0x80,

    /* U+55FD "嗽" */
    0x9, 0x1f, 0xe2, 0xa7, 0xdf, 0x9a, 0xab, 0x55,
    0x2f, 0xa5, 0x44, 0xfd, 0x45, 0x28, 0x28, 0x80,

    /* U+5609 "嘉" */
    0xff, 0xe0, 0x81, 0xff, 0x10, 0x43, 0xf8, 0x22,
    0x3f, 0xf9, 0x0, 0xfb, 0xe9, 0x46, 0x6f, 0x80,

    /* U+560E "嘎" */
    0x1f, 0xfc, 0x42, 0xbf, 0x54, 0x2a, 0xfd, 0x50,
    0xaa, 0x15, 0xff, 0xa8, 0x9c, 0xe4, 0x63, 0x80,

    /* U+5618 "嘘" */
    0x1, 0xdc, 0x22, 0xbf, 0xd4, 0x9a, 0x9d, 0x5e,
    0x6a, 0x7d, 0x54, 0xee, 0xa1, 0x58, 0x5f, 0x80,

    /* U+561B "嘛" */
    0x1, 0x1d, 0xfe, 0xa9, 0x55, 0x2a, 0xff, 0x54,
    0xab, 0xb5, 0x77, 0xeb, 0x41, 0x48, 0x49, 0x0,

    /* U+5631 "嘱" */
    0xf, 0xfd, 0x6, 0xbf, 0xd4, 0x4a, 0xbf, 0x55,
    0x6a, 0xfd, 0x44, 0xef, 0xe2, 0x94, 0x57, 0x80,

    /* U+5632 "嘲" */
    0x4, 0xfd, 0xd6, 0x92, 0xd7, 0x7a, 0xab, 0x5d,
    0x6a, 0xbd, 0x75, 0xe4, 0xa1, 0xd4, 0x15, 0x80,

    /* U+5634 "嘴" */
    0x2, 0x5d, 0x6e, 0xa9, 0x5f, 0xfa, 0x49, 0x5f,
    0xee, 0x4d, 0x7f, 0xe9, 0x21, 0xfc, 0x44, 0x80,

    /* U+5636 "嘶" */
    0xa, 0x3f, 0xfa, 0xaa, 0x57, 0x4a, 0xaf, 0x5d,
    0x6a, 0xad, 0xfd, 0xe0, 0xa1, 0x54, 0x44, 0x80,

    /* U+563B "嘻" */
    0x1, 0x1d, 0xfe, 0x84, 0x57, 0xea, 0x85, 0x5f,
    0xa9, 0x25, 0xff, 0xe8, 0x41, 0x8, 0x3f, 0x0,

    /* U+563F "嘿" */
    0xf, 0xfd, 0x26, 0xb5, 0xd4, 0x9a, 0xff, 0x42,
    0x2b, 0xfd, 0x8, 0xef, 0xe0, 0x0, 0x2a, 0x80,

    /* U+564E "噎" */
    0x1, 0x1d, 0xfe, 0x84, 0x57, 0xfa, 0x83, 0x4f,
    0xa9, 0x15, 0x3e, 0xe4, 0x40, 0x50, 0x3f, 0x80,

    /* U+5668 "器" */
    0x7b, 0xc9, 0x49, 0x29, 0x3d, 0xe0, 0x51, 0xff,
    0xc8, 0x27, 0xdf, 0x4a, 0x49, 0x49, 0xef, 0x0,

    /* U+566A "噪" */
    0x7, 0xdc, 0x8a, 0x9f, 0x57, 0x7a, 0xab, 0x5d,
    0xe8, 0x45, 0x7f, 0xe3, 0x80, 0xa8, 0x24, 0x80,

    /* U+566C "噬" */
    0x8, 0x9d, 0xde, 0xd5, 0x50, 0xa, 0xff, 0x42,
    0x29, 0x55, 0x2a, 0xeb, 0xa0, 0x20, 0x3f, 0x80,

    /* U+5676 "噶" */
    0x4, 0x9d, 0xfe, 0x92, 0x57, 0xea, 0x85, 0x5f,
    0xaa, 0x15, 0x7f, 0xf1, 0x21, 0x54, 0x3f, 0x0,

    /* U+568E "嚎" */
    0x1, 0x1d, 0xfe, 0x91, 0x53, 0xea, 0x1, 0x5f,
    0xea, 0x4d, 0x14, 0xed, 0xa0, 0x58, 0x36, 0x80,

    /* U+568F "嚏" */
    0xf, 0xdc, 0x22, 0xff, 0xda, 0xba, 0x7d, 0x4a,
    0xab, 0xfd, 0x9, 0xe5, 0xc0, 0xe0, 0x63, 0x80,

    /* U+56A3 "嚣" */
    0x7b, 0xc9, 0x4b, 0xff, 0x82, 0x7, 0xfc, 0x88,
    0x86, 0xc7, 0x7, 0x7b, 0xc9, 0x49, 0xef, 0x0,

    /* U+56B7 "嚷" */
    0x1, 0x1f, 0xfe, 0xaa, 0xd7, 0x7a, 0x45, 0x5f,
    0xe9, 0x15, 0x7f, 0xe2, 0xa1, 0xa8, 0x18, 0x80,

    /* U+56BC "嚼" */
    0x0, 0xfd, 0xe2, 0x95, 0x57, 0xfa, 0xab, 0x5f,
    0xea, 0x95, 0x77, 0xe9, 0x41, 0x48, 0x3b, 0x0,

    /* U+56CA "囊" */
    0x4, 0x1f, 0xfd, 0x11, 0x7f, 0xfa, 0xaa, 0xf7,
    0x84, 0x47, 0xff, 0x11, 0x5d, 0x90, 0xc1, 0x80,

    /* U+56DA "囚" */
    0xff, 0xf0, 0x6, 0x10, 0xc2, 0x18, 0x43, 0x14,
    0x62, 0x8c, 0x89, 0xa0, 0xb0, 0x7, 0xff, 0x80,

    /* U+56DB "四" */
    0xff, 0xf2, 0x26, 0x44, 0xc8, 0x99, 0x13, 0x22,
    0x68, 0x7e, 0x1, 0x80, 0x30, 0x7, 0xff, 0x80,

    /* U+56DE "回" */
    0xff, 0xf0, 0x6, 0x0, 0xcf, 0x99, 0x13, 0x22,
    0x64, 0x4c, 0xf9, 0x80, 0x30, 0x7, 0xff, 0x80,

    /* U+56E0 "因" */
    0xff, 0xf0, 0x6, 0x10, 0xc2, 0x1b, 0xfb, 0x8,
    0x62, 0x8c, 0x89, 0xa0, 0xb0, 0x7, 0xff, 0x80,

    /* U+56E2 "团" */
    0xff, 0xf0, 0x6, 0x8, 0xdf, 0xd8, 0x63, 0x14,
    0x64, 0x8d, 0x11, 0x86, 0x30, 0x7, 0xff, 0x80,

    /* U+56E4 "囤" */
    0xff, 0xf0, 0x86, 0xfe, 0xc2, 0x1a, 0x4b, 0x49,
    0x6f, 0xec, 0x21, 0x84, 0xb0, 0x77, 0xff, 0x80,

    /* U+56ED "园" */
    0xff, 0xf0, 0x6, 0x7c, 0xc0, 0x1b, 0xfb, 0x14,
    0x62, 0x8c, 0x95, 0xa3, 0xb0, 0x7, 0xff, 0x80,

    /* U+56F0 "困" */
    0xff, 0xf0, 0x6, 0x10, 0xc2, 0x1b, 0xfb, 0x1c,
    0x65, 0x4d, 0x25, 0x84, 0x30, 0x7, 0xff, 0x80,

    /* U+56F1 "囱" */
    0x10, 0x7f, 0xe4, 0x33, 0xda, 0x2e, 0x16, 0x53,
    0x11, 0x90, 0xff, 0xe0, 0x20,

    /* U+56F4 "围" */
    0xff, 0xf0, 0x86, 0xfe, 0xc2, 0x19, 0xf3, 0x8,
    0x6f, 0xec, 0x25, 0x85, 0xb0, 0x87, 0xff, 0x80,

    /* U+56FA "固" */
    0xff, 0xf0, 0x86, 0x10, 0xdf, 0xd8, 0x43, 0x3e,
    0x64, 0x4c, 0x89, 0x9f, 0x30, 0x7, 0xff, 0x80,

    /* U+56FD "国" */
    0xff, 0xf0, 0x6, 0xfe, 0xc2, 0x18, 0x43, 0x3e,
    0x61, 0xc, 0x29, 0xbf, 0xb0, 0x7, 0xff, 0x80,

    /* U+56FE "图" */
    0xff, 0xf1, 0x6, 0x3c, 0xd8, 0x98, 0xe3, 0xe3,
    0xe3, 0xc, 0x19, 0x98, 0x30, 0xc7, 0xff, 0x80,

    /* U+5703 "圃" */
    0xff, 0xf0, 0xa6, 0xfe, 0xc2, 0x1b, 0xfb, 0x49,
    0x6f, 0xed, 0x25, 0xbf, 0xb4, 0x97, 0xff, 0x80,

    /* U+5706 "圆" */
    0xff, 0xf2, 0x26, 0x44, 0xcf, 0x98, 0x3, 0x7f,
    0x69, 0x2d, 0x25, 0x8a, 0x36, 0x37, 0xff, 0x80,

    /* U+5708 "圈" */
    0xff, 0xf2, 0xa6, 0xfe, 0xc4, 0x1f, 0xff, 0x22,
    0x6f, 0xae, 0x93, 0x96, 0x32, 0x17, 0xff, 0x80,

    /* U+571F "土" */
    0x4, 0x0, 0x80, 0x10, 0x2, 0x7, 0xfc, 0x8,
    0x1, 0x0, 0x20, 0x4, 0x0, 0x83, 0xff, 0x80,

    /* U+5723 "圣" */
    0x7f, 0xc4, 0x10, 0x44, 0x7, 0x3, 0x19, 0x88,
    0xc1, 0x3, 0xfe, 0x4, 0x0, 0x83, 0xff, 0x80,

    /* U+5728 "在" */
    0x8, 0x1, 0x3, 0xff, 0x88, 0x1, 0x10, 0x42,
    0x1b, 0xfd, 0x8, 0x21, 0x4, 0x20, 0xbf, 0x80,

    /* U+572D "圭" */
    0x4, 0xf, 0xf8, 0x10, 0x2, 0xf, 0xfe, 0x0,
    0x1, 0x3, 0xfe, 0x4, 0x0, 0x83, 0xff, 0x80,

    /* U+5730 "地" */
    0x41, 0x9, 0x21, 0x25, 0xf5, 0xd5, 0xd2, 0x92,
    0x52, 0x5b, 0x48, 0xc8, 0x21, 0x4, 0x1f, 0x80,

    /* U+573A "场" */
    0x4f, 0xc8, 0x11, 0x4, 0x71, 0x4, 0xfe, 0x85,
    0x51, 0x2b, 0x49, 0xc1, 0x20, 0x44, 0x13, 0x0,

    /* U+573E "圾" */
    0x4f, 0xc8, 0x89, 0x11, 0x72, 0x44, 0x4e, 0x88,
    0x51, 0x8b, 0x2a, 0xc8, 0x81, 0x28, 0x58, 0x80,

    /* U+5740 "址" */
    0x41, 0x8, 0x21, 0x4, 0x74, 0x84, 0x9e, 0x92,
    0x12, 0x43, 0x48, 0xc9, 0x1, 0x20, 0x7f, 0x80,

    /* U+5747 "均" */
    0x44, 0x8, 0xfd, 0x20, 0xf8, 0x14, 0x62, 0x82,
    0x50, 0xb, 0x5, 0xc3, 0x21, 0x84, 0x3, 0x0,

    /* U+574A "坊" */
    0x42, 0x8, 0x21, 0x7f, 0xf2, 0x4, 0x40, 0x8f,
    0x91, 0x13, 0x22, 0xc8, 0x41, 0x8, 0x46, 0x0,

    /* U+574D "坍" */
    0x4f, 0xc9, 0x9, 0x29, 0x74, 0xa4, 0x84, 0xbf,
    0xd2, 0x13, 0x42, 0xc8, 0x42, 0x8, 0x83, 0x0,

    /* U+574E "坎" */
    0x24, 0x4, 0x80, 0x9f, 0xfa, 0x12, 0x94, 0x42,
    0x8, 0x41, 0x94, 0xc2, 0x80, 0x88, 0x60, 0x80,

    /* U+574F "坏" */
    0x2f, 0xe4, 0x10, 0x84, 0x78, 0x82, 0x34, 0x4a,
    0x4a, 0x49, 0x88, 0xc1, 0x0, 0x20, 0x4, 0x0,

    /* U+5750 "坐" */
    0x4, 0x4, 0x90, 0x92, 0x12, 0x45, 0x55, 0x1c,
    0x41, 0x3, 0xfe, 0x4, 0x0, 0x83, 0xff, 0x80,

    /* U+5751 "坑" */
    0x42, 0x8, 0x21, 0x7f, 0xf0, 0x4, 0x78, 0x89,
    0x11, 0x23, 0x24, 0xc4, 0xa1, 0x14, 0x43, 0x80,

    /* U+5757 "块" */
    0x42, 0x8, 0x41, 0x3f, 0x71, 0x24, 0x24, 0x84,
    0x97, 0xfb, 0x10, 0xc5, 0x1, 0x10, 0xc1, 0x80,

    /* U+575A "坚" */
    0x17, 0xf2, 0x86, 0x49, 0x48, 0xc9, 0x66, 0x20,
    0x1, 0x3, 0xfe, 0x4, 0x0, 0x83, 0xff, 0x80,

    /* U+575B "坛" */
    0x27, 0xc4, 0x0, 0x80, 0x78, 0x2, 0xfe, 0x44,
    0x8, 0x81, 0xa2, 0xc4, 0x41, 0x34, 0x38, 0x80,

    /* U+575D "坝" */
    0x4f, 0xe9, 0x5, 0x24, 0xf4, 0x94, 0x92, 0x92,
    0x52, 0x4b, 0x49, 0xc2, 0x80, 0x88, 0x20, 0x80,

    /* U+575E "坞" */
    0x21, 0x4, 0xf8, 0x91, 0x7a, 0x22, 0x4c, 0x48,
    0x9, 0xf9, 0x81, 0xcf, 0xa0, 0x4, 0x7, 0x0,

    /* U+575F "坟" */
    0x22, 0x4, 0x20, 0xbf, 0xfa, 0x22, 0x44, 0x48,
    0x88, 0xa1, 0x94, 0xc1, 0x0, 0x50, 0x31, 0x80,

    /* U+5760 "坠" */
    0xf1, 0x12, 0x22, 0x84, 0x49, 0x49, 0x29, 0xc8,
    0xa2, 0x8, 0x20, 0x7f, 0xc0, 0x83, 0xff, 0x80,

    /* U+5761 "坡" */
    0x41, 0x9, 0xfd, 0x24, 0xf4, 0x84, 0xfe, 0x98,
    0x52, 0x8b, 0x4a, 0xc8, 0x81, 0x28, 0x58, 0x80,

    /* U+5764 "坤" */
    0x41, 0x8, 0x21, 0x3f, 0xf4, 0x94, 0x92, 0x9f,
    0xd2, 0x4b, 0x49, 0xcf, 0xe0, 0x20, 0x4, 0x0,

    /* U+5766 "坦" */
    0x4f, 0xc9, 0x9, 0x21, 0x74, 0x24, 0xfc, 0x90,
    0x92, 0x13, 0x42, 0xcf, 0xc0, 0x0, 0x7f, 0x80,

    /* U+576A "坪" */
    0x4f, 0xe8, 0x21, 0x24, 0xf2, 0xa4, 0x10, 0x9f,
    0xd0, 0x43, 0x8, 0xc1, 0x0, 0x20, 0x4, 0x0,

    /* U+576F "坯" */
    0x2f, 0xe4, 0x10, 0x84, 0x78, 0x82, 0x34, 0x4a,
    0x4a, 0x49, 0x88, 0xc1, 0x0, 0x0, 0x3f, 0x80,

    /* U+5777 "坷" */
    0x5f, 0xe8, 0x9, 0x1, 0x77, 0xa4, 0x94, 0x92,
    0x92, 0x53, 0x7a, 0xc0, 0x40, 0x8, 0x7, 0x0,

    /* U+5782 "垂" */
    0x3, 0xcf, 0x80, 0x10, 0x7f, 0xf2, 0x49, 0xff,
    0xc9, 0x21, 0x24, 0xff, 0xe0, 0x81, 0xff, 0x0,

    /* U+5783 "垃" */
    0x42, 0x8, 0x21, 0x3f, 0xf0, 0x4, 0x44, 0x88,
    0x90, 0x93, 0x12, 0xc2, 0x80, 0x10, 0x3f, 0x80,

    /* U+5784 "垄" */
    0x8, 0x9f, 0xfc, 0x2a, 0x9, 0x82, 0x63, 0x93,
    0xc1, 0x3, 0xfe, 0x4, 0x0, 0x83, 0xff, 0x80,

    /* U+578B "型" */
    0xfe, 0x24, 0x94, 0x92, 0xff, 0x52, 0x4a, 0x88,
    0x60, 0x18, 0x20, 0x7f, 0xc0, 0x83, 0xff, 0x80,

    /* U+5792 "垒" */
    0x8, 0x2, 0x20, 0x82, 0x3f, 0xa2, 0x8, 0x92,
    0x7e, 0xf8, 0x20, 0x7f, 0xc0, 0x83, 0xff, 0x80,

    /* U+579B "垛" */
    0x47, 0x88, 0x91, 0x12, 0x72, 0x45, 0x8e, 0x82,
    0x10, 0x43, 0x7f, 0xc3, 0x80, 0xa8, 0x64, 0x80,

    /* U+57A2 "垢" */
    0x40, 0xe9, 0xe1, 0x20, 0x74, 0x4, 0xfe, 0x90,
    0x12, 0xfb, 0x51, 0xca, 0x21, 0x44, 0x4f, 0x80,

    /* U+57A3 "垣" */
    0x5f, 0xe8, 0x1, 0x3f, 0x74, 0x24, 0x84, 0x9f,
    0x92, 0x13, 0x42, 0xcf, 0xc0, 0x0, 0x7f, 0x80,

    /* U+57A6 "垦" */
    0x7f, 0xc8, 0x9, 0xff, 0x20, 0x27, 0xfc, 0x89,
    0x38, 0xc0, 0x27, 0x3f, 0x80, 0x83, 0xff, 0x80,

    /* U+57AB "垫" */
    0x21, 0x1e, 0xf8, 0x85, 0x1a, 0xae, 0x24, 0x4a,
    0x58, 0x28, 0x20, 0x7f, 0xc0, 0x83, 0xff, 0x80,

    /* U+57AE "垮" */
    0x42, 0xb, 0xfd, 0x12, 0x74, 0x25, 0x7a, 0x80,
    0x17, 0xfb, 0x20, 0xc7, 0xc0, 0x8, 0x6, 0x0,

    /* U+57C2 "埂" */
    0x4f, 0xe8, 0x21, 0x3f, 0xf4, 0x94, 0xfe, 0x92,
    0x53, 0xfb, 0x28, 0xc2, 0x0, 0xa0, 0x63, 0x80,

    /* U+57C3 "埃" */
    0x42, 0x8, 0x89, 0x3e, 0xf2, 0x4, 0x7c, 0x92,
    0x10, 0x43, 0x7f, 0xc2, 0x80, 0x88, 0x20, 0x80,

    /* U+57CB "埋" */
    0x4f, 0xe9, 0x25, 0x24, 0xf7, 0xf4, 0x92, 0x92,
    0x53, 0xfb, 0x8, 0xcf, 0xe0, 0x20, 0x7f, 0x80,

    /* U+57CE "城" */
    0x40, 0xa8, 0x15, 0x3f, 0xf4, 0x44, 0xea, 0x95,
    0x52, 0xab, 0x52, 0xce, 0x41, 0x14, 0x4c, 0x80,

    /* U+57D4 "埔" */
    0x41, 0x49, 0xfd, 0x4, 0x77, 0xf4, 0x92, 0x9f,
    0xd2, 0x4b, 0x7f, 0xc9, 0x21, 0x24, 0x25, 0x80,

    /* U+57DF "域" */
    0x40, 0xa8, 0x15, 0x7f, 0xf0, 0x44, 0xea, 0x95,
    0x52, 0xab, 0x72, 0xc0, 0x40, 0xd4, 0x64, 0x80,

    /* U+57E0 "埠" */
    0x42, 0x9, 0xfd, 0x20, 0xf7, 0xf4, 0x80, 0x9f,
    0xd2, 0xb, 0x7f, 0xc1, 0x3, 0xfc, 0x4, 0x0,

    /* U+57F9 "培" */
    0x41, 0x9, 0xf9, 0x0, 0x74, 0x24, 0x48, 0xbf,
    0xd0, 0x3, 0x7e, 0xc8, 0x41, 0x8, 0x3f, 0x0,

    /* U+57FA "基" */
    0x20, 0x9f, 0xfc, 0x82, 0x1f, 0xc2, 0x9, 0xff,
    0xc8, 0x22, 0x22, 0xbf, 0xa0, 0x81, 0xff, 0x0,

    /* U+5802 "堂" */
    0x44, 0x44, 0x93, 0xff, 0xc0, 0x1b, 0xfa, 0x41,
    0xf, 0xe0, 0x20, 0x7f, 0xc0, 0x83, 0xff, 0x80,

    /* U+5806 "堆" */
    0x45, 0x8, 0x91, 0x3f, 0xf4, 0x45, 0xfe, 0x91,
    0x12, 0x23, 0x7f, 0xc8, 0x81, 0x10, 0x3f, 0x80,

    /* U+5811 "堑" */
    0x40, 0x7f, 0x72, 0x88, 0x7d, 0xf2, 0x25, 0xf4,
    0x89, 0x10, 0x20, 0x7f, 0xc0, 0x83, 0xff, 0x80,

    /* U+5815 "堕" */
    0xf1, 0x12, 0xfe, 0x88, 0x4b, 0xf9, 0xa3, 0xe7,
    0xe0, 0x88, 0x20, 0x7f, 0xc0, 0x83, 0xff, 0x80,

    /* U+5821 "堡" */
    0x2f, 0xc5, 0x9, 0x3f, 0x60, 0x85, 0xfe, 0x8a,
    0x96, 0x48, 0x20, 0x7f, 0xc0, 0x83, 0xff, 0x80,

    /* U+5824 "堤" */
    0x4f, 0xc9, 0x9, 0x3f, 0x74, 0x24, 0xfc, 0x80,
    0x17, 0xfb, 0x28, 0xc5, 0xe1, 0x60, 0x43, 0x80,

    /* U+582A "堪" */
    0x24, 0x45, 0xfc, 0x91, 0x7b, 0xe2, 0x44, 0x4f,
    0x89, 0x11, 0xff, 0xca, 0x81, 0x88, 0x3f, 0x80,

    /* U+5830 "堰" */
    0x4f, 0xe9, 0x49, 0x2f, 0x75, 0x24, 0xbc, 0x92,
    0x13, 0xfb, 0x4a, 0xc9, 0x81, 0x48, 0x3f, 0x80,

    /* U+5835 "堵" */
    0x42, 0x9, 0xf5, 0x9, 0x71, 0x45, 0xfe, 0x84,
    0x11, 0xf3, 0x62, 0xd7, 0xc0, 0x88, 0x1f, 0x0,

    /* U+584C "塌" */
    0x4f, 0xc9, 0x9, 0x3f, 0x74, 0x24, 0xfc, 0x80,
    0x17, 0xbb, 0x55, 0xc6, 0x61, 0x54, 0x59, 0x80,

    /* U+5851 "塑" */
    0x53, 0xff, 0x44, 0x8f, 0xd5, 0x1f, 0xbe, 0x44,
    0x51, 0x18, 0x20, 0x3f, 0x80, 0x83, 0xff, 0x80,

    /* U+5854 "塔" */
    0x44, 0x4b, 0xfd, 0x11, 0x71, 0xc4, 0x44, 0xb7,
    0x50, 0x3, 0x7f, 0xc8, 0x21, 0x4, 0x3f, 0x80,

    /* U+5858 "塘" */
    0x41, 0x9, 0xfd, 0x22, 0x75, 0xf4, 0x8a, 0x9f,
    0xd2, 0x2b, 0x5f, 0xca, 0x21, 0x44, 0x4f, 0x80,

    /* U+585E "塞" */
    0x4, 0x1f, 0xfe, 0x44, 0xbf, 0xe1, 0x11, 0xff,
    0xc8, 0x22, 0x22, 0xbf, 0xa0, 0x83, 0xff, 0x80,

    /* U+586B "填" */
    0x21, 0x5, 0xfc, 0x84, 0x7b, 0xe2, 0x44, 0x4f,
    0x89, 0x11, 0xa2, 0xcf, 0xe0, 0x88, 0x20, 0x80,

    /* U+5883 "境" */
    0x41, 0x9, 0xf9, 0x12, 0x7f, 0xf4, 0x84, 0x9f,
    0x92, 0x13, 0x7e, 0xc4, 0x81, 0x14, 0xc3, 0x80,

    /* U+5885 "墅" */
    0xfb, 0xf5, 0x2b, 0xe2, 0x55, 0xff, 0x8a, 0x41,
    0xbe, 0x60, 0x20, 0x7f, 0xc0, 0x83, 0xff, 0x80,

    /* U+5892 "墒" */
    0x41, 0x9, 0xfd, 0x11, 0x71, 0x44, 0xfe, 0x95,
    0x53, 0x1b, 0x5d, 0xca, 0xa1, 0x74, 0x21, 0x80,

    /* U+5893 "墓" */
    0x11, 0x1f, 0xfc, 0x44, 0x3f, 0xe4, 0x5, 0xff,
    0xc4, 0x41, 0x24, 0xdf, 0x60, 0x81, 0xff, 0x0,

    /* U+5899 "墙" */
    0x41, 0x9, 0xfd, 0x15, 0x70, 0x85, 0xfe, 0x80,
    0x13, 0xfb, 0x41, 0xcb, 0xa1, 0x54, 0x3f, 0x80,

    /* U+589E "增" */
    0x44, 0x4b, 0xfd, 0x44, 0xfa, 0xb5, 0xfe, 0x80,
    0x13, 0xf3, 0x42, 0xcf, 0xc1, 0x8, 0x3f, 0x0,

    /* U+589F "墟" */
    0x41, 0xc8, 0x21, 0x3f, 0xf4, 0x94, 0x9c, 0x9e,
    0x52, 0x7b, 0x54, 0xce, 0xa1, 0x58, 0x5f, 0x80,

    /* U+58A8 "墨" */
    0x7f, 0xc8, 0x89, 0x55, 0x22, 0x27, 0xfc, 0x8,
    0x3f, 0xfa, 0xaa, 0x3f, 0x80, 0x83, 0xff, 0x80,

    /* U+58A9 "墩" */
    0x44, 0x8b, 0xf1, 0x2b, 0xf7, 0x54, 0x12, 0x9d,
    0x50, 0xab, 0x3d, 0xdc, 0x40, 0x94, 0x34, 0x80,

    /* U+58C1 "壁" */
    0x78, 0x89, 0x7d, 0xe5, 0x23, 0xf7, 0x89, 0x57,
    0xce, 0x20, 0x20, 0x7f, 0xc0, 0x83, 0xff, 0x80,

    /* U+58D5 "壕" */
    0x41, 0x9, 0xfd, 0x11, 0x73, 0xe4, 0x0, 0x9f,
    0xd2, 0x4b, 0x14, 0xcd, 0xa0, 0x58, 0x36, 0x80,

    /* U+58E4 "壤" */
    0x41, 0xb, 0xfd, 0x2a, 0xf7, 0x74, 0x44, 0x9f,
    0xd1, 0x13, 0x7f, 0xc2, 0xa1, 0xa8, 0x18, 0x80,

    /* U+58EB "士" */
    0x4, 0x0, 0x80, 0x10, 0x2, 0xf, 0xfe, 0x8,
    0x1, 0x0, 0x20, 0x4, 0x0, 0x81, 0xff, 0x0,

    /* U+58EC "壬" */
    0x3, 0xcf, 0x80, 0x10, 0x2, 0x0, 0x41, 0xff,
    0xc1, 0x0, 0x20, 0x4, 0x0, 0x81, 0xff, 0x0,

    /* U+58EE "壮" */
    0x21, 0x4, 0x22, 0x84, 0x37, 0xf2, 0x10, 0x42,
    0x8, 0x43, 0x8, 0xa1, 0x4, 0x20, 0x9f, 0x0,

    /* U+58F0 "声" */
    0x4, 0x1f, 0xfc, 0x10, 0x3f, 0xe0, 0x0, 0xff,
    0x91, 0x13, 0xfe, 0x40, 0x8, 0x2, 0x0, 0x0,

    /* U+58F3 "壳" */
    0x4, 0x1f, 0xfc, 0x10, 0x3f, 0xe0, 0x1, 0xff,
    0xe0, 0x8, 0xf8, 0x11, 0x4, 0x27, 0x7, 0x80,

    /* U+58F6 "壶" */
    0x4, 0x1f, 0xfc, 0x10, 0x3f, 0xe0, 0x1, 0xff,
    0xe4, 0x4a, 0x8a, 0x31, 0x82, 0x23, 0xff, 0x80,

    /* U+58F9 "壹" */
    0x4, 0x1f, 0xfc, 0x10, 0x7f, 0xf8, 0x2, 0xff,
    0x90, 0x13, 0xfe, 0x20, 0x82, 0x23, 0xff, 0x80,

    /* U+5904 "处" */
    0x20, 0x84, 0x10, 0xf2, 0x22, 0x44, 0x4d, 0x49,
    0x4a, 0x21, 0x44, 0x10, 0x85, 0x83, 0xf, 0x80,

    /* U+5907 "备" */
    0x10, 0x7, 0xf3, 0x44, 0x7, 0x3, 0x19, 0x80,
    0xdf, 0xf2, 0x22, 0x7f, 0xc8, 0x89, 0xff, 0x0,

    /* U+590D "复" */
    0x40, 0xf, 0xfe, 0x81, 0x1f, 0xe2, 0x4, 0x7f,
    0x82, 0x0, 0xfe, 0x70, 0x81, 0xe3, 0xc3, 0x80,

    /* U+590F "夏" */
    0xff, 0xe0, 0x81, 0xff, 0x20, 0x27, 0xfc, 0x80,
    0x9f, 0xf1, 0x4, 0xd1, 0x1, 0xc3, 0xc7, 0x80,

    /* U+5915 "夕" */
    0x10, 0x4, 0x1, 0xfc, 0x81, 0x50, 0x63, 0x20,
    0x28, 0x4, 0x2, 0x3, 0x7, 0x0,

    /* U+5916 "外" */
    0x21, 0x4, 0x20, 0xe4, 0x24, 0x84, 0x99, 0x52,
    0x84, 0x48, 0x88, 0x21, 0x8, 0x22, 0x4, 0x0,

    /* U+591A "多" */
    0x4, 0x1, 0xf1, 0xc2, 0x4, 0x80, 0x68, 0x33,
    0xf8, 0x88, 0xe1, 0x2, 0x40, 0x30, 0xf8, 0x0,

    /* U+591C "夜" */
    0x4, 0x1f, 0xfc, 0x88, 0x11, 0xe4, 0x44, 0x92,
    0xb5, 0x22, 0x14, 0x41, 0x8, 0xd1, 0x61, 0x80,

    /* U+591F "够" */
    0x21, 0x7, 0xbd, 0x18, 0xc2, 0xa7, 0x48, 0xae,
    0x15, 0x7a, 0xb1, 0x75, 0x40, 0x90, 0x6c, 0x0,

    /* U+5927 "大" */
    0x4, 0x0, 0x80, 0x10, 0x7f, 0xf0, 0x40, 0x14,
    0x2, 0x80, 0x88, 0x11, 0x4, 0x13, 0x1, 0x80,

    /* U+5929 "天" */
    0x7f, 0xc0, 0x80, 0x10, 0x2, 0xf, 0xfe, 0x8,
    0x2, 0x80, 0x50, 0x11, 0x4, 0x13, 0x1, 0x80,

    /* U+592A "太" */
    0x4, 0x0, 0x80, 0x10, 0x7f, 0xf0, 0x40, 0x14,
    0x2, 0x80, 0x88, 0x11, 0x5, 0x13, 0x11, 0x80,

    /* U+592B "夫" */
    0x4, 0x0, 0x81, 0xff, 0x2, 0x0, 0x41, 0xff,
    0xc1, 0x0, 0x50, 0x11, 0x4, 0x13, 0x1, 0x80,

    /* U+592E "央" */
    0x4, 0x0, 0x81, 0xff, 0x22, 0x24, 0x44, 0x88,
    0xbf, 0xf8, 0x50, 0x11, 0x4, 0x13, 0x1, 0x80,

    /* U+592F "夯" */
    0x8, 0x1f, 0xfc, 0x44, 0x10, 0x4c, 0x46, 0x8,
    0x1f, 0xf0, 0x42, 0x8, 0x42, 0x9, 0x86, 0x0,

    /* U+5931 "失" */
    0x24, 0x4, 0x80, 0xff, 0x22, 0x8, 0x40, 0x8,
    0x3f, 0xf8, 0x50, 0x11, 0x4, 0x13, 0x1, 0x80,

    /* U+5934 "头" */
    0x22, 0x2, 0x41, 0x8, 0x11, 0x0, 0x21, 0xff,
    0xc1, 0x0, 0x28, 0x8, 0x86, 0xb, 0x0, 0x80,

    /* U+5937 "夷" */
    0x4, 0x1f, 0xfc, 0x10, 0x3f, 0xe0, 0x44, 0xff,
    0x91, 0x3, 0xff, 0xa, 0x26, 0x33, 0x1, 0x80,

    /* U+5938 "夸" */
    0x8, 0x1f, 0xfc, 0x44, 0x10, 0x4d, 0xf6, 0x0,
    0x1f, 0xf0, 0x80, 0x1f, 0x80, 0x10, 0x1c, 0x0,

    /* U+5939 "夹" */
    0x4, 0xf, 0xf8, 0x10, 0x12, 0x41, 0x50, 0x8,
    0x3f, 0xf8, 0x50, 0x11, 0x4, 0x13, 0x1, 0x80,

    /* U+593A "夺" */
    0x8, 0x1f, 0xfc, 0x44, 0x10, 0x4c, 0x16, 0x2,
    0x3f, 0xf9, 0x8, 0x11, 0x0, 0x20, 0x1c, 0x0,

    /* U+5944 "奄" */
    0x8, 0x1f, 0xfc, 0x44, 0x12, 0x4f, 0xfe, 0x88,
    0x9f, 0xf2, 0x22, 0x7f, 0xc0, 0x84, 0xf, 0x80,

    /* U+5947 "奇" */
    0x4, 0x1f, 0xfc, 0x28, 0x8, 0x82, 0x9, 0xff,
    0xc0, 0x11, 0xf2, 0x22, 0x47, 0xc8, 0x7, 0x0,

    /* U+5948 "奈" */
    0x4, 0x1f, 0xfc, 0x44, 0x10, 0x4d, 0xf6, 0x0,
    0x1f, 0xf0, 0x20, 0x24, 0x98, 0x8c, 0x30, 0x0,

    /* U+5949 "奉" */
    0x4, 0xf, 0xf8, 0x20, 0x3f, 0xe1, 0x1, 0xff,
    0xc9, 0x22, 0xfa, 0x84, 0x2f, 0xf8, 0x10, 0x0,

    /* U+594B "奋" */
    0x4, 0x0, 0x83, 0xff, 0x85, 0x3, 0x19, 0x80,
    0xdf, 0xf2, 0x22, 0x7f, 0xc8, 0x89, 0xff, 0x0,

    /* U+594E "奎" */
    0x8, 0x1f, 0xfc, 0x44, 0x12, 0x4d, 0xf6, 0x8,
    0x1f, 0xf0, 0x20, 0x3f, 0x80, 0x83, 0xff, 0x80,

    /* U+594F "奏" */
    0x4, 0xf, 0xf8, 0x20, 0x3f, 0xe1, 0x1, 0xff,
    0xcb, 0xa2, 0x22, 0xbf, 0xa1, 0x40, 0xc6, 0x0,

    /* U+5951 "契" */
    0x23, 0xff, 0x24, 0x84, 0xfc, 0x92, 0x23, 0xf4,
    0xc1, 0x7, 0xff, 0xa, 0x6, 0x33, 0x1, 0x80,

    /* U+5954 "奔" */
    0x8, 0x1f, 0xfc, 0x44, 0x10, 0x4c, 0x46, 0x7f,
    0x1, 0x1, 0x4, 0xff, 0xe4, 0x13, 0x2, 0x0,

    /* U+5956 "奖" */
    0x12, 0x12, 0x7d, 0x48, 0x8a, 0x93, 0xd, 0xae,
    0x1, 0x7, 0xff, 0xa, 0x6, 0x33, 0x1, 0x80,

    /* U+5957 "套" */
    0x8, 0x1f, 0xfc, 0x82, 0x3f, 0xea, 0x2, 0x7f,
    0x8, 0x7, 0xff, 0x10, 0x4, 0x11, 0xfd, 0x0,

    /* U+5960 "奠" */
    0x11, 0x1f, 0xfc, 0x28, 0x3f, 0xe4, 0xa4, 0xa4,
    0x9b, 0xf2, 0x2, 0xff, 0xe2, 0x23, 0x83, 0x80,

    /* U+5962 "奢" */
    0x8, 0x1f, 0xfc, 0x44, 0x74, 0x73, 0xf4, 0x11,
    0x3f, 0xf9, 0x2, 0x7f, 0xd4, 0x8, 0xff, 0x0,

    /* U+5965 "奥" */
    0x8, 0xf, 0xf9, 0x55, 0x27, 0x27, 0xfc, 0xaa,
    0x99, 0x37, 0xff, 0xa, 0x6, 0x33, 0x1, 0x80,

    /* U+5973 "女" */
    0x8, 0x1, 0x0, 0x20, 0x7f, 0xf1, 0x8, 0x21,
    0x8, 0x40, 0xc8, 0x6, 0x3, 0x33, 0x81, 0x80,

    /* U+5974 "奴" */
    0x20, 0x4, 0x7f, 0xe8, 0xa5, 0x14, 0xa3, 0x14,
    0x64, 0x52, 0x8a, 0x20, 0x8a, 0x2a, 0x28, 0x80,

    /* U+5976 "奶" */
    0x27, 0xc4, 0x4b, 0xc9, 0x29, 0x45, 0x2e, 0xa4,
    0x64, 0x8a, 0x91, 0x24, 0x2a, 0x86, 0x23, 0x0,

    /* U+5978 "奸" */
    0x27, 0xc4, 0x23, 0xc4, 0x28, 0x85, 0x10, 0xbf,
    0xe4, 0x42, 0x88, 0x21, 0xa, 0x22, 0x4, 0x0,

    /* U+5979 "她" */
    0x21, 0x4, 0xa3, 0xd5, 0xab, 0xd5, 0xd2, 0xaa,
    0x65, 0x5a, 0xa8, 0x24, 0x2a, 0x86, 0xf, 0x80,

    /* U+597D "好" */
    0x27, 0xc4, 0xb, 0xc2, 0x28, 0x85, 0x10, 0xbf,
    0xe4, 0x42, 0x88, 0x21, 0xa, 0x22, 0x1c, 0x0,

    /* U+5982 "如" */
    0x20, 0x4, 0x7f, 0xe8, 0xa5, 0x14, 0xa3, 0x14,
    0x64, 0x8a, 0x91, 0x22, 0x2a, 0x7e, 0x20, 0x0,

    /* U+5984 "妄" */
    0x4, 0x1f, 0xfc, 0x80, 0x10, 0x3, 0xfc, 0x10,
    0x3f, 0xf8, 0x84, 0x31, 0x1, 0xc3, 0xc7, 0x80,

    /* U+5986 "妆" */
    0x22, 0x4, 0x42, 0x88, 0x37, 0xf2, 0x44, 0x48,
    0x9a, 0x25, 0x34, 0x21, 0x4, 0x50, 0xb1, 0x80,

    /* U+5987 "妇" */
    0x27, 0xe4, 0x7, 0xc0, 0xa8, 0x15, 0x2, 0xaf,
    0xe4, 0xa, 0x81, 0x20, 0x2a, 0x6, 0x1f, 0x80,

    /* U+5988 "妈" */
    0x2f, 0xc4, 0xb, 0xd1, 0x2a, 0x25, 0x44, 0xaf,
    0xe4, 0xa, 0x81, 0x2f, 0xaa, 0x6, 0x7, 0x0,

    /* U+598A "妊" */
    0x20, 0xc4, 0xe3, 0xc4, 0x28, 0x85, 0x10, 0xbf,
    0xe4, 0x42, 0x88, 0x21, 0xa, 0x22, 0x1f, 0x0,

    /* U+5992 "妒" */
    0x21, 0x4, 0x13, 0xdf, 0xaa, 0x15, 0x42, 0xaf,
    0xe5, 0x2, 0xa0, 0x24, 0xa, 0x82, 0x20, 0x0,

    /* U+5993 "妓" */
    0x20, 0x84, 0x13, 0xdf, 0xa8, 0x45, 0x8, 0xaf,
    0xd5, 0xa, 0xa1, 0x22, 0x4a, 0x32, 0x39, 0x80,

    /* U+5996 "妖" */
    0x20, 0xc4, 0xe3, 0xc4, 0x28, 0x85, 0x10, 0xbf,
    0xe4, 0x42, 0x94, 0x22, 0x8a, 0x8a, 0x20, 0x80,

    /* U+5999 "妙" */
    0x21, 0x4, 0x23, 0xd5, 0x2a, 0x95, 0x52, 0xb2,
    0x24, 0x4a, 0x82, 0x20, 0x8a, 0x62, 0x30, 0x0,

    /* U+59A5 "妥" */
    0x1, 0xcf, 0xc1, 0x21, 0x12, 0x22, 0x48, 0x10,
    0x3f, 0xf8, 0x84, 0x31, 0x1, 0xc3, 0xc7, 0x80,

    /* U+59A8 "妨" */
    0x22, 0x4, 0x23, 0xff, 0xa9, 0x5, 0x20, 0xa7,
    0xe4, 0x8a, 0x91, 0x24, 0x2a, 0x86, 0x23, 0x0,

    /* U+59AE "妮" */
    0x27, 0xe4, 0x87, 0xd0, 0xab, 0xf5, 0x40, 0xaa,
    0x25, 0x4a, 0xae, 0x25, 0xa, 0xa6, 0x23, 0x80,

    /* U+59B9 "妹" */
    0x21, 0x4, 0x23, 0xdf, 0x28, 0x85, 0x10, 0xbf,
    0xe4, 0x42, 0x9c, 0x25, 0x4b, 0x26, 0x4, 0x0,

    /* U+59BB "妻" */
    0x4, 0x1f, 0xfc, 0x11, 0x7f, 0xf0, 0x44, 0xff,
    0x82, 0x7, 0xff, 0x10, 0x83, 0xe3, 0x83, 0x80,

    /* U+59C6 "姆" */
    0x27, 0xc4, 0x8b, 0xd5, 0x2a, 0x65, 0xfe, 0xa8,
    0xa5, 0x52, 0xa6, 0x27, 0xea, 0xa, 0x6, 0x0,

    /* U+59CB "始" */
    0x21, 0x4, 0x23, 0xc9, 0x2a, 0x25, 0xfa, 0xa0,
    0x25, 0xfa, 0xa1, 0x24, 0x2a, 0x86, 0x1f, 0x80,

    /* U+59D0 "姐" */
    0x27, 0xc4, 0x8b, 0xd1, 0x2b, 0xe5, 0x44, 0xa8,
    0xa5, 0xf2, 0xa2, 0x24, 0x4a, 0x8a, 0x3f, 0x80,

    /* U+59D1 "姑" */
    0x21, 0x4, 0x23, 0xdf, 0xa8, 0x85, 0x10, 0xa2,
    0x25, 0xf2, 0xa2, 0x24, 0x4a, 0x8a, 0x1f, 0x0,

    /* U+59D3 "姓" */
    0x24, 0x84, 0x93, 0xdf, 0xaa, 0x45, 0x88, 0xa1,
    0x25, 0xfa, 0x84, 0x20, 0x8a, 0x12, 0x3f, 0x80,

    /* U+59D4 "委" */
    0x3, 0xcf, 0x80, 0x10, 0x7f, 0xf2, 0x49, 0x88,
    0xc2, 0x7, 0xff, 0x10, 0x83, 0xe3, 0x83, 0x80,

    /* U+59DA "姚" */
    0x22, 0x84, 0x53, 0xea, 0xab, 0x65, 0x28, 0xa5,
    0x25, 0xb2, 0xd5, 0x22, 0x8a, 0x96, 0x23, 0x80,

    /* U+59DC "姜" */
    0x11, 0x1f, 0xfc, 0x10, 0x3f, 0xe0, 0x41, 0xff,
    0xc2, 0x7, 0xff, 0x10, 0x83, 0xe3, 0x83, 0x80,

    /* U+59E5 "姥" */
    0x22, 0x5, 0xf7, 0xc9, 0x29, 0x45, 0xfe, 0xa4,
    0x27, 0xa, 0xa6, 0x27, 0xa, 0x86, 0xf, 0x80,

    /* U+59E8 "姨" */
    0x41, 0x9, 0xff, 0x84, 0x57, 0xfa, 0x13, 0x5f,
    0xea, 0x45, 0x7f, 0x41, 0x34, 0x52, 0x31, 0x80,

    /* U+59EC "姬" */
    0x27, 0xe4, 0x93, 0xd2, 0x2a, 0xf5, 0x52, 0xaa,
    0x65, 0x4a, 0xaf, 0x24, 0x8a, 0x92, 0x1f, 0x80,

    /* U+59FB "姻" */
    0x4f, 0xe9, 0x7, 0xa4, 0xd4, 0x9a, 0xff, 0x52,
    0x6a, 0xad, 0x55, 0x4c, 0x75, 0x6, 0x3f, 0x80,

    /* U+59FF "姿" */
    0x4, 0x1c, 0xfc, 0x24, 0x91, 0x4c, 0x46, 0x10,
    0x3f, 0xf8, 0x84, 0x31, 0x3, 0xe3, 0x83, 0x80,

    /* U+5A01 "威" */
    0x1, 0x40, 0x25, 0xff, 0xa0, 0x87, 0xf2, 0x92,
    0x5f, 0x52, 0xa4, 0x54, 0xa9, 0x2e, 0xd8, 0x80,

    /* U+5A03 "娃" */
    0x21, 0x4, 0xfb, 0xc4, 0x28, 0x85, 0xfe, 0xa0,
    0x24, 0x42, 0xbe, 0x21, 0xa, 0x22, 0x3f, 0x80,

    /* U+5A04 "娄" */
    0x44, 0x44, 0x93, 0xff, 0x8a, 0x82, 0x49, 0x88,
    0xc2, 0x7, 0xff, 0x10, 0x83, 0xe3, 0x83, 0x80,

    /* U+5A07 "娇" */
    0x41, 0xc9, 0xc3, 0x88, 0x5f, 0xfa, 0x49, 0x50,
    0xad, 0x2d, 0x24, 0x44, 0x95, 0x12, 0x42, 0x0,

    /* U+5A18 "娘" */
    0x21, 0x4, 0xff, 0xd0, 0xab, 0xf5, 0x42, 0xaf,
    0xe5, 0x22, 0xa5, 0x24, 0x4a, 0xaa, 0x18, 0x80,

    /* U+5A1C "娜" */
    0x5e, 0xe9, 0x57, 0xaa, 0xdf, 0x5a, 0xad, 0x55,
    0x6f, 0xad, 0x55, 0x4a, 0xf5, 0x52, 0x5a, 0x0,

    /* U+5A1F "娟" */
    0x23, 0xc4, 0x4b, 0xcf, 0x28, 0x5, 0x7e, 0xa8,
    0x65, 0xfa, 0xa1, 0x27, 0xea, 0x86, 0x11, 0x80,

    /* U+5A20 "娠" */
    0x4f, 0xe9, 0x3, 0xaf, 0x54, 0xa, 0xff, 0x55,
    0x2a, 0xa5, 0x55, 0x4a, 0x55, 0x6a, 0x48, 0x80,

    /* U+5A25 "娥" */
    0x22, 0xc5, 0x97, 0xd2, 0x2f, 0xf5, 0x48, 0xa9,
    0x65, 0xaa, 0xe2, 0x24, 0x4a, 0x96, 0x34, 0x80,

    /* U+5A29 "娩" */
    0x22, 0x4, 0x73, 0xd2, 0x2f, 0xf5, 0x52, 0xaa,
    0x65, 0xfa, 0x94, 0x22, 0xaa, 0x96, 0x23, 0x80,

    /* U+5A31 "娱" */
    0x27, 0xc4, 0x8b, 0xd1, 0x2b, 0xe5, 0x0, 0xaf,
    0xa4, 0x42, 0xff, 0x21, 0xa, 0x52, 0x31, 0x80,

    /* U+5A36 "娶" */
    0xfc, 0x9, 0x7d, 0xe8, 0xa4, 0xa7, 0xc9, 0x96,
    0xc1, 0x7, 0xff, 0x10, 0x83, 0xe3, 0x83, 0x80,

    /* U+5A46 "婆" */
    0x41, 0x5, 0xfe, 0x24, 0xa7, 0xe0, 0xa4, 0x53,
    0x15, 0x97, 0xff, 0x10, 0x83, 0xe3, 0x83, 0x80,

    /* U+5A49 "婉" */
    0x21, 0x5, 0xff, 0xe0, 0xaa, 0x5, 0x6e, 0xb5,
    0x66, 0xaa, 0xb7, 0x22, 0x8a, 0x96, 0x23, 0x80,

    /* U+5A5A "婚" */
    0x27, 0xe4, 0x93, 0xdf, 0xaa, 0x25, 0x72, 0xa0,
    0x25, 0xfa, 0xa1, 0x27, 0xea, 0x86, 0x1f, 0x80,

    /* U+5A6A "婪" */
    0x20, 0x9f, 0x7c, 0x82, 0x38, 0xea, 0xaa, 0x41,
    0x2, 0x7, 0xff, 0x10, 0x83, 0xe3, 0x83, 0x80,

    /* U+5A74 "婴" */
    0xfb, 0xf1, 0x46, 0xaa, 0xd5, 0x55, 0x15, 0x14,
    0x44, 0x7, 0xff, 0x10, 0x83, 0xe3, 0x83, 0x80,

    /* U+5A76 "婶" */
    0x41, 0x9, 0xff, 0xa0, 0xd0, 0x8a, 0xff, 0x52,
    0x6b, 0xfd, 0x49, 0x4f, 0xf4, 0x22, 0x4, 0x0,

    /* U+5A7F "婿" */
    0x2f, 0xe4, 0x27, 0xd7, 0x2a, 0x85, 0xbe, 0xa8,
    0xa5, 0xf2, 0xa2, 0x27, 0xca, 0x8a, 0x13, 0x0,

    /* U+5A92 "媒" */
    0x24, 0x45, 0xff, 0xd1, 0x2b, 0xe5, 0x44, 0xaf,
    0xa4, 0x42, 0xff, 0x23, 0x8a, 0xaa, 0x24, 0x80,

    /* U+5A9A "媚" */
    0x4f, 0xe9, 0x27, 0xbf, 0xd4, 0xa, 0xbf, 0x54,
    0x6a, 0xfd, 0x51, 0x4b, 0xf5, 0x46, 0x4f, 0x80,

    /* U+5AB3 "媳" */
    0x21, 0x4, 0xfb, 0xd1, 0x2b, 0xe5, 0x44, 0xaf,
    0xa5, 0x12, 0xbe, 0x22, 0x8a, 0xca, 0x2e, 0x80,

    /* U+5AC1 "嫁" */
    0x21, 0x5, 0xff, 0xe0, 0xab, 0xe5, 0x10, 0xa5,
    0x67, 0x72, 0x94, 0x2d, 0xca, 0x56, 0x36, 0x0,

    /* U+5AC2 "嫂" */
    0x45, 0x9, 0x2f, 0xa4, 0xd6, 0xba, 0x93, 0x5f,
    0xe8, 0x45, 0x7f, 0x44, 0x54, 0x72, 0x31, 0x80,

    /* U+5AC9 "嫉" */
    0x20, 0x84, 0xff, 0xd0, 0x2e, 0x85, 0x5e, 0xad,
    0x27, 0x22, 0xbf, 0x24, 0x8a, 0xaa, 0x28, 0x80,

    /* U+5ACC "嫌" */
    0x24, 0x45, 0xff, 0xca, 0x2f, 0xf5, 0x2a, 0xbf,
    0xe4, 0xaa, 0xff, 0x22, 0x8a, 0xda, 0x2a, 0x80,

    /* U+5AE1 "嫡" */
    0x41, 0x9, 0xff, 0x91, 0x57, 0xfa, 0x93, 0x57,
    0x6a, 0x4d, 0x5d, 0x4a, 0xb5, 0x76, 0x21, 0x80,

    /* U+5AE9 "嫩" */
    0x48, 0x8b, 0xd3, 0xa3, 0xdf, 0x9a, 0xab, 0x55,
    0x6f, 0xad, 0x45, 0x5c, 0x55, 0x56, 0x24, 0x80,

    /* U+5B50 "子" */
    0x7f, 0x80, 0x10, 0x4, 0x1, 0x0, 0x41, 0xff,
    0xc1, 0x0, 0x20, 0x4, 0x0, 0x80, 0x70, 0x0,

    /* U+5B54 "孔" */
    0xfa, 0x1, 0x40, 0x48, 0x11, 0x2, 0x20, 0x74,
    0x38, 0x81, 0x10, 0x22, 0x24, 0x47, 0x87, 0x80,

    /* U+5B55 "孕" */
    0x7f, 0x82, 0x10, 0x43, 0x90, 0x15, 0xf3, 0x5,
    0x81, 0x7, 0xff, 0x4, 0x0, 0x80, 0x70, 0x0,

    /* U+5B57 "字" */
    0x4, 0x1f, 0xfe, 0x0, 0xdf, 0xd0, 0x10, 0x4,
    0x1, 0x7, 0xff, 0x4, 0x0, 0x80, 0x70, 0x0,

    /* U+5B58 "存" */
    0x8, 0x1f, 0xfc, 0x40, 0x13, 0xe2, 0x8, 0xc2,
    0x28, 0x41, 0x7f, 0x21, 0x4, 0x20, 0x8c, 0x0,

    /* U+5B59 "孙" */
    0xf9, 0x1, 0x20, 0x44, 0x12, 0xa2, 0x54, 0x6a,
    0x7a, 0x49, 0x49, 0x21, 0x4, 0x23, 0x9c, 0x0,

    /* U+5B5C "孜" */
    0xfa, 0x1, 0x40, 0x4f, 0x91, 0x22, 0x44, 0x74,
    0xb8, 0xa1, 0x14, 0x21, 0x4, 0x53, 0xb1, 0x80,

    /* U+5B5D "孝" */
    0x8, 0x4f, 0xd0, 0x24, 0x7f, 0xf0, 0x40, 0x3f,
    0x38, 0x40, 0x10, 0x3f, 0xe0, 0x40, 0x38, 0x0,

    /* U+5B5F "孟" */
    0x7f, 0x80, 0x20, 0x18, 0x7f, 0xf0, 0x40, 0x38,
    0x0, 0x3, 0xfe, 0x4a, 0x49, 0x4b, 0xff, 0x80,

    /* U+5B63 "季" */
    0x3, 0xcf, 0x80, 0x10, 0x7f, 0xf1, 0x50, 0x49,
    0x37, 0xd8, 0x10, 0xff, 0xe0, 0x80, 0x70, 0x0,

    /* U+5B64 "孤" */
    0xe0, 0xe5, 0xe9, 0x25, 0x24, 0xa4, 0x94, 0xd2,
    0xb2, 0x52, 0x4a, 0x4a, 0x49, 0x57, 0x5d, 0x80,

    /* U+5B66 "学" */
    0x48, 0x44, 0x93, 0xff, 0xc0, 0x1b, 0xfa, 0x2,
    0x1, 0x87, 0xff, 0x4, 0x0, 0x80, 0x70, 0x0,

    /* U+5B69 "孩" */
    0xe1, 0x5, 0xfd, 0x8, 0x22, 0x24, 0xf8, 0xc2,
    0x30, 0x8a, 0x62, 0x40, 0x88, 0x6b, 0x30, 0x80,

    /* U+5B6A "孪" */
    0x4, 0x1f, 0xfc, 0x24, 0x24, 0xa9, 0x12, 0x7f,
    0x0, 0x80, 0x20, 0xff, 0xe0, 0x80, 0x70, 0x0,

    /* U+5B70 "孰" */
    0x21, 0x1f, 0xa1, 0x2f, 0x3c, 0xa0, 0x14, 0xf2,
    0x84, 0xd1, 0xca, 0xe2, 0xc4, 0x4d, 0x90, 0x80,

    /* U+5B75 "孵" */
    0x20, 0x79, 0xf2, 0xaa, 0xd5, 0x2e, 0xef, 0x54,
    0x6a, 0x97, 0x5f, 0xae, 0x49, 0xa, 0x23, 0x0,

    /* U+5B7A "孺" */
    0xef, 0xe4, 0x21, 0x3f, 0xa4, 0x94, 0x54, 0xc0,
    0x33, 0xfa, 0x8, 0x4f, 0xe9, 0x57, 0x2a, 0x80,

    /* U+5B7D "孽" */
    0x11, 0x1f, 0xfe, 0x49, 0x7f, 0xf8, 0x91, 0x1f,
    0xfe, 0x40, 0x10, 0xff, 0xe0, 0x80, 0x70, 0x0,

    /* U+5B81 "宁" */
    0x4, 0x1f, 0xfe, 0x0, 0x80, 0xf, 0xfe, 0x8,
    0x1, 0x0, 0x20, 0x4, 0x0, 0x80, 0x70, 0x0,

    /* U+5B83 "它" */
    0x4, 0x1f, 0xfe, 0x0, 0xd0, 0x12, 0x8, 0x46,
    0xf, 0x1, 0x0, 0x20, 0x24, 0x4, 0x7f, 0x80,

    /* U+5B85 "宅" */
    0x4, 0x1f, 0xfe, 0x0, 0xc3, 0xd7, 0x80, 0x10,
    0x3, 0xff, 0xc0, 0x8, 0x1, 0x4, 0x1f, 0x80,

    /* U+5B87 "宇" */
    0x4, 0x1f, 0xfe, 0x0, 0xdf, 0xd0, 0x40, 0x8,
    0x3f, 0xf8, 0x20, 0x4, 0x0, 0x80, 0x70, 0x0,

    /* U+5B88 "守" */
    0x4, 0x1f, 0xfe, 0x0, 0xc0, 0x90, 0x11, 0xff,
    0xc0, 0x41, 0x8, 0x11, 0x0, 0x20, 0x1c, 0x0,

    /* U+5B89 "安" */
    0x4, 0x1f, 0xfe, 0x0, 0x84, 0x0, 0x81, 0xff,
    0xc4, 0x21, 0x4, 0x11, 0x1, 0xc3, 0xc7, 0x80,

    /* U+5B8B "宋" */
    0x4, 0x1f, 0xfe, 0x0, 0xc2, 0x10, 0x41, 0xff,
    0xc3, 0x80, 0xa8, 0x24, 0x98, 0x8c, 0x10, 0x0,

    /* U+5B8C "完" */
    0x4, 0x1f, 0xfe, 0x0, 0xdf, 0xd0, 0x0, 0x0,
    0x3f, 0xf8, 0x88, 0x11, 0x4, 0x27, 0x7, 0x80,

    /* U+5B8F "宏" */
    0x4, 0x1f, 0xfe, 0x0, 0x84, 0xf, 0xfe, 0x10,
    0x4, 0x80, 0x90, 0x24, 0x49, 0xa, 0x7e, 0x80,

    /* U+5B97 "宗" */
    0x4, 0x1f, 0xfe, 0x0, 0xc0, 0x13, 0xf8, 0x0,
    0x3f, 0xf8, 0x20, 0x24, 0x98, 0x8c, 0x30, 0x0,

    /* U+5B98 "官" */
    0x4, 0x1f, 0xfe, 0x0, 0xdf, 0xd2, 0x8, 0x7f,
    0x8, 0x1, 0xfe, 0x20, 0x44, 0x8, 0xff, 0x0,

    /* U+5B99 "宙" */
    0x4, 0x1f, 0xfe, 0x0, 0x82, 0x7, 0xfc, 0x88,
    0x91, 0x13, 0xfe, 0x44, 0x48, 0x89, 0xff, 0x0,

    /* U+5B9A "定" */
    0x4, 0x1f, 0xfe, 0x0, 0x80, 0x7, 0xfc, 0x8,
    0x9, 0x1, 0x3e, 0x24, 0xb, 0x82, 0xf, 0x80,

    /* U+5B9B "宛" */
    0x4, 0x1f, 0xfe, 0x0, 0xd0, 0x13, 0xbc, 0x94,
    0x92, 0x95, 0x96, 0x12, 0x4, 0x47, 0x7, 0x80,

    /* U+5B9C "宜" */
    0x4, 0x1f, 0xfe, 0x0, 0xdf, 0xd2, 0x8, 0x7f,
    0x8, 0x21, 0xfc, 0x20, 0x84, 0x13, 0xff, 0x80,

    /* U+5B9D "宝" */
    0x4, 0x1f, 0xfe, 0x0, 0xc0, 0x17, 0xfc, 0x8,
    0x1, 0x3, 0xfe, 0x4, 0x80, 0x8b, 0xff, 0x80,

    /* U+5B9E "实" */
    0x4, 0x1f, 0xfe, 0x0, 0xd1, 0x11, 0x20, 0x84,
    0x8, 0x87, 0xff, 0x5, 0x3, 0x13, 0x81, 0x80,

    /* U+5BA0 "宠" */
    0x4, 0x1f, 0xfe, 0x0, 0xc4, 0x90, 0x89, 0xff,
    0xc2, 0x80, 0x94, 0x13, 0x4, 0xc7, 0x2f, 0x80,

    /* U+5BA1 "审" */
    0x4, 0x1f, 0xfe, 0x0, 0x82, 0x7, 0xfc, 0x88,
    0x9f, 0xf2, 0x22, 0x7f, 0xc0, 0x80, 0x10, 0x0,

    /* U+5BA2 "客" */
    0x4, 0x1f, 0xfe, 0x20, 0xcf, 0x97, 0x10, 0x1c,
    0xc, 0x67, 0xff, 0x20, 0x84, 0x10, 0xfe, 0x0,

    /* U+5BA3 "宣" */
    0x4, 0x1f, 0xfe, 0x0, 0xdf, 0xd0, 0x0, 0x7f,
    0x8, 0x21, 0xe4, 0x27, 0x80, 0x3, 0xff, 0x80,

    /* U+5BA4 "室" */
    0x4, 0x1f, 0xfe, 0x0, 0xdf, 0xd0, 0x80, 0x21,
    0x1f, 0xd0, 0x20, 0x7f, 0xc0, 0x83, 0xff, 0x80,

    /* U+5BA6 "宦" */
    0x4, 0x1f, 0xfe, 0x0, 0xbf, 0xe4, 0x40, 0xff,
    0x10, 0x22, 0x4, 0x7f, 0x88, 0x81, 0xff, 0x0,

    /* U+5BAA "宪" */
    0x4, 0x1f, 0xfe, 0x0, 0x92, 0x3, 0xfc, 0x88,
    0x1, 0x7, 0xff, 0x11, 0x4, 0x27, 0x7, 0x80,

    /* U+5BAB "宫" */
    0x4, 0x1f, 0xfe, 0x0, 0xdf, 0xd2, 0x8, 0x7f,
    0x0, 0x3, 0xfe, 0x40, 0x48, 0x9, 0xff, 0x0,

    /* U+5BB0 "宰" */
    0x4, 0x1f, 0xfe, 0x10, 0xbf, 0xe2, 0x8, 0x22,
    0x3f, 0xf8, 0x20, 0x7f, 0xc0, 0x80, 0x10, 0x0,

    /* U+5BB3 "害" */
    0x4, 0x1f, 0xfe, 0x10, 0xdf, 0xd0, 0x40, 0xff,
    0x81, 0x7, 0xff, 0x40, 0x48, 0x9, 0xff, 0x0,

    /* U+5BB4 "宴" */
    0x4, 0x1f, 0xfe, 0x82, 0xdf, 0xd2, 0x8, 0x7f,
    0x2, 0x7, 0xff, 0x10, 0x83, 0xe3, 0x83, 0x80,

    /* U+5BB5 "宵" */
    0x4, 0x1f, 0xfe, 0x92, 0xca, 0x93, 0xf8, 0x41,
    0xf, 0xe1, 0x4, 0x3f, 0x84, 0x10, 0x86, 0x0,

    /* U+5BB6 "家" */
    0x4, 0x1f, 0xfe, 0x0, 0xdf, 0xd0, 0xc0, 0x64,
    0xb3, 0xa1, 0x98, 0xce, 0x86, 0x4f, 0x30, 0x0,

    /* U+5BB9 "容" */
    0x4, 0x1f, 0xfe, 0x44, 0xb2, 0x60, 0xa0, 0x63,
    0x30, 0x19, 0xfc, 0x20, 0x84, 0x10, 0xfe, 0x0,

    /* U+5BBD "宽" */
    0x4, 0x1f, 0xfe, 0x44, 0xbf, 0xe1, 0x10, 0x7f,
    0x8, 0x21, 0x24, 0x24, 0x81, 0x47, 0xcf, 0x80,

    /* U+5BBE "宾" */
    0x4, 0x1f, 0xfe, 0x4, 0xdf, 0x12, 0x0, 0x7f,
    0x88, 0x41, 0x8, 0xff, 0xe4, 0x13, 0x1, 0x80,

    /* U+5BBF "宿" */
    0x4, 0x1f, 0xfe, 0x0, 0x97, 0xe2, 0x10, 0x84,
    0x33, 0xf2, 0x42, 0x4f, 0xc9, 0x9, 0x3f, 0x0,

    /* U+5BC2 "寂" */
    0x4, 0x1f, 0xfe, 0x0, 0x90, 0x3, 0xbc, 0x44,
    0xbe, 0x91, 0x14, 0xb1, 0x15, 0x51, 0x91, 0x80,

    /* U+5BC4 "寄" */
    0x4, 0x1f, 0xfe, 0x10, 0xbf, 0xe1, 0x11, 0xff,
    0xc0, 0x11, 0xfa, 0x21, 0x47, 0xe8, 0x3, 0x0,

    /* U+5BC5 "寅" */
    0x4, 0x1f, 0xfe, 0x0, 0xbf, 0xe0, 0x40, 0xff,
    0x91, 0x13, 0xfe, 0x44, 0x4f, 0xfb, 0x1, 0x80,

    /* U+5BC6 "密" */
    0x4, 0x1f, 0xfe, 0x24, 0xa9, 0x29, 0xc2, 0x61,
    0x37, 0xe0, 0x0, 0x44, 0x48, 0x89, 0xff, 0x0,

    /* U+5BC7 "寇" */
    0x4, 0x1f, 0xfe, 0x0, 0xb8, 0x80, 0x1c, 0x2,
    0x3e, 0xf2, 0x92, 0x51, 0x8a, 0x4a, 0x7f, 0x80,

    /* U+5BCC "富" */
    0x4, 0x1f, 0xfe, 0x0, 0xdf, 0xd1, 0x10, 0x22,
    0x1f, 0xf2, 0x22, 0x7f, 0xc8, 0x89, 0xff, 0x0,

    /* U+5BD0 "寐" */
    0x4, 0x1f, 0xfe, 0x0, 0xa8, 0x85, 0x7c, 0xe2,
    0x7, 0xff, 0x9c, 0x55, 0x4b, 0x26, 0x44, 0x0,

    /* U+5BD2 "寒" */
    0x4, 0x1f, 0xfe, 0x44, 0xbf, 0xe1, 0x11, 0xff,
    0xc4, 0x41, 0x64, 0xc3, 0x63, 0x80, 0xc, 0x0,

    /* U+5BD3 "寓" */
    0x4, 0x1f, 0xfe, 0x0, 0xdf, 0xd2, 0x48, 0x7f,
    0x9, 0x27, 0xff, 0x85, 0x37, 0xf6, 0x1, 0x80,

    /* U+5BDD "寝" */
    0x4, 0x1f, 0xfe, 0x0, 0x93, 0xea, 0x4, 0xcf,
    0x88, 0x11, 0x7f, 0x6a, 0xb4, 0x30, 0xb9, 0x80,

    /* U+5BDE "寞" */
    0x4, 0x1f, 0xfe, 0x44, 0xbf, 0xe2, 0x8, 0x7f,
    0x8, 0x27, 0xff, 0xa, 0x6, 0x33, 0x1, 0x80,

    /* U+5BDF "察" */
    0x4, 0x1f, 0xfe, 0x80, 0x9d, 0xee, 0xa4, 0xa3,
    0x3b, 0xd8, 0x0, 0x7f, 0xc4, 0x93, 0x31, 0x80,

    /* U+5BE1 "寡" */
    0x4, 0x1f, 0xfe, 0x82, 0x9f, 0xc2, 0x9, 0xff,
    0xd0, 0x15, 0xfd, 0x8, 0x82, 0x11, 0x8c, 0x0,

    /* U+5BE5 "寥" */
    0x4, 0x1f, 0xfe, 0xaa, 0x8c, 0xc6, 0xa8, 0x1c,
    0xc, 0x66, 0x33, 0x38, 0x0, 0x31, 0xf8, 0x0,

    /* U+5BE8 "寨" */
    0x4, 0x1f, 0xfe, 0x44, 0xbf, 0xe1, 0x11, 0xff,
    0xc9, 0x22, 0xfa, 0x84, 0x24, 0x91, 0x31, 0x0,

    /* U+5BF8 "寸" */
    0x0, 0x80, 0x13, 0xff, 0x80, 0x40, 0x8, 0x41,
    0x4, 0x20, 0x84, 0x0, 0x80, 0x10, 0xe, 0x0,

    /* U+5BF9 "对" */
    0x0, 0x5e, 0x8, 0x5f, 0xc8, 0x25, 0x4, 0xa8,
    0x88, 0x91, 0x12, 0x50, 0x4a, 0xa, 0x7, 0x0,

    /* U+5BFA "寺" */
    0x4, 0xf, 0xf8, 0x10, 0x2, 0xf, 0xfe, 0x1,
    0x3f, 0xf9, 0x4, 0x10, 0x82, 0x10, 0xe, 0x0,

    /* U+5BFB "寻" */
    0x7f, 0xc0, 0x9, 0xff, 0x0, 0x27, 0xfc, 0x1,
    0x3f, 0xf8, 0x4, 0x20, 0x82, 0x10, 0xe, 0x0,

    /* U+5BFC "导" */
    0x7f, 0xc8, 0x9, 0xff, 0x20, 0x4, 0x2, 0x7f,
    0xc0, 0x27, 0xff, 0x20, 0x82, 0x10, 0xe, 0x0,

    /* U+5BFF "寿" */
    0x4, 0xf, 0xf8, 0x10, 0x3f, 0xe0, 0x81, 0xff,
    0xc4, 0x21, 0xff, 0x48, 0x90, 0x90, 0x6, 0x0,

    /* U+5C01 "封" */
    0x20, 0x5f, 0x8, 0x9f, 0x90, 0x2f, 0x84, 0x4,
    0x88, 0x57, 0xca, 0x20, 0x47, 0xb, 0x7, 0x0,

    /* U+5C04 "射" */
    0x20, 0x4f, 0x9, 0x2f, 0xbc, 0x24, 0x84, 0xf4,
    0x92, 0x57, 0xca, 0x28, 0x49, 0xa, 0x67, 0x0,

    /* U+5C06 "将" */
    0x21, 0xe5, 0xc6, 0x89, 0x30, 0xc2, 0xe0, 0x40,
    0x9b, 0xfd, 0x2, 0x24, 0x44, 0x48, 0x83, 0x0,

    /* U+5C09 "尉" */
    0xfc, 0x50, 0x8b, 0xf7, 0xc0, 0x2b, 0x85, 0x2,
    0xbf, 0x34, 0x82, 0xb4, 0x5a, 0x4a, 0xc3, 0x0,

    /* U+5C0A "尊" */
    0x11, 0x1f, 0xfc, 0x28, 0x3f, 0xe4, 0xa4, 0xa4,
    0x9b, 0xf2, 0x2, 0xff, 0xe4, 0x10, 0x4e, 0x0,

    /* U+5C0F "小" */
    0x4, 0x0, 0x80, 0x10, 0x12, 0x42, 0x44, 0x88,
    0x91, 0xc, 0x21, 0x4, 0x0, 0x80, 0x70, 0x0,

    /* U+5C11 "少" */
    0x4, 0x0, 0x80, 0x92, 0x12, 0x24, 0x43, 0x8,
    0x41, 0x20, 0x8, 0x6, 0x3, 0x3, 0x80, 0x0,

    /* U+5C14 "尔" */
    0x20, 0x7, 0xfd, 0x0, 0xc2, 0x20, 0x40, 0x49,
    0x9, 0x12, 0x21, 0x84, 0x20, 0x80, 0x70, 0x0,

    /* U+5C16 "尖" */
    0x4, 0x4, 0x91, 0x11, 0x42, 0x10, 0x40, 0x0,
    0x1, 0x7, 0xff, 0xa, 0x6, 0x33, 0x1, 0x80,

    /* U+5C18 "尘" */
    0x4, 0x4, 0x91, 0x11, 0x42, 0x10, 0x40, 0x0,
    0x1, 0x3, 0xfe, 0x4, 0x0, 0x83, 0xff, 0x80,

    /* U+5C1A "尚" */
    0x44, 0x44, 0x90, 0x10, 0x7f, 0xf8, 0x3, 0x3e,
    0x64, 0x4c, 0x89, 0x9f, 0x30, 0x6, 0x3, 0x80,

    /* U+5C1D "尝" */
    0x44, 0x44, 0x93, 0xff, 0xc0, 0x1b, 0xfa, 0x0,
    0x3f, 0xf8, 0x40, 0x11, 0x4, 0x11, 0xfd, 0x0,

    /* U+5C24 "尤" */
    0x9, 0x1, 0x10, 0x20, 0x7f, 0xf0, 0xa0, 0x14,
    0x4, 0x80, 0x90, 0x22, 0x28, 0x46, 0xf, 0x80,

    /* U+5C27 "尧" */
    0x20, 0x4, 0x7f, 0xf1, 0x8, 0xc0, 0xe3, 0xe3,
    0xc0, 0x7, 0xff, 0x11, 0x4, 0x27, 0x7, 0x80,

    /* U+5C31 "就" */
    0x21, 0x5f, 0x24, 0x4, 0x7f, 0xf8, 0x91, 0x15,
    0x3e, 0xa1, 0x14, 0xaa, 0xb5, 0x55, 0x93, 0x80,

    /* U+5C38 "尸" */
    0x3f, 0xe4, 0x4, 0x80, 0x90, 0x13, 0xfe, 0x40,
    0x8, 0x1, 0x0, 0x40, 0x8, 0x2, 0x0, 0x0,

    /* U+5C39 "尹" */
    0x7f, 0xc0, 0x88, 0x11, 0x7f, 0xf0, 0x44, 0x8,
    0x9f, 0xf0, 0x20, 0x8, 0x6, 0x3, 0x0, 0x0,

    /* U+5C3A "尺" */
    0x3f, 0xc4, 0x8, 0x81, 0x10, 0x23, 0xfc, 0x44,
    0x8, 0x81, 0x8, 0x41, 0x8, 0x12, 0x1, 0x80,

    /* U+5C3C "尼" */
    0x7f, 0xe8, 0x5, 0x0, 0xbf, 0xf4, 0x0, 0x90,
    0x12, 0x1a, 0x4c, 0x4e, 0x9, 0x6, 0x1f, 0x80,

    /* U+5C3D "尽" */
    0x3f, 0xc4, 0x8, 0x81, 0x1f, 0xe2, 0x8, 0x41,
    0x13, 0x14, 0x19, 0x0, 0x3, 0x0, 0x1c, 0x0,

    /* U+5C3E "尾" */
    0x7f, 0xe8, 0x5, 0xff, 0xa0, 0xc5, 0xe0, 0x87,
    0x97, 0x82, 0x1f, 0x5e, 0x8, 0x46, 0xf, 0x80,

    /* U+5C3F "尿" */
    0x7f, 0xe8, 0x5, 0x0, 0xbf, 0xf4, 0x20, 0x84,
    0x5e, 0xd2, 0x54, 0x52, 0x4c, 0x46, 0x18, 0x0,

    /* U+5C40 "局" */
    0x7f, 0xc8, 0x9, 0xff, 0x20, 0x7, 0xfe, 0x80,
    0x57, 0xca, 0x89, 0x51, 0x2b, 0xe6, 0x3, 0x0,

    /* U+5C41 "屁" */
    0x7f, 0xe8, 0x5, 0xff, 0xa0, 0x5, 0x10, 0xa2,
    0x57, 0x52, 0x8c, 0x51, 0xa, 0xa6, 0x63, 0x80,

    /* U+5C42 "层" */
    0x7f, 0xe8, 0x5, 0x0, 0xbf, 0xf4, 0x0, 0xbf,
    0x90, 0x3, 0xff, 0x48, 0xa, 0xa, 0xfe, 0x80,

    /* U+5C45 "居" */
    0x7f, 0xc8, 0x9, 0x1, 0x3f, 0xe4, 0x20, 0xff,
    0xd0, 0x82, 0xfe, 0x50, 0x4a, 0xa, 0x7f, 0x0,

    /* U+5C48 "屈" */
    0x7f, 0xe8, 0x5, 0xff, 0xa0, 0x85, 0x12, 0xa2,
    0x57, 0xfa, 0x8, 0x51, 0x2a, 0x26, 0x7f, 0x80,

    /* U+5C49 "屉" */
    0x7f, 0xe8, 0x5, 0xff, 0xa0, 0x4, 0xa4, 0x94,
    0x9f, 0xfa, 0x52, 0x4b, 0xc9, 0x2, 0x3f, 0x80,

    /* U+5C4A "届" */
    0x7f, 0xe8, 0x5, 0x0, 0xbf, 0xf4, 0x10, 0xbf,
    0xd4, 0x4a, 0xff, 0x51, 0x2a, 0x26, 0x7f, 0x80,

    /* U+5C4B "屋" */
    0x7f, 0xe8, 0x5, 0xff, 0xa0, 0x7, 0xfe, 0x91,
    0x17, 0xd2, 0x10, 0x5f, 0xc8, 0x42, 0xff, 0x80,

    /* U+5C4E "屎" */
    0x7f, 0xe8, 0x5, 0x0, 0xbf, 0xf5, 0x24, 0x95,
    0x1f, 0xfa, 0x38, 0x4a, 0x8e, 0x4e, 0x8, 0x0,

    /* U+5C4F "屏" */
    0x7f, 0xe8, 0x5, 0xff, 0xa4, 0x24, 0x48, 0xbf,
    0xd1, 0x22, 0x24, 0x5f, 0xe8, 0x92, 0x62, 0x0,

    /* U+5C51 "屑" */
    0x7f, 0xe8, 0x5, 0xff, 0xa9, 0x24, 0xa8, 0xbf,
    0x94, 0x12, 0xfe, 0x50, 0x4b, 0xfa, 0x41, 0x0,

    /* U+5C55 "展" */
    0x7f, 0xe8, 0x5, 0xff, 0xa4, 0x47, 0xfe, 0x91,
    0x1f, 0xfa, 0x88, 0x50, 0xaa, 0xca, 0x60, 0x80,

    /* U+5C5E "属" */
    0x7f, 0xe8, 0x5, 0xff, 0xa1, 0x5, 0xfc, 0xa4,
    0x97, 0xf2, 0x10, 0x7f, 0xf4, 0x56, 0xbd, 0x80,

    /* U+5C60 "屠" */
    0x7f, 0xe8, 0x5, 0xff, 0xa2, 0x15, 0xf4, 0x89,
    0x1f, 0xfa, 0x42, 0x5f, 0xcd, 0xa, 0x3f, 0x0,

    /* U+5C61 "屡" */
    0x7f, 0xe8, 0x5, 0xff, 0xa9, 0x27, 0xfe, 0x95,
    0x14, 0x93, 0xff, 0x48, 0x89, 0xe2, 0xc3, 0x80,

    /* U+5C65 "履" */
    0x7f, 0xe8, 0x5, 0xff, 0xa5, 0x5, 0x3e, 0xcc,
    0x92, 0x92, 0x9e, 0x76, 0x4a, 0x32, 0x59, 0x80,

    /* U+5C6F "屯" */
    0x4, 0x1f, 0xfc, 0x10, 0x22, 0x24, 0x44, 0x88,
    0x9f, 0xf0, 0x20, 0x4, 0x20, 0x84, 0xf, 0x80,

    /* U+5C71 "山" */
    0x4, 0x0, 0x80, 0x10, 0x42, 0x18, 0x43, 0x8,
    0x61, 0xc, 0x21, 0x84, 0x30, 0x87, 0xff, 0x80,

    /* U+5C79 "屹" */
    0x22, 0x4, 0x7e, 0xa8, 0x56, 0xa, 0xbd, 0x50,
    0xaa, 0x25, 0x48, 0xfa, 0x0, 0x44, 0x7, 0x80,

    /* U+5C7F "屿" */
    0x21, 0x4, 0x3e, 0xa4, 0x55, 0xa, 0xbf, 0x50,
    0x6a, 0xd, 0x7d, 0xf8, 0x20, 0x4, 0x3, 0x0,

    /* U+5C81 "岁" */
    0x84, 0x30, 0x87, 0xff, 0x84, 0x1, 0x0, 0x7f,
    0xb4, 0x10, 0x44, 0x5, 0x0, 0xc1, 0xe0, 0x0,

    /* U+5C82 "岂" */
    0x84, 0x30, 0x87, 0xff, 0x80, 0x7, 0xfc, 0x0,
    0x80, 0x13, 0xfe, 0x40, 0x8, 0x4, 0xff, 0x80,

    /* U+5C94 "岔" */
    0x11, 0x4, 0x13, 0x1, 0x9f, 0xc0, 0x88, 0x21,
    0x18, 0x60, 0x20, 0x44, 0x48, 0x89, 0xff, 0x0,

    /* U+5C97 "岗" */
    0x88, 0xc4, 0x7f, 0xe0, 0xf, 0xfd, 0x16, 0x53,
    0x11, 0x94, 0xd1, 0x60, 0x60,

    /* U+5C9B "岛" */
    0x10, 0x1f, 0xc4, 0x11, 0x44, 0x4b, 0x10, 0x7,
    0xfc, 0x41, 0x92, 0x7f, 0x90, 0x18,

    /* U+5CA9 "岩" */
    0x44, 0x48, 0x89, 0xff, 0x0, 0xf, 0xfe, 0x10,
    0x4, 0x1, 0xfe, 0x60, 0x54, 0x8, 0xff, 0x0,

    /* U+5CAD "岭" */
    0x20, 0x84, 0x12, 0xa5, 0x57, 0x1a, 0x89, 0x50,
    0xaa, 0xfd, 0x41, 0xf9, 0x40, 0x10, 0x1, 0x0,

    /* U+5CB3 "岳" */
    0x1, 0x87, 0xc0, 0x80, 0x1f, 0xe2, 0x10, 0x42,
    0x3f, 0xf8, 0x20, 0x44, 0x48, 0x89, 0xff, 0x0,

    /* U+5CB8 "岸" */
    0x44, 0x4f, 0xf8, 0x0, 0x3f, 0xf4, 0x0, 0xbf,
    0x90, 0x82, 0x10, 0x7f, 0xe8, 0x42, 0x8, 0x0,

    /* U+5CBF "岿" */
    0x84, 0x30, 0x87, 0xff, 0x80, 0x1, 0x7f, 0x20,
    0x64, 0xd, 0x3f, 0x20, 0x28, 0x6, 0x1f, 0x80,

    /* U+5CD9 "峙" */
    0x21, 0x4, 0xfa, 0xa4, 0x54, 0x8a, 0xff, 0x50,
    0xab, 0xfd, 0x52, 0xf9, 0x40, 0x8, 0x3, 0x0,

    /* U+5CE1 "峡" */
    0x21, 0x4, 0xfe, 0xa4, 0x56, 0x9a, 0xb5, 0x52,
    0x2b, 0xfd, 0x48, 0xfa, 0x80, 0x88, 0x20, 0x80,

    /* U+5CE6 "峦" */
    0x4, 0x1f, 0xfc, 0x24, 0x24, 0xa9, 0x12, 0x0,
    0x1, 0x2, 0x22, 0x44, 0x48, 0x89, 0xff, 0x0,

    /* U+5CE8 "峨" */
    0x22, 0xc5, 0x96, 0x92, 0x57, 0xfa, 0x49, 0x49,
    0x69, 0xad, 0x62, 0xf4, 0x40, 0x94, 0x34, 0x80,

    /* U+5CEA "峪" */
    0x21, 0x44, 0x46, 0xa2, 0x54, 0xaa, 0xa3, 0x58,
    0x2a, 0xfd, 0x51, 0xfa, 0x20, 0x44, 0xf, 0x80,

    /* U+5CED "峭" */
    0x29, 0x24, 0xaa, 0x84, 0x57, 0xfa, 0x83, 0x5f,
    0xea, 0xd, 0x7f, 0xf8, 0x21, 0x4, 0x21, 0x80,

    /* U+5CF0 "峰" */
    0x21, 0x4, 0x3e, 0xa8, 0xd4, 0xea, 0xeb, 0x57,
    0xaa, 0x25, 0x5f, 0xf8, 0x80, 0xfc, 0x2, 0x0,

    /* U+5CFB "峻" */
    0x22, 0x44, 0x88, 0xff, 0xd1, 0x4a, 0x2b, 0x58,
    0xe8, 0xf5, 0x62, 0xa4, 0x9c, 0x70, 0x71, 0x80,

    /* U+5D07 "崇" */
    0x44, 0x4f, 0xf8, 0x10, 0x7f, 0xf8, 0x2, 0x7f,
    0x0, 0x7, 0xff, 0x4, 0x4, 0x93, 0x31, 0x80,

    /* U+5D0E "崎" */
    0x20, 0x84, 0x7e, 0xa2, 0x54, 0xaa, 0xa3, 0x5f,
    0xea, 0xd, 0x5d, 0xfa, 0xa0, 0x74, 0x1, 0x80,

    /* U+5D14 "崔" */
    0x84, 0x30, 0x87, 0xff, 0x91, 0x7, 0xff, 0x84,
    0x1f, 0xf2, 0x10, 0x7f, 0xc8, 0x41, 0xff, 0x80,

    /* U+5D16 "崖" */
    0x44, 0x48, 0x89, 0xff, 0xa1, 0x5, 0xfc, 0x84,
    0x1f, 0xfa, 0x10, 0x5f, 0xc8, 0x42, 0xff, 0x80,

    /* U+5D29 "崩" */
    0x4, 0x8, 0x85, 0xff, 0x80, 0x7, 0x9e, 0x92,
    0x5e, 0x7a, 0x49, 0x79, 0xe9, 0x26, 0x69, 0x80,

    /* U+5D2D "崭" */
    0x44, 0x4f, 0xf8, 0x80, 0xfd, 0xe4, 0x21, 0x44,
    0x3e, 0xf9, 0x12, 0x3a, 0x5c, 0x48, 0x91, 0x0,

    /* U+5D4C "嵌" */
    0x84, 0x3f, 0xfc, 0x8, 0x49, 0xf, 0xbf, 0x25,
    0x65, 0x2f, 0xa4, 0x90, 0x92, 0x2b, 0xd8, 0x80,

    /* U+5DCD "巍" */
    0x84, 0x3f, 0xfd, 0xc8, 0x13, 0xef, 0xd4, 0xef,
    0xab, 0x57, 0xfe, 0x4a, 0xce, 0x56, 0x33, 0x80,

    /* U+5DDD "川" */
    0x20, 0x24, 0x44, 0x88, 0x91, 0x12, 0x22, 0x44,
    0x48, 0x89, 0x11, 0x42, 0x28, 0x46, 0x0, 0x80,

    /* U+5DDE "州" */
    0x22, 0x24, 0x44, 0x88, 0xb5, 0x56, 0x67, 0x4c,
    0xc8, 0x89, 0x11, 0x42, 0x28, 0x46, 0x8, 0x80,

    /* U+5DE1 "巡" */
    0x89, 0x29, 0x24, 0x24, 0x89, 0x2d, 0x24, 0xa4,
    0x92, 0x4a, 0x49, 0x49, 0x34, 0x2, 0x7f, 0x80,

    /* U+5DE2 "巢" */
    0x24, 0x89, 0x20, 0x92, 0x3f, 0xe4, 0x44, 0xff,
    0x91, 0x17, 0xff, 0x15, 0x4, 0x93, 0x11, 0x80,

    /* U+5DE5 "工" */
    0x7f, 0xc0, 0x80, 0x10, 0x2, 0x0, 0x40, 0x8,
    0x1, 0x0, 0x20, 0x4, 0x0, 0x83, 0xff, 0x80,

    /* U+5DE6 "左" */
    0x8, 0x1, 0x3, 0xff, 0x84, 0x1, 0x0, 0x20,
    0xb, 0xf9, 0x8, 0x41, 0x10, 0x20, 0x7f, 0x80,

    /* U+5DE7 "巧" */
    0xf, 0xfe, 0x40, 0x88, 0x12, 0x2, 0x7e, 0x40,
    0x48, 0x9, 0x81, 0xc0, 0x20, 0x4, 0x3, 0x0,

    /* U+5DE8 "巨" */
    0xff, 0xf0, 0x2, 0x0, 0x7f, 0xe8, 0x5, 0x0,
    0xa0, 0x17, 0xfe, 0x80, 0x10, 0x3, 0xff, 0x80,

    /* U+5DE9 "巩" */
    0xf, 0x9d, 0x11, 0x22, 0x24, 0x44, 0xc8, 0x95,
    0x12, 0x23, 0x44, 0xd0, 0xa2, 0x14, 0x83, 0x80,

    /* U+5DEB "巫" */
    0x7f, 0xc0, 0x80, 0x10, 0x12, 0x42, 0x48, 0x49,
    0x15, 0x54, 0x71, 0x4, 0x0, 0x83, 0xff, 0x80,

    /* U+5DEE "差" */
    0x11, 0x1f, 0xfc, 0x10, 0x3f, 0xe0, 0x81, 0xff,
    0xc4, 0x1, 0xfe, 0x42, 0x10, 0x40, 0xff, 0x80,

    /* U+5DF1 "己" */
    0xff, 0x80, 0x20, 0x8, 0x2, 0x0, 0xbf, 0xe8,
    0x2, 0x0, 0x80, 0x60, 0x17, 0xfc,

    /* U+5DF2 "已" */
    0xff, 0x80, 0x20, 0xa, 0x2, 0x80, 0xbf, 0xe8,
    0x2, 0x0, 0x80, 0x60, 0x17, 0xfc,

    /* U+5DF3 "巳" */
    0xff, 0xa0, 0x28, 0xa, 0x2, 0x80, 0xbf, 0xe8,
    0x2, 0x0, 0x80, 0x60, 0x17, 0xfc,

    /* U+5DF4 "巴" */
    0xff, 0xa2, 0x28, 0x8a, 0x22, 0x88, 0xbf, 0xe8,
    0x2, 0x0, 0x80, 0x60, 0x17, 0xfc,

    /* U+5DF7 "巷" */
    0x11, 0xf, 0xf8, 0x44, 0x7f, 0xf1, 0x10, 0x41,
    0x1f, 0xf5, 0x5, 0x3f, 0x84, 0x4, 0x7f, 0x80,

    /* U+5DFE "巾" */
    0x8, 0x4, 0x3f, 0xf1, 0x18, 0x8c, 0x46, 0x23,
    0x11, 0x89, 0x84, 0x2, 0x0,

    /* U+5E01 "币" */
    0x3, 0xff, 0x80, 0x10, 0x2, 0x7, 0xfc, 0x88,
    0x91, 0x12, 0x22, 0x44, 0xc0, 0x80, 0x10, 0x0,

    /* U+5E02 "市" */
    0x8, 0x0, 0x83, 0xff, 0x82, 0x7, 0xfc, 0x88,
    0x91, 0x12, 0x22, 0x44, 0xc0, 0x80, 0x10, 0x0,

    /* U+5E03 "布" */
    0x8, 0x1f, 0xfc, 0x40, 0x11, 0x4, 0x21, 0x7f,
    0x88, 0x91, 0x12, 0x22, 0x44, 0x58, 0x8, 0x0,

    /* U+5E05 "帅" */
    0x21, 0x14, 0x22, 0xbf, 0xd4, 0x9a, 0x93, 0x52,
    0x6a, 0x49, 0x49, 0x29, 0x68, 0x22, 0x4, 0x0,

    /* U+5E06 "帆" */
    0x23, 0xc4, 0x4b, 0xe9, 0x55, 0x2a, 0xb5, 0x55,
    0xaa, 0x95, 0x52, 0xba, 0x44, 0x88, 0xa1, 0x80,

    /* U+5E08 "师" */
    0x2f, 0xf4, 0x22, 0x84, 0x57, 0xfa, 0x93, 0x52,
    0x6a, 0x49, 0x49, 0x29, 0x68, 0x22, 0x4, 0x0,

    /* U+5E0C "希" */
    0x31, 0xc1, 0xc1, 0xc6, 0x8, 0x2f, 0xfe, 0x44,
    0x1f, 0xf5, 0x12, 0x22, 0x44, 0x58, 0x8, 0x0,

    /* U+5E10 "帐" */
    0x22, 0x44, 0x4b, 0xea, 0x55, 0x8a, 0xa1, 0x5f,
    0xea, 0xa5, 0x54, 0xba, 0x44, 0x48, 0x8c, 0x80,

    /* U+5E15 "帕" */
    0x20, 0x84, 0x23, 0xef, 0xd5, 0x1a, 0xa3, 0x54,
    0x6a, 0xfd, 0x51, 0xba, 0x24, 0x44, 0x8f, 0x80,

    /* U+5E16 "帖" */
    0x20, 0x84, 0x13, 0xe3, 0xd4, 0x4a, 0x89, 0x51,
    0x2a, 0xfd, 0x51, 0xba, 0x24, 0x44, 0x8f, 0x80,

    /* U+5E18 "帘" */
    0x4, 0x1f, 0xfe, 0x28, 0x89, 0x6, 0x3c, 0x8,
    0x1f, 0xf2, 0x22, 0x44, 0x48, 0x98, 0x10, 0x0,

    /* U+5E1A "帚" */
    0x7f, 0xc0, 0x9, 0xff, 0x0, 0x2f, 0xff, 0x8,
    0x5f, 0xf2, 0x22, 0x44, 0x48, 0x98, 0x10, 0x0,

    /* U+5E1B "帛" */
    0x8, 0xf, 0xf9, 0x1, 0x3f, 0xe4, 0x4, 0xff,
    0x81, 0x7, 0xff, 0x84, 0x30, 0x8c, 0x10, 0x0,

    /* U+5E1C "帜" */
    0x23, 0xe4, 0x47, 0xe8, 0xd5, 0x1a, 0xa3, 0x57,
    0xea, 0x5, 0x40, 0xba, 0x44, 0x44, 0x90, 0x80,

    /* U+5E1D "帝" */
    0x4, 0x1f, 0xfc, 0x82, 0x8, 0x8f, 0xff, 0x8,
    0x5f, 0xf2, 0x22, 0x44, 0x48, 0x98, 0x10, 0x0,

    /* U+5E26 "带" */
    0x24, 0x9f, 0xfc, 0x92, 0x0, 0xf, 0xff, 0x8,
    0x5f, 0xf2, 0x22, 0x44, 0x48, 0x98, 0x10, 0x0,

    /* U+5E27 "帧" */
    0x20, 0x84, 0x1f, 0xe2, 0x55, 0xfa, 0xa3, 0x55,
    0x6a, 0xad, 0x55, 0xb8, 0x84, 0x28, 0x88, 0x80,

    /* U+5E2D "席" */
    0x2, 0xf, 0xfd, 0x22, 0x3f, 0xf4, 0x88, 0x9f,
    0x10, 0x82, 0xfe, 0x52, 0x4a, 0x5a, 0x8, 0x0,

    /* U+5E2E "帮" */
    0x11, 0xff, 0xa4, 0x45, 0x7e, 0x91, 0x1e, 0x42,
    0x31, 0x3, 0xfe, 0x44, 0x48, 0x98, 0x10, 0x0,

    /* U+5E38 "常" */
    0x24, 0x9f, 0xfe, 0x0, 0xdf, 0xd2, 0x8, 0x7f,
    0x1, 0x3, 0xfe, 0x44, 0x48, 0x98, 0x10, 0x0,

    /* U+5E3D "帽" */
    0x27, 0xe4, 0x87, 0xf6, 0xd6, 0x1a, 0xdb, 0x50,
    0x2a, 0xfd, 0x51, 0xbb, 0xe4, 0x44, 0x8f, 0x80,

    /* U+5E42 "幂" */
    0xff, 0xf4, 0x14, 0xfe, 0x10, 0x43, 0xf8, 0x10,
    0x3f, 0xf9, 0x24, 0x7f, 0xd4, 0x94, 0x96, 0x0,

    /* U+5E45 "幅" */
    0x23, 0xe4, 0x3, 0xef, 0xd5, 0x1a, 0xbf, 0x50,
    0x2a, 0xfd, 0x55, 0xbb, 0xe4, 0x54, 0x8f, 0x80,

    /* U+5E4C "幌" */
    0x23, 0xc4, 0x4b, 0xef, 0x55, 0x2a, 0xbd, 0x5a,
    0x6a, 0xd5, 0x7f, 0xba, 0x84, 0x94, 0xa3, 0x80,

    /* U+5E55 "幕" */
    0x11, 0x1f, 0xfc, 0x44, 0x3f, 0xe4, 0x5, 0xff,
    0xc9, 0x23, 0xfe, 0xa4, 0xa4, 0xb0, 0x10, 0x0,

    /* U+5E62 "幢" */
    0x21, 0x4, 0xfb, 0xea, 0x57, 0xfa, 0x95, 0x5f,
    0xaa, 0x55, 0x4a, 0xbf, 0xe4, 0x20, 0xbf, 0x80,

    /* U+5E72 "干" */
    0x7f, 0xc0, 0x80, 0x10, 0x2, 0x0, 0x41, 0xff,
    0xc1, 0x0, 0x20, 0x4, 0x0, 0x80, 0x10, 0x0,

    /* U+5E73 "平" */
    0x7f, 0xc0, 0x81, 0x11, 0x12, 0x40, 0x41, 0xff,
    0xc1, 0x0, 0x20, 0x4, 0x0, 0x80, 0x10, 0x0,

    /* U+5E74 "年" */
    0x20, 0x7, 0xfd, 0x8, 0x41, 0x3, 0xfc, 0x44,
    0x8, 0x87, 0xff, 0x2, 0x0, 0x40, 0x8, 0x0,

    /* U+5E76 "并" */
    0x20, 0x82, 0x23, 0xff, 0x88, 0x81, 0x10, 0x22,
    0x3f, 0xf8, 0x88, 0x11, 0x4, 0x23, 0x4, 0x0,

    /* U+5E78 "幸" */
    0x4, 0xf, 0xf8, 0x10, 0x7f, 0xf2, 0x8, 0x22,
    0x1f, 0xf0, 0x20, 0xff, 0xe0, 0x80, 0x10, 0x0,

    /* U+5E7B "幻" */
    0x27, 0xe4, 0x5, 0x0, 0xa0, 0x19, 0x3, 0xc0,
    0x48, 0xa, 0x41, 0x48, 0x32, 0x87, 0x93, 0x0,

    /* U+5E7C "幼" */
    0x21, 0x4, 0x21, 0x1f, 0xa0, 0x99, 0x13, 0xc2,
    0x48, 0x4a, 0x49, 0x4a, 0x33, 0x47, 0x93, 0x0,

    /* U+5E7D "幽" */
    0x4, 0x14, 0x96, 0x92, 0xe2, 0x9d, 0x57, 0x49,
    0x69, 0x2e, 0xab, 0xf5, 0xf0, 0x87, 0xff, 0x80,

    /* U+5E7F "广" */
    0x2, 0x7, 0xfc, 0x80, 0x10, 0x2, 0x0, 0x40,
    0x8, 0x1, 0x0, 0x40, 0x8, 0x2, 0x0, 0x0,

    /* U+5E84 "庄" */
    0x2, 0xf, 0xfd, 0x0, 0x21, 0x4, 0x20, 0xbf,
    0x90, 0x82, 0x10, 0x42, 0x8, 0x42, 0xff, 0x80,

    /* U+5E86 "庆" */
    0x2, 0xf, 0xfd, 0x0, 0x21, 0x4, 0x20, 0xff,
    0xd0, 0x82, 0x28, 0x45, 0x9, 0x12, 0xc1, 0x80,

    /* U+5E87 "庇" */
    0x2, 0xf, 0xfd, 0x0, 0x28, 0x85, 0x12, 0xba,
    0x94, 0x62, 0x88, 0x51, 0xa, 0xa6, 0x63, 0x80,

    /* U+5E8A "床" */
    0x2, 0xf, 0xfd, 0x0, 0x21, 0x4, 0x20, 0xff,
    0xd0, 0x82, 0x38, 0x4a, 0x8a, 0x4a, 0x88, 0x80,

    /* U+5E8F "序" */
    0x2, 0xf, 0xfd, 0x0, 0x2f, 0xe4, 0x8, 0x8a,
    0x1f, 0xfa, 0x11, 0x42, 0x48, 0x42, 0x38, 0x0,

    /* U+5E90 "庐" */
    0x4, 0xf, 0xfd, 0x8, 0x2f, 0xe5, 0x4, 0xa0,
    0x97, 0xf2, 0x80, 0x50, 0xa, 0x2, 0x80, 0x0,

    /* U+5E93 "库" */
    0x2, 0xf, 0xfd, 0x10, 0x3f, 0xf4, 0x80, 0xa4,
    0x17, 0xf2, 0x10, 0x7f, 0xe8, 0x42, 0x8, 0x0,

    /* U+5E94 "应" */
    0x2, 0xf, 0xfd, 0x0, 0x22, 0x25, 0x44, 0xa4,
    0x92, 0x92, 0x44, 0x40, 0x88, 0x22, 0xff, 0x80,

    /* U+5E95 "底" */
    0x2, 0xf, 0xfd, 0x1, 0x2f, 0xc5, 0x10, 0xa2,
    0x17, 0xfa, 0x88, 0x50, 0x8a, 0x96, 0x69, 0x80,

    /* U+5E97 "店" */
    0x2, 0xf, 0xfd, 0x0, 0x21, 0x4, 0x3e, 0x84,
    0x10, 0x82, 0xfe, 0x50, 0x4a, 0xa, 0x7f, 0x0,

    /* U+5E99 "庙" */
    0x2, 0xf, 0xfd, 0x8, 0x21, 0x5, 0xfc, 0xa4,
    0x94, 0x92, 0xfe, 0x52, 0x4a, 0x4a, 0x7f, 0x0,

    /* U+5E9A "庚" */
    0x2, 0xf, 0xfd, 0x8, 0x2f, 0xe4, 0x24, 0xff,
    0xd0, 0x92, 0xfe, 0x45, 0x9, 0x12, 0xc1, 0x80,

    /* U+5E9C "府" */
    0x2, 0xf, 0xfd, 0x0, 0x24, 0x24, 0x84, 0xaf,
    0xdc, 0x12, 0x92, 0x51, 0x4a, 0xa, 0x43, 0x0,

    /* U+5E9E "庞" */
    0x2, 0xf, 0xfd, 0x22, 0x24, 0x27, 0xfe, 0x92,
    0x12, 0x52, 0x4c, 0x51, 0x2a, 0x66, 0x93, 0x80,

    /* U+5E9F "废" */
    0x2, 0xf, 0xfd, 0x52, 0x2a, 0x27, 0xfe, 0x90,
    0x13, 0xf2, 0x42, 0x54, 0x8a, 0x62, 0xb3, 0x80,

    /* U+5EA6 "度" */
    0x2, 0xf, 0xfd, 0x22, 0x3f, 0xf4, 0x88, 0x9f,
    0x10, 0x2, 0xfe, 0x48, 0x88, 0xe2, 0xe3, 0x80,

    /* U+5EA7 "座" */
    0x2, 0xf, 0xfd, 0x0, 0x21, 0x5, 0x24, 0xa4,
    0x9a, 0xaa, 0x10, 0x5f, 0xc8, 0x42, 0xff, 0x80,

    /* U+5EAD "庭" */
    0x2, 0xf, 0xfd, 0x0, 0x3c, 0x34, 0xb8, 0xa1,
    0x1e, 0xfa, 0x44, 0x6b, 0xea, 0x2, 0xbf, 0x80,

    /* U+5EB6 "庶" */
    0x2, 0xf, 0xfd, 0x0, 0x24, 0x47, 0xfe, 0x91,
    0x12, 0x22, 0x7c, 0x40, 0xa, 0xaa, 0x8a, 0x80,

    /* U+5EB7 "康" */
    0x2, 0xf, 0xfd, 0x8, 0x2f, 0xe4, 0x24, 0xff,
    0xd0, 0x92, 0xfe, 0x52, 0x49, 0x52, 0xd9, 0x80,

    /* U+5EB8 "庸" */
    0x2, 0xf, 0xfd, 0x9, 0x3f, 0xf4, 0x24, 0xbf,
    0x94, 0x92, 0xfe, 0x52, 0x4b, 0xfa, 0x49, 0x0,

    /* U+5EC9 "廉" */
    0x2, 0xf, 0xfd, 0x22, 0x3f, 0xf4, 0x54, 0xff,
    0xd1, 0x52, 0xfe, 0x4d, 0x8a, 0xaa, 0x94, 0x80,

    /* U+5ECA "廊" */
    0x4, 0x1f, 0xfe, 0x40, 0x5e, 0xfa, 0x53, 0x7a,
    0xa9, 0x55, 0xe9, 0xa9, 0x34, 0xba, 0xec, 0x0,

    /* U+5ED3 "廓" */
    0x2, 0xf, 0xfd, 0x10, 0x3f, 0xf5, 0x2a, 0xbd,
    0x51, 0x32, 0x45, 0x7e, 0xa9, 0x1e, 0x62, 0x0,

    /* U+5ED6 "廖" */
    0x2, 0xf, 0xfd, 0x55, 0x26, 0x67, 0x54, 0x8e,
    0x12, 0x23, 0x9b, 0x4c, 0x8, 0x32, 0x78, 0x0,

    /* U+5EF6 "延" */
    0xe0, 0xe5, 0xe1, 0x4, 0x40, 0x8e, 0x9e, 0x52,
    0x2a, 0x45, 0x48, 0x4f, 0xec, 0x2, 0x7f, 0x80,

    /* U+5EF7 "廷" */
    0xe0, 0xc5, 0xe1, 0x4, 0x40, 0x8e, 0xfe, 0x42,
    0x28, 0x45, 0x8, 0x4f, 0xec, 0x2, 0x7f, 0x80,

    /* U+5EFA "建" */
    0xe2, 0x5, 0xf9, 0x9, 0x4f, 0xfe, 0x24, 0x5f,
    0xa8, 0x85, 0x7e, 0x42, 0xc, 0x42, 0x7f, 0x80,

    /* U+5F00 "开" */
    0xff, 0xe4, 0x10, 0x82, 0x10, 0x42, 0x9, 0xff,
    0xc8, 0x21, 0x4, 0x40, 0x88, 0x12, 0x2, 0x0,

    /* U+5F02 "异" */
    0x7f, 0xc8, 0x9, 0xff, 0x20, 0x4, 0x2, 0x7f,
    0xc4, 0x27, 0xff, 0x10, 0x84, 0x13, 0x2, 0x0,

    /* U+5F03 "弃" */
    0x4, 0x1f, 0xfc, 0x40, 0x10, 0x47, 0xf4, 0x0,
    0x4, 0x47, 0xff, 0x11, 0x4, 0x23, 0x4, 0x0,

    /* U+5F04 "弄" */
    0xff, 0xe0, 0x81, 0xff, 0x2, 0xf, 0xfe, 0x0,
    0x8, 0x27, 0xff, 0x20, 0x88, 0x12, 0x2, 0x0,

    /* U+5F0A "弊" */
    0xaa, 0x4, 0x7f, 0xf1, 0x54, 0xaf, 0x99, 0x5c,
    0xc4, 0x40, 0x88, 0xff, 0xe2, 0x21, 0x84, 0x0,

    /* U+5F0F "式" */
    0x1, 0x40, 0x27, 0xff, 0x80, 0x80, 0x11, 0xfa,
    0x4, 0x40, 0x84, 0x10, 0xa3, 0x8f, 0x80, 0x80,

    /* U+5F13 "弓" */
    0xff, 0x80, 0x20, 0xb, 0xfe, 0x80, 0x20, 0xf,
    0xfc, 0x1, 0x0, 0x40, 0x10, 0x78,

    /* U+5F15 "引" */
    0xfc, 0x41, 0x10, 0x47, 0xf1, 0x80, 0x60, 0x1f,
    0xc4, 0x11, 0x4, 0x41, 0x13, 0x84,

    /* U+5F17 "弗" */
    0x12, 0x2, 0x43, 0xff, 0x9, 0x2f, 0xfd, 0x24,
    0x3f, 0xf8, 0x91, 0x12, 0x24, 0x5b, 0x8, 0x0,

    /* U+5F18 "弘" */
    0xf1, 0x2, 0x20, 0x44, 0x78, 0x88, 0x11, 0x4,
    0x3c, 0x90, 0x92, 0x14, 0x22, 0x9d, 0xbc, 0x80,

    /* U+5F1B "弛" */
    0xe1, 0x5, 0x20, 0xa5, 0xf5, 0xd9, 0xd3, 0x12,
    0x7a, 0x59, 0x48, 0x28, 0x25, 0x7, 0x1f, 0x80,

    /* U+5F1F "弟" */
    0x20, 0x82, 0x21, 0xff, 0x2, 0x27, 0xfc, 0x88,
    0x1f, 0xf8, 0x61, 0x34, 0x38, 0x98, 0x10, 0x0,

    /* U+5F20 "张" */
    0xe4, 0x44, 0x88, 0x92, 0x72, 0x88, 0x41, 0x3f,
    0xf9, 0x41, 0x24, 0x24, 0x84, 0xab, 0x18, 0x80,

    /* U+5F25 "弥" */
    0xe4, 0x4, 0xfc, 0x90, 0xf4, 0x98, 0x11, 0xa,
    0xb9, 0x51, 0x49, 0x29, 0x24, 0x23, 0xc, 0x0,

    /* U+5F26 "弦" */
    0xe2, 0x4, 0x20, 0xbf, 0xf0, 0x88, 0x21, 0x8,
    0xbb, 0xe1, 0x8, 0x22, 0x44, 0x8b, 0x3e, 0x80,

    /* U+5F27 "弧" */
    0xe0, 0xe5, 0xe8, 0xa5, 0x74, 0xa8, 0x95, 0x12,
    0xba, 0x51, 0x4a, 0x2a, 0x45, 0x57, 0x5d, 0x80,

    /* U+5F2F "弯" */
    0x4, 0x1f, 0xfd, 0x45, 0x48, 0x97, 0xfc, 0x0,
    0x9f, 0xf2, 0x0, 0x7f, 0xe0, 0x4, 0xf, 0x0,

    /* U+5F31 "弱" */
    0xfb, 0xe1, 0x4, 0x20, 0xfd, 0xf8, 0x21, 0xf7,
    0xe2, 0x8a, 0x49, 0x28, 0xa9, 0x26, 0x69, 0x80,

    /* U+5F39 "弹" */
    0xe4, 0x44, 0x50, 0xbf, 0xf4, 0x98, 0xff, 0x12,
    0x7b, 0xf9, 0x8, 0x2f, 0xe4, 0x23, 0x4, 0x0,

    /* U+5F3A "强" */
    0xe7, 0xc4, 0x88, 0x9f, 0x70, 0x88, 0xff, 0x12,
    0x7a, 0x49, 0x7f, 0x21, 0x4, 0x2b, 0x3e, 0x80,

    /* U+5F52 "归" */
    0x17, 0xf2, 0x6, 0x40, 0xc8, 0x19, 0x3, 0x2f,
    0xe4, 0x9, 0x1, 0x20, 0x28, 0x6, 0x1f, 0x80,

    /* U+5F53 "当" */
    0x8, 0x44, 0x52, 0x41, 0xf, 0xf8, 0x4, 0x3,
    0xff, 0x0, 0x80, 0x7f, 0xe0,

    /* U+5F55 "录" */
    0x7f, 0xc0, 0x9, 0xff, 0x0, 0x2f, 0xfe, 0x8,
    0x11, 0x11, 0x34, 0xd, 0x6, 0x93, 0x31, 0x80,

    /* U+5F5D "彝" */
    0x1f, 0xc4, 0x13, 0xff, 0xd4, 0xa7, 0x2b, 0x5f,
    0xc8, 0xa8, 0x88, 0xff, 0xe2, 0x21, 0x84, 0x0,

    /* U+5F62 "形" */
    0xff, 0x24, 0x88, 0x92, 0x12, 0x2, 0x43, 0xfe,
    0x89, 0x21, 0x20, 0x44, 0x28, 0x8a, 0x12, 0x0,

    /* U+5F64 "彤" */
    0x7c, 0x28, 0x89, 0x96, 0x2a, 0x4, 0x43, 0xfc,
    0x91, 0x62, 0x20, 0x44, 0x28, 0x8a, 0x36, 0x0,

    /* U+5F66 "彦" */
    0x2, 0xf, 0xfc, 0x41, 0x4, 0x47, 0xfe, 0x82,
    0x17, 0x92, 0xc, 0x5e, 0x28, 0x1a, 0x7c, 0x0,

    /* U+5F69 "彩" */
    0x6, 0x3f, 0x8, 0x8a, 0x49, 0x4, 0x42, 0x20,
    0xbf, 0xa1, 0xc0, 0x54, 0x32, 0x48, 0x42, 0x0,

    /* U+5F6A "彪" */
    0x1c, 0x22, 0x9, 0xfa, 0x29, 0x15, 0xc4, 0xe5,
    0x17, 0x8a, 0x2, 0x5c, 0x8a, 0x86, 0x9f, 0x80,

    /* U+5F6C "彬" */
    0x22, 0x24, 0x4b, 0xfe, 0x11, 0x2, 0x22, 0xce,
    0x9d, 0xa5, 0x50, 0x22, 0x24, 0x48, 0x8a, 0x0,

    /* U+5F6D "彭" */
    0x10, 0x3f, 0xc8, 0x46, 0x3e, 0x0, 0x2, 0xf8,
    0x91, 0x63, 0xe0, 0x48, 0x25, 0xcb, 0xc6, 0x0,

    /* U+5F70 "彰" */
    0x10, 0x2f, 0x88, 0xa6, 0x7f, 0x4, 0x42, 0xf8,
    0x91, 0x63, 0xe0, 0x10, 0x3f, 0xc8, 0x46, 0x0,

    /* U+5F71 "影" */
    0x7c, 0x28, 0x89, 0xf2, 0x22, 0x7, 0xc2, 0x20,
    0xbf, 0xa2, 0x20, 0x7c, 0x2a, 0x8a, 0xca, 0x0,

    /* U+5F79 "役" */
    0x27, 0x88, 0x92, 0x12, 0x12, 0x45, 0x8f, 0x80,
    0x13, 0xf2, 0x42, 0x44, 0x88, 0x61, 0x73, 0x80,

    /* U+5F7B "彻" */
    0x29, 0xe9, 0x16, 0x22, 0x97, 0x55, 0x8b, 0x91,
    0x52, 0x2a, 0x55, 0x4d, 0x29, 0x25, 0x9, 0x80,

    /* U+5F7C "彼" */
    0x21, 0x9, 0xfe, 0x24, 0x94, 0x84, 0xff, 0x98,
    0x52, 0x8a, 0x4a, 0x48, 0x89, 0x29, 0x58, 0x80,

    /* U+5F80 "往" */
    0x22, 0x8, 0x22, 0x7f, 0x90, 0x84, 0x11, 0x82,
    0x13, 0xf2, 0x8, 0x41, 0x8, 0x21, 0x7f, 0x80,

    /* U+5F81 "征" */
    0x2f, 0xe8, 0x22, 0x4, 0x10, 0x84, 0x91, 0x93,
    0xd2, 0x42, 0x48, 0x49, 0x9, 0x21, 0x7f, 0x80,

    /* U+5F84 "径" */
    0x2f, 0xc8, 0xa, 0x2, 0x10, 0x84, 0x69, 0xb0,
    0xd1, 0xf2, 0x8, 0x41, 0x8, 0x21, 0x3f, 0x80,

    /* U+5F85 "待" */
    0x21, 0x8, 0xfa, 0x4, 0x10, 0x84, 0xff, 0x80,
    0x93, 0xfa, 0x22, 0x42, 0x48, 0x9, 0x7, 0x0,

    /* U+5F88 "很" */
    0x2f, 0xc9, 0xa, 0x3f, 0x14, 0x24, 0x85, 0x9f,
    0x92, 0x4a, 0x4a, 0x48, 0x89, 0x49, 0x30, 0x80,

    /* U+5F8A "徊" */
    0x2f, 0xe9, 0x6, 0x20, 0x95, 0xd4, 0xab, 0x95,
    0x52, 0xaa, 0x5d, 0x48, 0x29, 0x5, 0x3f, 0x80,

    /* U+5F8B "律" */
    0x22, 0x9, 0xfa, 0x9, 0x17, 0xf4, 0x25, 0x9f,
    0x90, 0x82, 0x7e, 0x42, 0xb, 0xfd, 0x8, 0x0,

    /* U+5F90 "徐" */
    0x23, 0x88, 0x8a, 0x20, 0x93, 0xe4, 0x11, 0x82,
    0x17, 0xfa, 0x8, 0x49, 0x4a, 0x25, 0xc, 0x0,

    /* U+5F92 "徒" */
    0x21, 0x8, 0xfa, 0x4, 0x10, 0x84, 0xff, 0x82,
    0x11, 0x42, 0x2f, 0x45, 0x9, 0x61, 0x43, 0x80,

    /* U+5F97 "得" */
    0x2f, 0xc9, 0xa, 0x3f, 0x14, 0x24, 0xfd, 0x80,
    0x17, 0xfa, 0x4, 0x5f, 0xe9, 0x11, 0x16, 0x0,

    /* U+5F98 "徘" */
    0x24, 0x88, 0x92, 0x73, 0x92, 0x44, 0x49, 0xb9,
    0xd1, 0x22, 0x24, 0x5c, 0xe8, 0x91, 0x12, 0x0,

    /* U+5FA1 "御" */
    0x28, 0xb, 0xde, 0x12, 0x92, 0x55, 0xeb, 0x89,
    0x55, 0xaa, 0xa5, 0x54, 0xea, 0xd1, 0x62, 0x0,

    /* U+5FAA "循" */
    0x2f, 0xe9, 0x12, 0x3f, 0x94, 0x44, 0xbf, 0x94,
    0x52, 0xfa, 0x51, 0x4b, 0xe9, 0x45, 0x4f, 0x80,

    /* U+5FAE "微" */
    0x2a, 0x8d, 0x52, 0xfb, 0x90, 0x95, 0xeb, 0x81,
    0x57, 0x2a, 0xa5, 0x56, 0x4a, 0x95, 0x84, 0x80,

    /* U+5FB7 "德" */
    0x21, 0x9, 0xfe, 0x4, 0x17, 0xf4, 0xab, 0x9f,
    0xd0, 0x2, 0x7f, 0x45, 0x4a, 0x95, 0x8e, 0x80,

    /* U+5FBD "徽" */
    0x35, 0xb, 0xfe, 0x4, 0x8f, 0x92, 0xa2, 0xa9,
    0x72, 0xaa, 0xfa, 0x44, 0x4a, 0x95, 0x9c, 0x80,

    /* U+5FC3 "心" */
    0x8, 0x0, 0x80, 0x8, 0x9, 0x1, 0x0, 0xa0,
    0x94, 0xa, 0x81, 0x90, 0xa2, 0x10, 0x3e, 0x0,

    /* U+5FC5 "必" */
    0x8, 0x0, 0x90, 0x12, 0x8, 0x45, 0x10, 0xa2,
    0x94, 0x8c, 0xa1, 0x18, 0xa6, 0x13, 0x3e, 0x0,

    /* U+5FC6 "忆" */
    0x2f, 0xc4, 0xa, 0x82, 0x58, 0x8a, 0x21, 0x44,
    0x9, 0x1, 0x20, 0x28, 0x25, 0x4, 0x9f, 0x80,

    /* U+5FCC "忌" */
    0x7f, 0xc0, 0x8, 0x1, 0x3f, 0xe4, 0x0, 0x80,
    0x4f, 0xf8, 0x20, 0x52, 0x4a, 0x16, 0x3e, 0x80,

    /* U+5FCD "忍" */
    0x7f, 0xc0, 0x88, 0x91, 0x24, 0x21, 0x4, 0xc3,
    0x1, 0x2, 0x92, 0x52, 0x32, 0x14, 0x3e, 0x0,

    /* U+5FD7 "志" */
    0x4, 0x0, 0x83, 0xff, 0x82, 0x0, 0x40, 0xff,
    0x80, 0x2, 0xa2, 0x52, 0x32, 0x14, 0x3e, 0x0,

    /* U+5FD8 "忘" */
    0x4, 0x1f, 0xfc, 0x80, 0x10, 0x3, 0xfc, 0x0,
    0x1, 0x2, 0x92, 0x52, 0x32, 0x14, 0x3e, 0x0,

    /* U+5FD9 "忙" */
    0x22, 0x4, 0x22, 0xbf, 0xda, 0xa, 0x41, 0x48,
    0x9, 0x1, 0x20, 0x24, 0x4, 0x80, 0x9f, 0x80,

    /* U+5FE0 "忠" */
    0x4, 0xf, 0xf9, 0x11, 0x22, 0x27, 0xfc, 0x8,
    0x0, 0x2, 0xa2, 0x52, 0x32, 0x14, 0x3e, 0x0,

    /* U+5FE7 "忧" */
    0x21, 0x44, 0x26, 0xc4, 0x57, 0xfa, 0x11, 0x45,
    0x8, 0xa1, 0x14, 0x24, 0xa4, 0x94, 0xa3, 0x80,

    /* U+5FEB "快" */
    0x22, 0x4, 0x42, 0xbf, 0x59, 0x2a, 0x25, 0x44,
    0x8f, 0xf9, 0x10, 0x25, 0x5, 0x10, 0xc1, 0x80,

    /* U+5FF1 "忱" */
    0x21, 0x4, 0x22, 0xbf, 0xdc, 0x9a, 0x93, 0x42,
    0x8, 0xa1, 0x14, 0x24, 0xa4, 0x94, 0xa3, 0x80,

    /* U+5FF5 "念" */
    0x4, 0x1, 0x40, 0xc6, 0x62, 0x30, 0x20, 0xff,
    0x80, 0x20, 0x48, 0x54, 0x4a, 0x16, 0x3e, 0x80,

    /* U+5FFB "忻" */
    0x20, 0xc4, 0xe2, 0x90, 0x5a, 0xa, 0x7f, 0x49,
    0x9, 0x21, 0x24, 0x24, 0x84, 0x90, 0xa2, 0x0,

    /* U+5FFD "忽" */
    0x20, 0x7, 0xfd, 0x24, 0xc4, 0x91, 0x22, 0x49,
    0x80, 0x2, 0xa2, 0x52, 0x32, 0x14, 0x3e, 0x0,

    /* U+5FFF "忿" */
    0x11, 0x4, 0x13, 0x1, 0x9f, 0xc0, 0x88, 0x21,
    0x18, 0x60, 0x20, 0x52, 0x4a, 0x16, 0x3e, 0x80,

    /* U+6000 "怀" */
    0x2f, 0xe4, 0x12, 0x84, 0x58, 0x8a, 0x35, 0x4a,
    0x4a, 0x49, 0x8, 0x21, 0x4, 0x20, 0x84, 0x0,

    /* U+6001 "态" */
    0x4, 0x1f, 0xfc, 0x28, 0x8, 0x82, 0x89, 0x88,
    0xc0, 0x2, 0xa2, 0x52, 0x32, 0x14, 0x3e, 0x0,

    /* U+6002 "怂" */
    0x11, 0x2, 0x20, 0x44, 0x15, 0x42, 0xa8, 0x88,
    0xa2, 0x8, 0x20, 0x52, 0x4a, 0x16, 0x3e, 0x80,

    /* U+600E "怎" */
    0x20, 0x7, 0xfd, 0x20, 0x47, 0xe0, 0x80, 0x1f,
    0x82, 0x2, 0xa2, 0x52, 0x32, 0x14, 0x3e, 0x0,

    /* U+6012 "怒" */
    0x20, 0x1f, 0x7c, 0xa8, 0xa4, 0xa3, 0x9, 0x96,
    0xc0, 0x2, 0xa2, 0x52, 0x32, 0x14, 0x3e, 0x0,

    /* U+6014 "怔" */
    0x2f, 0xe4, 0x22, 0x84, 0x58, 0x8a, 0x51, 0x4b,
    0xc9, 0x41, 0x28, 0x25, 0x4, 0xa0, 0xbf, 0x80,

    /* U+6015 "怕" */
    0x20, 0x84, 0x22, 0x9f, 0xda, 0x1a, 0x43, 0x48,
    0x49, 0xf9, 0x21, 0x24, 0x24, 0x84, 0x9f, 0x80,

    /* U+6016 "怖" */
    0x22, 0x5, 0xfe, 0xc8, 0x52, 0x8b, 0x90, 0x5f,
    0xca, 0x49, 0x49, 0x29, 0x25, 0x2c, 0x84, 0x0,

    /* U+601C "怜" */
    0x21, 0x4, 0x52, 0xd1, 0x54, 0x1a, 0x11, 0x41,
    0xb, 0xf9, 0x2, 0x24, 0x84, 0x60, 0x83, 0x0,

    /* U+601D "思" */
    0x7f, 0xc8, 0x89, 0xff, 0x22, 0x24, 0x44, 0xff,
    0x80, 0x2, 0xa2, 0x52, 0x32, 0x14, 0x3e, 0x0,

    /* U+6020 "怠" */
    0x9, 0x2, 0x13, 0xff, 0x0, 0x13, 0xf8, 0x41,
    0xf, 0xe0, 0x20, 0x12, 0x4a, 0x6, 0x3e, 0x0,

    /* U+6025 "急" */
    0x1f, 0x4, 0x21, 0xff, 0x0, 0x27, 0xfc, 0x0,
    0x9f, 0xf0, 0x20, 0x52, 0x4a, 0x16, 0x3e, 0x80,

    /* U+6027 "性" */
    0x24, 0x84, 0x92, 0x9f, 0xda, 0x4a, 0x89, 0x41,
    0x9, 0xf9, 0x4, 0x20, 0x84, 0x10, 0xbf, 0x80,

    /* U+6028 "怨" */
    0x20, 0x7, 0x79, 0x29, 0x55, 0x61, 0x20, 0x44,
    0x70, 0x78, 0x20, 0x52, 0x4a, 0x16, 0x3e, 0x80,

    /* U+602A "怪" */
    0x27, 0xc4, 0x8a, 0x8a, 0x58, 0x8a, 0x29, 0x58,
    0xc8, 0x41, 0x3e, 0x21, 0x4, 0x20, 0xbf, 0x80,

    /* U+602F "怯" */
    0x21, 0x4, 0x22, 0x9f, 0x58, 0x8a, 0x11, 0x5f,
    0xc8, 0x81, 0x22, 0x24, 0x45, 0x34, 0xb8, 0x80,

    /* U+603B "总" */
    0x20, 0x82, 0x21, 0xff, 0x20, 0x24, 0x4, 0xff,
    0x80, 0x2, 0xa2, 0x52, 0x32, 0x14, 0x3e, 0x0,

    /* U+6043 "恃" */
    0x21, 0x4, 0xfa, 0x84, 0x58, 0x8a, 0xff, 0x40,
    0x8b, 0xf9, 0x22, 0x22, 0x44, 0x8, 0x87, 0x0,

    /* U+604B "恋" */
    0x4, 0x1f, 0xfc, 0x24, 0x24, 0xa8, 0x92, 0x22,
    0x8, 0x0, 0x20, 0x12, 0x4a, 0x6, 0x3e, 0x0,

    /* U+604D "恍" */
    0x21, 0x5, 0x26, 0x94, 0xda, 0xaa, 0x11, 0x5f,
    0xc8, 0xa1, 0x14, 0x22, 0xa4, 0x94, 0xa3, 0x80,

    /* U+6050 "恐" */
    0xf7, 0xc4, 0x48, 0x99, 0x11, 0xa3, 0x25, 0x80,
    0xc1, 0x0, 0x90, 0x10, 0x4a, 0x6, 0x3e, 0x0,

    /* U+6052 "恒" */
    0x2f, 0xe4, 0x2, 0x9f, 0x5a, 0x2a, 0x45, 0x4f,
    0x89, 0x11, 0x22, 0x27, 0xc4, 0x0, 0xbf, 0x80,

    /* U+6055 "恕" */
    0x20, 0x1f, 0x7c, 0xa8, 0xa5, 0x13, 0x23, 0x97,
    0xc0, 0x2, 0xa2, 0x52, 0x32, 0x14, 0x3e, 0x0,

    /* U+6062 "恢" */
    0x24, 0x5, 0xfe, 0x90, 0x5a, 0x4a, 0x4b, 0x4b,
    0x49, 0xb1, 0x24, 0x24, 0x85, 0x28, 0x98, 0x80,

    /* U+6064 "恤" */
    0x21, 0x4, 0x42, 0xbf, 0xdd, 0x5a, 0xab, 0x55,
    0x4a, 0xa9, 0x55, 0x2a, 0xa5, 0x54, 0xff, 0x80,

    /* U+6068 "恨" */
    0x27, 0xe4, 0x86, 0x9f, 0xda, 0x1a, 0x43, 0x4f,
    0xc9, 0x21, 0x25, 0x24, 0x44, 0xa8, 0x98, 0x80,

    /* U+6069 "恩" */
    0x7f, 0xc8, 0x89, 0x7d, 0x22, 0x24, 0xa4, 0xa2,
    0x9f, 0xf0, 0x20, 0x52, 0x4a, 0x16, 0x3e, 0x80,

    /* U+606B "恫" */
    0x2f, 0xe5, 0x6, 0xae, 0xdc, 0x1a, 0xbb, 0x55,
    0x4a, 0xa9, 0x55, 0x2b, 0xa5, 0x4, 0xa1, 0x80,

    /* U+606C "恬" */
    0x20, 0xc4, 0xe2, 0x84, 0x58, 0x8a, 0xff, 0x42,
    0x8, 0x41, 0x3e, 0x24, 0x44, 0x88, 0x9f, 0x0,

    /* U+606D "恭" */
    0x11, 0xf, 0xf8, 0x44, 0x7f, 0xf1, 0x10, 0x41,
    0x32, 0x19, 0x54, 0x29, 0x49, 0x28, 0x60, 0x0,

    /* U+606F "息" */
    0x8, 0x7, 0xf0, 0x82, 0x1f, 0xc2, 0x8, 0x7f,
    0x8, 0x21, 0xfc, 0x54, 0x4a, 0x56, 0x3e, 0x80,

    /* U+6070 "恰" */
    0x21, 0x4, 0x52, 0xd1, 0x54, 0x1a, 0x7d, 0x40,
    0xb, 0xf9, 0x41, 0x28, 0x25, 0x4, 0xbf, 0x80,

    /* U+6073 "恳" */
    0x7f, 0xc8, 0x9, 0xff, 0x20, 0x27, 0xfc, 0x89,
    0x3c, 0xc0, 0x27, 0x12, 0xa, 0xa, 0x3c, 0x80,

    /* U+6076 "恶" */
    0x7f, 0xc1, 0x41, 0x29, 0x15, 0x40, 0xa1, 0xff,
    0xc0, 0x2, 0xa2, 0x52, 0x32, 0x14, 0x3e, 0x0,

    /* U+607C "恼" */
    0x21, 0x5, 0xfe, 0xc0, 0x54, 0x1a, 0xc7, 0x55,
    0x4a, 0x49, 0x55, 0x2c, 0x65, 0x4, 0xbf, 0x80,

    /* U+607F "恿" */
    0x7f, 0x81, 0x21, 0xff, 0x22, 0x27, 0xfc, 0x88,
    0x9f, 0xf2, 0x22, 0x12, 0xa, 0x16, 0x3e, 0x80,

    /* U+6084 "悄" */
    0x29, 0x24, 0xaa, 0x84, 0x57, 0xfb, 0x83, 0x5f,
    0xca, 0x9, 0x7f, 0x28, 0x25, 0x4, 0xa1, 0x80,

    /* U+6089 "悉" */
    0x1, 0xcf, 0xc0, 0x92, 0xa, 0x8f, 0xfe, 0x49,
    0x31, 0x18, 0x0, 0x54, 0x4a, 0x56, 0x3e, 0x80,

    /* U+608D "悍" */
    0x27, 0xc4, 0x8a, 0x9f, 0x5a, 0x2a, 0x7d, 0x40,
    0x9, 0xf1, 0x8, 0x2f, 0xe4, 0x20, 0x84, 0x0,

    /* U+6094 "悔" */
    0x24, 0x4, 0xfe, 0xa0, 0x5b, 0xea, 0x55, 0x49,
    0x8b, 0xf9, 0x2a, 0x24, 0xc4, 0xfc, 0x81, 0x0,

    /* U+609F "悟" */
    0x27, 0xe4, 0x22, 0x9f, 0x59, 0x2a, 0x25, 0x5f,
    0xc8, 0x1, 0x3f, 0x24, 0x24, 0x84, 0x9f, 0x80,

    /* U+60A0 "悠" */
    0x24, 0x4, 0xfd, 0x21, 0x69, 0x25, 0x18, 0xa4,
    0x93, 0x8, 0x10, 0x11, 0x4a, 0x6, 0x3e, 0x0,

    /* U+60A3 "患" */
    0x4, 0x7, 0xf0, 0x92, 0x1f, 0xc0, 0x40, 0xff,
    0x91, 0x13, 0xfe, 0x14, 0xa, 0x56, 0x3e, 0x80,

    /* U+60A6 "悦" */
    0x28, 0x44, 0x92, 0xbf, 0x5c, 0x2a, 0x85, 0x50,
    0x8b, 0xf1, 0x24, 0x24, 0xa5, 0x14, 0xc3, 0x80,

    /* U+60A8 "您" */
    0x28, 0x5, 0xfd, 0x20, 0xe8, 0x84, 0x54, 0x92,
    0x50, 0xc0, 0x20, 0x52, 0x4a, 0x16, 0x3e, 0x80,

    /* U+60AC "悬" */
    0x3f, 0x84, 0x10, 0xfe, 0x10, 0x4f, 0xfe, 0x41,
    0x1f, 0xd0, 0x20, 0x52, 0x4a, 0x16, 0x3e, 0x80,

    /* U+60AF "悯" */
    0x29, 0xe4, 0x86, 0xc4, 0xd7, 0xfa, 0xab, 0x55,
    0x4a, 0xa9, 0x49, 0x2a, 0xa5, 0x8c, 0xa0, 0x80,

    /* U+60B2 "悲" */
    0xa, 0xf, 0x78, 0x28, 0x3d, 0xe0, 0xa1, 0xf7,
    0xc2, 0x82, 0xa2, 0x52, 0x32, 0x14, 0x3e, 0x0,

    /* U+60B8 "悸" */
    0x20, 0xc4, 0xe2, 0xc4, 0x57, 0xfa, 0x55, 0x52,
    0x49, 0xf1, 0x4, 0x2f, 0xe4, 0x20, 0x8c, 0x0,

    /* U+60BC "悼" */
    0x21, 0x4, 0x3e, 0x84, 0x5b, 0xea, 0x45, 0x4f,
    0x89, 0x11, 0x3e, 0x21, 0x5, 0xfc, 0x84, 0x0,

    /* U+60C5 "情" */
    0x21, 0x4, 0xfa, 0x84, 0x5b, 0xea, 0x11, 0x5f,
    0xc9, 0x11, 0x3e, 0x24, 0x44, 0xf8, 0x91, 0x0,

    /* U+60CA "惊" */
    0x21, 0x5, 0xfe, 0x80, 0x5b, 0xea, 0x45, 0x48,
    0x89, 0xf1, 0x8, 0x25, 0x45, 0x24, 0x8c, 0x0,

    /* U+60CB "惋" */
    0x21, 0x5, 0xfe, 0xa0, 0xda, 0xa, 0x6f, 0x55,
    0x4a, 0xa9, 0xb7, 0x22, 0x84, 0x94, 0xa3, 0x80,

    /* U+60D1 "惑" */
    0x1, 0x3f, 0xfc, 0x4, 0x3c, 0xa4, 0x94, 0xf1,
    0x0, 0x5f, 0xa0, 0x2, 0x4a, 0x6, 0x3e, 0x0,

    /* U+60D5 "惕" */
    0x27, 0xe4, 0x86, 0x9f, 0xda, 0x1a, 0x7f, 0x44,
    0x9, 0xf9, 0x55, 0x24, 0xa5, 0x24, 0x89, 0x80,

    /* U+60DC "惜" */
    0x24, 0x85, 0xfa, 0x92, 0x5a, 0x4a, 0xff, 0x40,
    0xb, 0xf1, 0x42, 0x2f, 0xc5, 0x8, 0xbf, 0x0,

    /* U+60DF "惟" */
    0x22, 0x84, 0x52, 0xdf, 0xd6, 0x4a, 0x7f, 0x49,
    0x9, 0x21, 0x3f, 0x24, 0x84, 0x90, 0x9f, 0x80,

    /* U+60E0 "惠" */
    0x4, 0x1f, 0xfd, 0x11, 0x3f, 0xe4, 0x44, 0xff,
    0x81, 0x17, 0xfd, 0x54, 0x4a, 0x56, 0x3e, 0x80,

    /* U+60E6 "惦" */
    0x21, 0x5, 0xfe, 0xa0, 0x5c, 0x8a, 0x9f, 0x52,
    0xa, 0x41, 0x5f, 0x2a, 0x25, 0x44, 0xcf, 0x80,

    /* U+60E7 "惧" */
    0x27, 0xc4, 0x8a, 0x9f, 0x5a, 0x2a, 0x7d, 0x48,
    0x89, 0xf1, 0x22, 0x2f, 0xe4, 0x88, 0xa0, 0x80,

    /* U+60E8 "惨" */
    0x22, 0x4, 0x8a, 0xbe, 0xd8, 0x8a, 0xff, 0x45,
    0x9, 0x11, 0x4d, 0x26, 0x4, 0x18, 0x9c, 0x0,

    /* U+60E9 "惩" */
    0x2f, 0xe8, 0x22, 0xa4, 0x24, 0xfc, 0x90, 0x92,
    0x17, 0xf8, 0x20, 0x52, 0x4a, 0x16, 0x3e, 0x80,

    /* U+60EB "惫" */
    0x1f, 0x8c, 0x10, 0x44, 0x3f, 0xec, 0x46, 0xff,
    0x91, 0x13, 0xfe, 0x14, 0xa, 0x4a, 0x3e, 0x80,

    /* U+60ED "惭" */
    0x22, 0x25, 0xfa, 0xd2, 0x55, 0x4a, 0xaf, 0x5f,
    0x48, 0xa9, 0x1d, 0x2e, 0xa4, 0x54, 0x8c, 0x80,

    /* U+60EE "惮" */
    0x24, 0x44, 0x52, 0xbf, 0xdc, 0x9a, 0xff, 0x52,
    0x4b, 0xf9, 0x8, 0x2f, 0xe4, 0x20, 0x84, 0x0,

    /* U+60EF "惯" */
    0x27, 0xc4, 0xaa, 0xbf, 0xda, 0xaa, 0x7d, 0x40,
    0xb, 0xf9, 0x49, 0x29, 0x24, 0x50, 0xb1, 0x80,

    /* U+60F0 "惰" */
    0x21, 0x5, 0xfe, 0x88, 0x5b, 0xfa, 0x89, 0x4f,
    0xc9, 0x11, 0x3e, 0x24, 0x44, 0xf8, 0x91, 0x0,

    /* U+60F3 "想" */
    0x23, 0xff, 0x44, 0x8f, 0xb9, 0x1a, 0xbe, 0x44,
    0x48, 0xf8, 0xa0, 0x52, 0x4a, 0x16, 0x3e, 0x80,

    /* U+60F6 "惶" */
    0x21, 0x4, 0xfa, 0x91, 0x5b, 0xea, 0x45, 0x48,
    0x8b, 0xf9, 0x8, 0x27, 0xc4, 0x20, 0xbf, 0x80,

    /* U+60F9 "惹" */
    0x11, 0x1f, 0xfc, 0x44, 0x7f, 0xf1, 0x0, 0x7f,
    0x98, 0x15, 0xfe, 0x14, 0xa, 0x56, 0x3e, 0x80,

    /* U+60FA "惺" */
    0x27, 0xe4, 0x86, 0x9f, 0xda, 0x1a, 0x7f, 0x49,
    0x9, 0xf9, 0x44, 0x27, 0xe4, 0x10, 0xbf, 0x80,

    /* U+6101 "愁" */
    0x11, 0x1c, 0xa4, 0x94, 0xfc, 0xa6, 0x11, 0x65,
    0xb, 0x18, 0x0, 0x54, 0x4a, 0x56, 0x3e, 0x80,

    /* U+6108 "愈" */
    0x1f, 0x4, 0x11, 0xfd, 0x65, 0x37, 0xa4, 0x94,
    0x96, 0x30, 0x20, 0x12, 0x4a, 0x6, 0x3e, 0x0,

    /* U+6109 "愉" */
    0x23, 0x4, 0x92, 0xa1, 0x5b, 0xda, 0x1, 0x5d,
    0x4a, 0xa9, 0x75, 0x2a, 0xa5, 0xc4, 0xa9, 0x80,

    /* U+610F "意" */
    0x4, 0xf, 0xf8, 0x44, 0x7f, 0xf2, 0x8, 0x7f,
    0x8, 0x21, 0xfc, 0x14, 0x4a, 0x56, 0x3e, 0x80,

    /* U+611A "愚" */
    0x3f, 0x84, 0x90, 0xfe, 0x12, 0x47, 0xfc, 0x8a,
    0x97, 0xd2, 0x6, 0x14, 0xa, 0x4a, 0x3e, 0x80,

    /* U+611F "感" */
    0x1, 0x4f, 0xfd, 0x74, 0x20, 0xa5, 0xc8, 0xa9,
    0x67, 0x58, 0x20, 0x52, 0x4a, 0x16, 0x3e, 0x80,

    /* U+6124 "愤" */
    0x21, 0x5, 0xfe, 0xd5, 0x57, 0xfa, 0x45, 0x5f,
    0xca, 0x9, 0x49, 0x29, 0x24, 0x50, 0xb1, 0x80,

    /* U+6127 "愧" */
    0x24, 0x5, 0xfa, 0xe9, 0x57, 0xea, 0xa5, 0x5f,
    0x88, 0xa1, 0x2a, 0x25, 0xc4, 0xa4, 0xa7, 0x80,

    /* U+613F "愿" */
    0x7f, 0xe8, 0x81, 0x7f, 0x28, 0x25, 0xfc, 0xa0,
    0x97, 0xf2, 0x54, 0x56, 0x4d, 0x26, 0xbe, 0x80,

    /* U+6148 "慈" */
    0x11, 0x1f, 0xfc, 0x82, 0x28, 0xa2, 0x8, 0x92,
    0x7e, 0xf8, 0x20, 0x12, 0x4a, 0x6, 0x3e, 0x0,

    /* U+614C "慌" */
    0x22, 0x45, 0xfe, 0x89, 0x58, 0x8a, 0xff, 0x48,
    0x9, 0xf1, 0x0, 0x25, 0x44, 0xa8, 0xa5, 0x80,

    /* U+614E "慎" */
    0x21, 0x5, 0xfe, 0x84, 0x5b, 0xea, 0x45, 0x4f,
    0x89, 0x11, 0x22, 0x2f, 0xe4, 0x88, 0xa0, 0x80,

    /* U+6151 "慑" */
    0x2f, 0xe4, 0x8a, 0x9f, 0x5a, 0x2a, 0x5f, 0x5c,
    0x88, 0x1, 0x77, 0x2a, 0xa4, 0x88, 0xaa, 0x80,

    /* U+6155 "慕" */
    0x11, 0x1f, 0xfc, 0x44, 0x3f, 0xe4, 0x4, 0xff,
    0x90, 0x17, 0xff, 0x48, 0x55, 0x55, 0x65, 0x0,

    /* U+6162 "慢" */
    0x27, 0xc4, 0x8a, 0x9f, 0x5a, 0x2a, 0xff, 0x55,
    0x4b, 0xf9, 0x22, 0x22, 0x84, 0x20, 0xbb, 0x80,

    /* U+6167 "慧" */
    0x20, 0x9f, 0x7c, 0x82, 0x7d, 0xf2, 0x8, 0xff,
    0x80, 0x13, 0xfe, 0x14, 0xa, 0x56, 0x3e, 0x80,

    /* U+6168 "慨" */
    0x2f, 0xe5, 0x28, 0xbd, 0x54, 0xab, 0x9f, 0x5e,
    0xaa, 0x15, 0x5a, 0x2c, 0xc4, 0x28, 0x99, 0x80,

    /* U+6170 "慰" */
    0x7c, 0x48, 0x89, 0xf7, 0xa0, 0x27, 0xd4, 0xa9,
    0x9c, 0x94, 0x86, 0x44, 0xa, 0x4a, 0x3e, 0x80,

    /* U+6177 "慷" */
    0x21, 0x5, 0xfe, 0xa2, 0x5d, 0xfa, 0x8b, 0x5f,
    0xca, 0x29, 0x5f, 0x2c, 0xa5, 0x58, 0xd6, 0x80,

    /* U+618B "憋" */
    0xaa, 0x15, 0x7c, 0x89, 0x7e, 0x2a, 0x95, 0xf3,
    0x2b, 0x98, 0x20, 0x12, 0x4a, 0x6, 0x3e, 0x0,

    /* U+618E "憎" */
    0x24, 0x45, 0xfe, 0xa4, 0xde, 0xba, 0xff, 0x40,
    0x9, 0xf1, 0x22, 0x27, 0xc4, 0x88, 0x9f, 0x0,

    /* U+61A8 "憨" */
    0xfd, 0x2, 0x3f, 0xf9, 0x22, 0xa7, 0xd4, 0x8b,
    0x1f, 0x9e, 0x20, 0x12, 0x4a, 0x6, 0x3e, 0x0,

    /* U+61BE "憾" */
    0x20, 0xa5, 0xfc, 0xa2, 0x57, 0x5a, 0x85, 0x5d,
    0x6a, 0x89, 0xb0, 0x1, 0x45, 0x5, 0x1e, 0x0,

    /* U+61C2 "懂" */
    0x24, 0x45, 0xfe, 0x91, 0x58, 0x8a, 0xff, 0x4a,
    0x89, 0xf1, 0x2a, 0x2f, 0xe4, 0x20, 0xbf, 0x80,

    /* U+61C8 "懈" */
    0x49, 0xe9, 0xd7, 0x4a, 0xff, 0xbd, 0x51, 0xbe,
    0x95, 0x7a, 0xfa, 0x55, 0xea, 0xa9, 0x55, 0x0,

    /* U+61CA "懊" */
    0x21, 0x5, 0xfe, 0xb5, 0xdc, 0x9a, 0xff, 0x57,
    0x4b, 0x59, 0xff, 0x22, 0x84, 0x88, 0xa0, 0x80,

    /* U+61D2 "懒" */
    0x29, 0x7, 0xba, 0xa9, 0x5f, 0xfa, 0xa3, 0x55,
    0x4f, 0xa9, 0x55, 0x38, 0x85, 0xa8, 0xa8, 0x80,

    /* U+61E6 "懦" */
    0x2f, 0xe4, 0x22, 0xbf, 0xd4, 0x9b, 0x55, 0x40,
    0xb, 0xf9, 0x8, 0x2f, 0xe5, 0x54, 0xaa, 0x80,

    /* U+6208 "戈" */
    0x4, 0x80, 0x88, 0x10, 0x3, 0xff, 0xc0, 0x8,
    0x81, 0x20, 0x18, 0x6, 0x23, 0x27, 0x83, 0x80,

    /* U+620A "戊" */
    0x2, 0x80, 0x49, 0xff, 0xa1, 0x4, 0x24, 0x84,
    0x90, 0xa2, 0x8, 0x41, 0x28, 0x56, 0x31, 0x80,

    /* U+620C "戌" */
    0x2, 0x80, 0x49, 0xff, 0xa1, 0x4, 0x24, 0x84,
    0x9e, 0xa2, 0x8, 0x41, 0x28, 0x56, 0x31, 0x80,

    /* U+620D "戍" */
    0x2, 0x80, 0x49, 0xff, 0xa1, 0x4, 0x24, 0xc4,
    0x94, 0xa2, 0x48, 0x41, 0x28, 0x56, 0x31, 0x80,

    /* U+620E "戎" */
    0x2, 0x80, 0x4b, 0xff, 0x81, 0x2, 0x24, 0x44,
    0xbe, 0xa1, 0x8, 0x21, 0x28, 0x56, 0x31, 0x80,

    /* U+620F "戏" */
    0x2, 0x9e, 0x48, 0x48, 0x49, 0xf5, 0xe0, 0xa4,
    0x88, 0xa1, 0x8, 0x51, 0x2a, 0x56, 0x11, 0x80,

    /* U+6210 "成" */
    0x2, 0x80, 0x49, 0xff, 0xa1, 0x7, 0xa4, 0x94,
    0x92, 0xa2, 0x48, 0x59, 0x28, 0x56, 0x31, 0x80,

    /* U+6211 "我" */
    0x19, 0x5c, 0x24, 0x84, 0x7f, 0xf2, 0x10, 0x42,
    0x8e, 0x57, 0x4, 0x20, 0xa4, 0x2d, 0x88, 0x80,

    /* U+6212 "戒" */
    0x2, 0x80, 0x4b, 0xff, 0x81, 0x5, 0x24, 0xa4,
    0xbe, 0xa2, 0x88, 0x51, 0x2a, 0x56, 0x51, 0x80,

    /* U+6216 "或" */
    0x2, 0x80, 0x4b, 0xff, 0x81, 0x7, 0xa4, 0x94,
    0x92, 0xa3, 0xc8, 0x1, 0x23, 0x57, 0x91, 0x80,

    /* U+6218 "战" */
    0x21, 0x44, 0x24, 0xe4, 0x10, 0xf2, 0x70, 0x42,
    0x7e, 0x54, 0x44, 0x88, 0xb1, 0x2f, 0xe8, 0x80,

    /* U+621A "戚" */
    0x1, 0x40, 0x25, 0xff, 0xa4, 0x84, 0xf2, 0x92,
    0x5f, 0xd2, 0x44, 0x5a, 0xad, 0x2e, 0x68, 0x80,

    /* U+622A "截" */
    0x11, 0x4f, 0xa4, 0x44, 0x7f, 0xf2, 0x10, 0x92,
    0x7f, 0x52, 0x44, 0x7c, 0xa9, 0x2d, 0xf8, 0x80,

    /* U+622E "戮" */
    0xee, 0xa4, 0x56, 0xaa, 0x33, 0xfa, 0xa8, 0x71,
    0x51, 0x2c, 0xd2, 0x60, 0x41, 0x97, 0xc4, 0x80,

    /* U+6233 "戳" */
    0xee, 0xb5, 0x55, 0x9a, 0x55, 0xf2, 0x28, 0x51,
    0x5f, 0xae, 0x42, 0x7e, 0x49, 0x15, 0xfc, 0x80,

    /* U+6234 "戴" */
    0x11, 0x4f, 0xa4, 0x44, 0x7f, 0xf5, 0x50, 0xfa,
    0x95, 0x53, 0xe4, 0x28, 0xbf, 0xad, 0x28, 0x80,

    /* U+6237 "户" */
    0x2, 0x7, 0xfc, 0x80, 0x90, 0x13, 0xfe, 0x40,
    0x8, 0x1, 0x0, 0x40, 0x8, 0x2, 0x0, 0x0,

    /* U+623F "房" */
    0x2, 0xf, 0xfd, 0x0, 0xbf, 0xf4, 0x20, 0xff,
    0xd2, 0x2, 0x7e, 0x48, 0x4a, 0xa, 0x86, 0x0,

    /* U+6240 "所" */
    0x18, 0x6c, 0x71, 0x8, 0x3d, 0x4, 0xbe, 0x94,
    0x9e, 0x92, 0x12, 0x42, 0x48, 0x4a, 0x11, 0x0,

    /* U+6241 "扁" */
    0x2, 0xf, 0xfd, 0x0, 0xbf, 0xf4, 0x0, 0xbf,
    0xd5, 0x4a, 0xa9, 0x5f, 0xea, 0xa6, 0x55, 0x80,

    /* U+6247 "扇" */
    0x2, 0xf, 0xfd, 0x0, 0xbf, 0xf4, 0x0, 0xfb,
    0xd5, 0x2a, 0x63, 0x54, 0xac, 0xa6, 0x31, 0x80,

    /* U+624B "手" */
    0x3, 0xcf, 0x80, 0x10, 0x2, 0x7, 0xfc, 0x8,
    0x1, 0x7, 0xff, 0x4, 0x0, 0x80, 0x70, 0x0,

    /* U+624D "才" */
    0x1, 0x0, 0x23, 0xff, 0x80, 0x80, 0x30, 0xa,
    0x2, 0x41, 0x88, 0xc1, 0x0, 0x20, 0x1c, 0x0,

    /* U+624E "扎" */
    0x22, 0x4, 0x43, 0xe8, 0x11, 0x2, 0x20, 0x74,
    0x38, 0x81, 0x10, 0x22, 0x24, 0x47, 0x87, 0x80,

    /* U+6251 "扑" */
    0x21, 0x4, 0x23, 0xc4, 0x10, 0x82, 0x18, 0x62,
    0xb8, 0x49, 0x8, 0x21, 0x4, 0x23, 0x84, 0x0,

    /* U+6252 "扒" */
    0x44, 0x88, 0x93, 0x92, 0x22, 0x44, 0x48, 0xc9,
    0x31, 0x22, 0x42, 0x48, 0x49, 0xb, 0x40, 0x80,

    /* U+6253 "打" */
    0x27, 0xe4, 0x13, 0xc2, 0x10, 0x42, 0x8, 0x61,
    0x38, 0x21, 0x4, 0x20, 0x84, 0x13, 0x8e, 0x0,

    /* U+6254 "扔" */
    0x4f, 0xc8, 0x8b, 0x91, 0x22, 0x44, 0x4e, 0xc8,
    0x71, 0xa, 0x21, 0x48, 0x29, 0x7, 0x43, 0x0,

    /* U+6258 "托" */
    0x41, 0xc9, 0xc3, 0x88, 0x21, 0x4, 0x20, 0xc7,
    0xf7, 0x82, 0x10, 0x42, 0x28, 0x47, 0x7, 0x80,

    /* U+625B "扛" */
    0x4f, 0xe8, 0x23, 0x84, 0x20, 0x84, 0x10, 0xc2,
    0x30, 0x42, 0x8, 0x41, 0x8, 0x23, 0x3f, 0x80,

    /* U+6263 "扣" */
    0x20, 0x4, 0xff, 0xd0, 0x92, 0x12, 0x42, 0x68,
    0x79, 0x9, 0x21, 0x24, 0x24, 0x87, 0x9f, 0x80,

    /* U+6266 "扦" */
    0x40, 0xc8, 0xe3, 0x84, 0x20, 0x84, 0x10, 0xdf,
    0xf0, 0x42, 0x8, 0x41, 0x8, 0x23, 0x4, 0x0,

    /* U+6267 "执" */
    0x22, 0x4, 0x43, 0xdf, 0x11, 0x22, 0x24, 0x4c,
    0x8c, 0xd7, 0x12, 0x24, 0x44, 0x85, 0xa0, 0x80,

    /* U+6269 "扩" */
    0x20, 0x84, 0xff, 0xd0, 0x12, 0x2, 0x40, 0x68,
    0x39, 0x1, 0x20, 0x24, 0x4, 0x83, 0xa0, 0x0,

    /* U+626B "扫" */
    0x4f, 0xe8, 0x7, 0x80, 0xa0, 0x14, 0x2, 0xdf,
    0xf0, 0xa, 0x1, 0x40, 0x28, 0x7, 0x3f, 0x80,

    /* U+626C "扬" */
    0x4f, 0xc8, 0x13, 0x84, 0x21, 0x4, 0xfe, 0xc5,
    0x71, 0x2a, 0x49, 0x41, 0x28, 0x47, 0x13, 0x0,

    /* U+626D "扭" */
    0x4f, 0xc8, 0x4b, 0x89, 0x21, 0x24, 0x24, 0xdf,
    0xb1, 0x12, 0x22, 0x44, 0x48, 0x8b, 0x7f, 0x80,

    /* U+626E "扮" */
    0x44, 0x88, 0x93, 0xa1, 0x24, 0x25, 0x2, 0xdf,
    0xb1, 0x12, 0x22, 0x48, 0x49, 0xb, 0x46, 0x0,

    /* U+626F "扯" */
    0x41, 0x8, 0x23, 0x84, 0x24, 0x84, 0x9e, 0xd2,
    0x32, 0x42, 0x48, 0x49, 0x9, 0x23, 0x7f, 0x80,

    /* U+6270 "扰" */
    0x42, 0x88, 0x4b, 0x88, 0x2f, 0xf4, 0x20, 0xca,
    0x31, 0x42, 0x28, 0x49, 0x29, 0x27, 0x47, 0x80,

    /* U+6273 "扳" */
    0x40, 0xe9, 0xe3, 0xa0, 0x24, 0x4, 0xfe, 0xd8,
    0x72, 0x8a, 0x4a, 0x48, 0x89, 0x2b, 0x58, 0x80,

    /* U+6276 "扶" */
    0x41, 0x8, 0x23, 0x9f, 0x20, 0x84, 0x10, 0xdf,
    0xf0, 0x42, 0x14, 0x42, 0x88, 0x8b, 0x20, 0x80,

    /* U+6279 "批" */
    0x48, 0x89, 0x13, 0xa2, 0x24, 0x54, 0xec, 0xd1,
    0x32, 0x22, 0x44, 0x48, 0xa9, 0x57, 0x33, 0x80,

    /* U+627C "扼" */
    0x4f, 0xe9, 0x3, 0xa0, 0x25, 0xe4, 0xa4, 0xd4,
    0xb2, 0xb2, 0x50, 0x4a, 0x29, 0x47, 0x47, 0x80,

    /* U+627E "找" */
    0x42, 0x88, 0x4b, 0x88, 0x21, 0xf5, 0xe0, 0xc4,
    0xb0, 0xa2, 0x8, 0x41, 0x28, 0xd7, 0x61, 0x80,

    /* U+627F "承" */
    0x3f, 0x80, 0x20, 0x18, 0x72, 0x52, 0xea, 0x49,
    0x8b, 0xa2, 0x22, 0x5f, 0x50, 0x84, 0x70, 0x0,

    /* U+6280 "技" */
    0x41, 0x8, 0x23, 0xbf, 0xa0, 0x84, 0x10, 0xdf,
    0xb2, 0x12, 0x42, 0x44, 0x88, 0x63, 0x73, 0x80,

    /* U+6284 "抄" */
    0x41, 0x8, 0x23, 0xa5, 0x24, 0x94, 0x92, 0xa2,
    0x38, 0x4a, 0x2, 0x40, 0x88, 0x63, 0x30, 0x0,

    /* U+6289 "抉" */
    0x42, 0x8, 0x43, 0xbf, 0x21, 0x24, 0x24, 0xc4,
    0xb7, 0xfa, 0x10, 0x45, 0x9, 0x13, 0x41, 0x80,

    /* U+628A "把" */
    0x4f, 0xe9, 0x27, 0xa4, 0xa4, 0x94, 0x92, 0xdf,
    0xf2, 0x2, 0x40, 0x48, 0x29, 0x7, 0x1f, 0x80,

    /* U+6291 "抑" */
    0x42, 0x9, 0xbf, 0xa4, 0xa4, 0x94, 0x92, 0xd2,
    0x72, 0x4a, 0x59, 0x4d, 0x68, 0x23, 0x4, 0x0,

    /* U+6292 "抒" */
    0x27, 0xc4, 0xb, 0xca, 0x10, 0x82, 0xfe, 0x62,
    0x78, 0x51, 0x8, 0x21, 0x4, 0x23, 0x9c, 0x0,

    /* U+6293 "抓" */
    0x40, 0xe9, 0xeb, 0xa5, 0x24, 0xa4, 0x94, 0xd2,
    0xb2, 0x52, 0x4a, 0x49, 0x49, 0x27, 0x44, 0x80,

    /* U+6295 "投" */
    0x47, 0x88, 0x93, 0x92, 0x22, 0x45, 0x8e, 0xc0,
    0x33, 0xf2, 0x42, 0x44, 0x88, 0x63, 0x73, 0x80,

    /* U+6296 "抖" */
    0x40, 0x88, 0x93, 0x8a, 0x20, 0x44, 0x88, 0xc9,
    0x30, 0x3a, 0x1c, 0x4c, 0x88, 0x13, 0x2, 0x0,

    /* U+6297 "抗" */
    0x42, 0x8, 0x23, 0xbf, 0xa0, 0x4, 0x78, 0xc9,
    0x31, 0x22, 0x24, 0x44, 0xa9, 0x17, 0x43, 0x80,

    /* U+6298 "折" */
    0x40, 0xc9, 0xe3, 0xa0, 0x24, 0x4, 0xfe, 0xd1,
    0x32, 0x22, 0x44, 0x48, 0x89, 0x13, 0x42, 0x0,

    /* U+629A "抚" */
    0x4f, 0xc8, 0x43, 0x88, 0x21, 0x5, 0xfe, 0xca,
    0x31, 0x42, 0x28, 0x49, 0x29, 0x27, 0x47, 0x80,

    /* U+629B "抛" */
    0x48, 0x89, 0x13, 0xa7, 0xaf, 0x54, 0xaa, 0xd5,
    0x72, 0xaa, 0x55, 0x4b, 0x69, 0x43, 0x4f, 0x80,

    /* U+62A0 "抠" */
    0x4f, 0xe9, 0x3, 0xa9, 0x24, 0xa4, 0x94, 0xd1,
    0x32, 0x22, 0x4a, 0x4a, 0x49, 0x3, 0x3f, 0x80,

    /* U+62A1 "抡" */
    0x41, 0x8, 0x53, 0x91, 0x2c, 0x14, 0x40, 0xc8,
    0xb1, 0x22, 0x38, 0x44, 0x28, 0x87, 0xf, 0x80,

    /* U+62A2 "抢" */
    0x41, 0x8, 0x53, 0x91, 0x2c, 0x14, 0x7c, 0xc8,
    0xb1, 0x12, 0x2e, 0x44, 0x8, 0x87, 0xf, 0x80,

    /* U+62A4 "护" */
    0x21, 0x4, 0x13, 0xdf, 0x92, 0x12, 0x42, 0x6f,
    0xf9, 0x1, 0x20, 0x24, 0x4, 0x83, 0xa0, 0x0,

    /* U+62A5 "报" */
    0x27, 0xe4, 0x87, 0xd0, 0x92, 0x72, 0x40, 0x6f,
    0xf9, 0x89, 0x2a, 0x24, 0x84, 0xab, 0x98, 0x80,

    /* U+62A8 "抨" */
    0x4f, 0xe8, 0x23, 0xa4, 0xa2, 0xa4, 0x10, 0xdf,
    0xf0, 0x42, 0x8, 0x41, 0x8, 0x23, 0x4, 0x0,

    /* U+62AB "披" */
    0x41, 0x9, 0xff, 0xa4, 0xa4, 0x84, 0xfe, 0xd8,
    0x72, 0x8a, 0x4a, 0x48, 0x89, 0x2b, 0x58, 0x80,

    /* U+62AC "抬" */
    0x42, 0x8, 0x43, 0x91, 0x24, 0x25, 0xfa, 0xc0,
    0x73, 0xf2, 0x42, 0x48, 0x49, 0xb, 0x3f, 0x0,

    /* U+62B1 "抱" */
    0x48, 0x9, 0xfb, 0xc1, 0x27, 0xa4, 0x94, 0xd2,
    0xb3, 0xd2, 0x46, 0x48, 0x9, 0x7, 0x1f, 0x80,

    /* U+62B5 "抵" */
    0x40, 0xc9, 0xe3, 0xa4, 0x24, 0x84, 0x90, 0xdf,
    0xf2, 0x42, 0x44, 0x48, 0xa9, 0x4f, 0x34, 0x80,

    /* U+62B9 "抹" */
    0x41, 0x8, 0x23, 0xbf, 0xa0, 0x84, 0x10, 0xcf,
    0xb0, 0x42, 0x1c, 0x45, 0x49, 0x27, 0x4, 0x0,

    /* U+62BC "押" */
    0x4f, 0xe9, 0x27, 0xa4, 0xa7, 0xf4, 0x92, 0xd2,
    0x73, 0xfa, 0x8, 0x41, 0x8, 0x23, 0x4, 0x0,

    /* U+62BD "抽" */
    0x41, 0x8, 0x23, 0xbf, 0xa4, 0x94, 0x92, 0xd2,
    0x73, 0xfa, 0x49, 0x49, 0x29, 0x27, 0x3f, 0x80,

    /* U+62BF "抿" */
    0x4f, 0xe9, 0x7, 0xa0, 0xa7, 0xf4, 0x90, 0xd2,
    0x33, 0xfa, 0x48, 0x48, 0x89, 0x57, 0x31, 0x80,

    /* U+62C2 "拂" */
    0x42, 0x88, 0x53, 0xbf, 0xa1, 0x54, 0xfe, 0xd5,
    0x33, 0xfa, 0x15, 0x42, 0xa8, 0x9f, 0x62, 0x0,

    /* U+62C4 "拄" */
    0x42, 0x8, 0x23, 0xbf, 0xa0, 0x84, 0x10, 0xc2,
    0x31, 0xf2, 0x8, 0x41, 0x8, 0x23, 0x3f, 0x80,

    /* U+62C5 "担" */
    0x4f, 0xc9, 0xb, 0xa1, 0x24, 0x24, 0xfc, 0xd0,
    0xb2, 0x12, 0x42, 0x4f, 0xc8, 0x3, 0x7f, 0x80,

    /* U+62C6 "拆" */
    0x40, 0xc9, 0xe3, 0xa0, 0x24, 0x4, 0xfe, 0xd1,
    0x32, 0x62, 0x46, 0x48, 0xa9, 0x13, 0x42, 0x0,

    /* U+62C7 "拇" */
    0x4f, 0xc9, 0xb, 0xa9, 0x24, 0xa5, 0xfe, 0xd0,
    0xb2, 0x92, 0x4a, 0x4f, 0xe8, 0xb, 0x6, 0x0,

    /* U+62C8 "拈" */
    0x41, 0x8, 0x23, 0x87, 0xa0, 0x84, 0x10, 0xc2,
    0x33, 0xfa, 0x41, 0x48, 0x29, 0x7, 0x3f, 0x80,

    /* U+62C9 "拉" */
    0x42, 0x8, 0x23, 0xbf, 0xa0, 0x4, 0x44, 0xc8,
    0xb0, 0x92, 0x12, 0x42, 0x88, 0x13, 0x3f, 0x80,

    /* U+62CC "拌" */
    0x41, 0x9, 0x27, 0x95, 0x20, 0x84, 0xfe, 0xc2,
    0x30, 0x42, 0x7f, 0x41, 0x8, 0x23, 0x4, 0x0,

    /* U+62CD "拍" */
    0x20, 0x84, 0x23, 0xdf, 0x92, 0x12, 0x42, 0x68,
    0x79, 0xf9, 0x21, 0x24, 0x24, 0x87, 0x9f, 0x80,

    /* U+62CE "拎" */
    0x41, 0x8, 0x53, 0x91, 0x2c, 0x14, 0x10, 0xc1,
    0x33, 0xfa, 0x2, 0x44, 0x88, 0x63, 0x3, 0x0,

    /* U+62D0 "拐" */
    0x4f, 0xe9, 0x7, 0xa0, 0xa7, 0xf4, 0x20, 0xdf,
    0xf0, 0x8a, 0x11, 0x44, 0x28, 0x87, 0x23, 0x0,

    /* U+62D2 "拒" */
    0x4f, 0xe9, 0x3, 0xa0, 0x27, 0xe4, 0x84, 0xd0,
    0xb2, 0x12, 0x7e, 0x48, 0x9, 0x3, 0x3f, 0x80,

    /* U+62D3 "拓" */
    0x4f, 0xe8, 0x43, 0x88, 0x21, 0x4, 0x40, 0xcf,
    0xf3, 0xa, 0xa1, 0x44, 0x28, 0x87, 0x1f, 0x80,

    /* U+62D4 "拔" */
    0x44, 0x88, 0x8b, 0xbf, 0xa2, 0x4, 0x40, 0xcf,
    0xb1, 0x12, 0x22, 0x4a, 0x89, 0x23, 0x5b, 0x80,

    /* U+62D6 "拖" */
    0x24, 0x4, 0xff, 0xe4, 0x14, 0xb2, 0x5a, 0x4e,
    0x4f, 0x4f, 0x2b, 0x25, 0x4, 0x85, 0x8f, 0x80,

    /* U+62D8 "拘" */
    0x44, 0x8, 0xff, 0xa0, 0xa8, 0x14, 0x7a, 0xc9,
    0x71, 0x2a, 0x25, 0x47, 0xa8, 0x7, 0x3, 0x0,

    /* U+62D9 "拙" */
    0x41, 0x9, 0x27, 0xa4, 0xa4, 0x94, 0xfe, 0xc2,
    0x30, 0x42, 0x49, 0x49, 0x29, 0x27, 0x3f, 0x80,

    /* U+62DB "招" */
    0x4f, 0xe8, 0x47, 0x88, 0xa2, 0x14, 0x8e, 0xc0,
    0x33, 0xfa, 0x41, 0x48, 0x29, 0x7, 0x3f, 0x80,

    /* U+62DC "拜" */
    0x1b, 0xfc, 0x10, 0x8f, 0x90, 0x4f, 0x88, 0x47,
    0xc8, 0x27, 0xc4, 0x23, 0xe8, 0x12, 0x2, 0x0,

    /* U+62DF "拟" */
    0x42, 0x49, 0x2b, 0xa5, 0x24, 0x24, 0x84, 0xd1,
    0x32, 0xa2, 0x6a, 0x49, 0x48, 0x47, 0x10, 0x80,

    /* U+62E2 "拢" */
    0x44, 0x88, 0x8b, 0xbf, 0xa2, 0x84, 0x50, 0xca,
    0x71, 0x52, 0x2c, 0x49, 0x29, 0x67, 0x53, 0x80,

    /* U+62E3 "拣" */
    0x42, 0xb, 0xff, 0x90, 0x2f, 0x84, 0x90, 0xdf,
    0xf0, 0x42, 0x4a, 0x49, 0x2a, 0x27, 0xc, 0x0,

    /* U+62E5 "拥" */
    0x4f, 0xe9, 0x27, 0xa4, 0xa7, 0xf4, 0x92, 0xd2,
    0x73, 0xfa, 0x49, 0x49, 0x29, 0x27, 0x45, 0x80,

    /* U+62E6 "拦" */
    0x44, 0x48, 0x53, 0xbf, 0xa0, 0x4, 0x0, 0xc0,
    0x31, 0xf2, 0x0, 0x40, 0x8, 0x3, 0x3f, 0x80,

    /* U+62E7 "拧" */
    0x41, 0x9, 0xff, 0xa0, 0xa0, 0x4, 0xfe, 0xc2,
    0x30, 0x42, 0x8, 0x41, 0x8, 0x23, 0x1c, 0x0,

    /* U+62E8 "拨" */
    0x4a, 0x89, 0x4b, 0xa8, 0x2f, 0xf4, 0x40, 0xcf,
    0xb1, 0x12, 0x22, 0x4a, 0x89, 0x23, 0x5b, 0x80,

    /* U+62E9 "择" */
    0x4f, 0xe9, 0x7, 0x91, 0x21, 0xc4, 0xc6, 0xc2,
    0x31, 0xf2, 0x8, 0x4f, 0xe8, 0x23, 0x4, 0x0,

    /* U+62EC "括" */
    0x40, 0xc9, 0xe3, 0x84, 0x20, 0x85, 0xfe, 0xc2,
    0x30, 0x42, 0x7e, 0x48, 0x49, 0xb, 0x3f, 0x0,

    /* U+62ED "拭" */
    0x40, 0xa8, 0x17, 0xbf, 0xa0, 0x44, 0x8, 0xdf,
    0x30, 0x92, 0x12, 0x42, 0x48, 0x77, 0x30, 0x80,

    /* U+62EF "拯" */
    0x4f, 0xc8, 0x13, 0x84, 0xae, 0xd4, 0x54, 0xca,
    0xb2, 0x4a, 0x89, 0x43, 0x8, 0x3, 0x7f, 0x80,

    /* U+62F1 "拱" */
    0x44, 0x88, 0x93, 0xbf, 0xa2, 0x44, 0x48, 0xc9,
    0x37, 0xfa, 0x0, 0x44, 0x89, 0xb, 0x40, 0x80,

    /* U+62F3 "拳" */
    0x24, 0x84, 0xa1, 0xff, 0x8, 0x8f, 0xfe, 0x49,
    0x37, 0xd0, 0x21, 0xff, 0xe0, 0x80, 0x70, 0x0,

    /* U+62F4 "拴" */
    0x41, 0x8, 0x53, 0x91, 0x2c, 0x14, 0xfc, 0xc2,
    0x30, 0x42, 0x7e, 0x41, 0x8, 0x23, 0x7f, 0x80,

    /* U+62F7 "拷" */
    0x42, 0x29, 0xeb, 0x8a, 0x2f, 0xf4, 0x20, 0xcf,
    0xb7, 0x2, 0x3e, 0x40, 0x48, 0xb, 0x6, 0x0,

    /* U+62FC "拼" */
    0x44, 0x28, 0x4b, 0xbf, 0xa1, 0x24, 0x24, 0xc4,
    0xb3, 0xfa, 0x12, 0x42, 0x48, 0x8b, 0x21, 0x0,

    /* U+62FD "拽" */
    0x41, 0x9, 0xff, 0xa4, 0xa7, 0xf4, 0x92, 0xd2,
    0x73, 0xfa, 0xa, 0x40, 0x88, 0x37, 0x39, 0x80,

    /* U+62FE "拾" */
    0x41, 0x8, 0x53, 0x91, 0x2c, 0x14, 0x7c, 0xc0,
    0x33, 0xfa, 0x41, 0x48, 0x29, 0x7, 0x3f, 0x80,

    /* U+62FF "拿" */
    0xe, 0x6, 0x33, 0x7d, 0x80, 0x3, 0xf8, 0x41,
    0x1f, 0xf0, 0x20, 0xff, 0xe0, 0x80, 0x70, 0x0,

    /* U+6301 "持" */
    0x41, 0x8, 0xfb, 0x84, 0x20, 0x84, 0xfe, 0xc0,
    0xb3, 0xfa, 0x22, 0x42, 0x48, 0xb, 0x7, 0x0,

    /* U+6302 "挂" */
    0x41, 0x8, 0xfb, 0x84, 0x20, 0x84, 0xfe, 0xc0,
    0x30, 0x42, 0x3e, 0x41, 0x8, 0x23, 0x3f, 0x80,

    /* U+6307 "指" */
    0x48, 0x29, 0x1b, 0xbc, 0x24, 0x14, 0x7e, 0xc0,
    0x33, 0xfa, 0x41, 0x4f, 0xe9, 0x7, 0x3f, 0x80,

    /* U+6309 "按" */
    0x41, 0x9, 0xff, 0xa0, 0xa0, 0x84, 0x10, 0xdf,
    0xf0, 0x92, 0x22, 0x42, 0x88, 0x33, 0x39, 0x80,

    /* U+630E "挎" */
    0x42, 0xb, 0xff, 0x92, 0x24, 0x25, 0x7a, 0xc0,
    0x37, 0xfa, 0x20, 0x47, 0xc8, 0xb, 0x6, 0x0,

    /* U+6311 "挑" */
    0x42, 0x88, 0x53, 0xaa, 0xa3, 0x64, 0x28, 0xc5,
    0x31, 0xb2, 0x55, 0x42, 0x88, 0x97, 0x63, 0x80,

    /* U+6316 "挖" */
    0x41, 0x9, 0xff, 0xaa, 0xa2, 0x24, 0x0, 0xdf,
    0xb0, 0x22, 0x18, 0x44, 0x9, 0x7, 0x1f, 0x80,

    /* U+631A "挚" */
    0x21, 0x1e, 0xf8, 0x85, 0x1b, 0xae, 0x1c, 0x7c,
    0xc1, 0x1, 0xfc, 0x4, 0x1f, 0xfc, 0x10, 0x0,

    /* U+631B "挛" */
    0x4, 0x1f, 0xfc, 0x24, 0x24, 0xa9, 0x12, 0xff,
    0x81, 0x1, 0xfc, 0x4, 0x1f, 0xfc, 0x10, 0x0,

    /* U+631D "挝" */
    0x50, 0x49, 0xb, 0x8f, 0xa0, 0x25, 0xa4, 0xd2,
    0xb2, 0x52, 0x42, 0x48, 0xca, 0x83, 0x4f, 0x80,

    /* U+631E "挞" */
    0x50, 0x89, 0x13, 0x82, 0x21, 0xf5, 0x88, 0xd1,
    0x32, 0x52, 0x4a, 0x4a, 0x2a, 0x83, 0x4f, 0x80,

    /* U+631F "挟" */
    0x41, 0x9, 0xff, 0x84, 0x24, 0x94, 0x54, 0xc2,
    0x37, 0xfa, 0x8, 0x42, 0x88, 0x8b, 0x60, 0x80,

    /* U+6320 "挠" */
    0x42, 0x8, 0x4f, 0xbe, 0x21, 0x24, 0x1a, 0xdc,
    0xf0, 0x2, 0x7f, 0x42, 0x88, 0x97, 0x63, 0x80,

    /* U+6321 "挡" */
    0x41, 0x9, 0x27, 0x95, 0x20, 0x84, 0xfe, 0xc0,
    0x70, 0xa, 0x7f, 0x40, 0x28, 0x7, 0x3f, 0x80,

    /* U+6323 "挣" */
    0x44, 0x8, 0xf3, 0xa2, 0x27, 0xe4, 0x14, 0xdf,
    0xf0, 0x52, 0x7e, 0x41, 0x8, 0x23, 0x1c, 0x0,

    /* U+6324 "挤" */
    0x41, 0x9, 0xff, 0x91, 0x21, 0x44, 0x10, 0xc5,
    0x37, 0x1a, 0x22, 0x44, 0x48, 0x8b, 0x21, 0x0,

    /* U+6325 "挥" */
    0x4f, 0xe9, 0x7, 0x88, 0x27, 0xf4, 0x40, 0xd2,
    0x33, 0xfa, 0x8, 0x4f, 0xe8, 0x23, 0x4, 0x0,

    /* U+6328 "挨" */
    0x42, 0x8, 0x8b, 0xbe, 0xa2, 0x4, 0x7c, 0xd2,
    0x30, 0x42, 0x7f, 0x42, 0x88, 0x8b, 0x20, 0x80,

    /* U+632A "挪" */
    0x5e, 0xe9, 0x57, 0xaa, 0xaf, 0x54, 0xac, 0xd5,
    0x77, 0xaa, 0x55, 0x4a, 0xe9, 0x53, 0x5a, 0x0,

    /* U+632B "挫" */
    0x41, 0x8, 0xab, 0x95, 0x22, 0xa4, 0xba, 0xd2,
    0x70, 0x42, 0x3e, 0x41, 0x8, 0x23, 0x3f, 0x80,

    /* U+632F "振" */
    0x4f, 0xe9, 0x3, 0xaf, 0x24, 0x4, 0xfe, 0xd5,
    0x32, 0xa2, 0x55, 0x4a, 0x49, 0x6b, 0x48, 0x80,

    /* U+633A "挺" */
    0x5c, 0x28, 0xbb, 0xa1, 0x28, 0x25, 0xde, 0xc8,
    0xb5, 0x12, 0xa2, 0x49, 0xea, 0x83, 0x4f, 0x80,

    /* U+633D "挽" */
    0x44, 0x8, 0xf3, 0xa2, 0x2f, 0xf4, 0x92, 0xd2,
    0x73, 0xfa, 0x14, 0x42, 0xa8, 0x97, 0x63, 0x80,

    /* U+6342 "捂" */
    0x4f, 0xe8, 0x43, 0xbf, 0x22, 0x24, 0x44, 0xdf,
    0xf0, 0x2, 0x7f, 0x48, 0x29, 0x7, 0x3f, 0x80,

    /* U+6345 "捅" */
    0x4f, 0xc8, 0x53, 0x84, 0x27, 0xf4, 0x92, 0xdf,
    0xf2, 0x4a, 0x7f, 0x49, 0x29, 0x27, 0x25, 0x80,

    /* U+6346 "捆" */
    0x4f, 0xe9, 0x7, 0xa4, 0xa4, 0x94, 0xfe, 0xd2,
    0x72, 0xea, 0x6b, 0x49, 0x29, 0x7, 0x3f, 0x80,

    /* U+6349 "捉" */
    0x4f, 0xe9, 0x7, 0xa0, 0xa4, 0x14, 0xfe, 0xc2,
    0x32, 0x42, 0x4f, 0x49, 0xa, 0xe3, 0x43, 0x80,

    /* U+634C "捌" */
    0x5e, 0x2a, 0x57, 0xca, 0xaf, 0x54, 0x8a, 0xfd,
    0x72, 0xaa, 0x55, 0x4a, 0x29, 0x47, 0x5b, 0x80,

    /* U+634D "捍" */
    0x4f, 0xc9, 0xb, 0xbf, 0x24, 0x24, 0xfc, 0xc0,
    0x33, 0xf2, 0x8, 0x5f, 0xe8, 0x23, 0x4, 0x0,

    /* U+634E "捎" */
    0x49, 0x28, 0xab, 0x84, 0x27, 0xf4, 0x82, 0xdf,
    0xf2, 0xa, 0x7f, 0x48, 0x29, 0x7, 0x21, 0x80,

    /* U+634F "捏" */
    0x4f, 0xe9, 0x7, 0xbf, 0xa4, 0x14, 0xfe, 0xc2,
    0x30, 0x42, 0x7f, 0x41, 0x8, 0x23, 0x3f, 0x80,

    /* U+6350 "捐" */
    0x47, 0xc8, 0x8b, 0x9f, 0x20, 0x4, 0xfe, 0xd0,
    0x73, 0xfa, 0x41, 0x4f, 0xe9, 0x7, 0x21, 0x80,

    /* U+6355 "捕" */
    0x41, 0x49, 0xff, 0x84, 0x27, 0xf4, 0x92, 0xdf,
    0xf2, 0x4a, 0x7f, 0x49, 0x29, 0x27, 0x25, 0x80,

    /* U+635E "捞" */
    0x44, 0x49, 0xff, 0x91, 0x27, 0xf4, 0x82, 0xc4,
    0x33, 0xfa, 0x11, 0x42, 0x28, 0x87, 0x63, 0x0,

    /* U+635F "损" */
    0x47, 0xc8, 0x8b, 0x9f, 0x20, 0x4, 0xfe, 0xd0,
    0x72, 0x4a, 0x49, 0x42, 0x88, 0x8b, 0x20, 0x80,

    /* U+6361 "捡" */
    0x41, 0x8, 0x53, 0x91, 0x2c, 0x14, 0x7c, 0xc0,
    0x32, 0x8a, 0x2a, 0x45, 0x48, 0x13, 0x3f, 0x80,

    /* U+6362 "换" */
    0x42, 0x8, 0x73, 0x92, 0x27, 0xe4, 0x94, 0xd2,
    0xb2, 0x52, 0xff, 0x42, 0x88, 0x8b, 0x60, 0x80,

    /* U+6363 "捣" */
    0x42, 0x9, 0xfb, 0xa1, 0x26, 0x24, 0xac, 0xd0,
    0x33, 0xfa, 0x21, 0x55, 0x2b, 0xe7, 0x3, 0x0,

    /* U+6367 "捧" */
    0x41, 0x8, 0xfb, 0x84, 0x23, 0xe4, 0x20, 0xdf,
    0xf1, 0x52, 0x5d, 0x41, 0x9, 0xff, 0x4, 0x0,

    /* U+636E "据" */
    0x4f, 0xe9, 0x7, 0xa0, 0xa7, 0xf4, 0x88, 0xdf,
    0xf2, 0x22, 0x5f, 0x4a, 0x29, 0x47, 0x4f, 0x80,

    /* U+6376 "捶" */
    0x40, 0xc8, 0xe3, 0x84, 0x27, 0xf4, 0x54, 0xdf,
    0xf1, 0x52, 0x2a, 0x4f, 0xe8, 0x23, 0x1f, 0x0,

    /* U+6377 "捷" */
    0x42, 0xb, 0xff, 0x89, 0x2f, 0xf4, 0x24, 0xdf,
    0xb0, 0x82, 0x5e, 0x4a, 0xa, 0xc3, 0x47, 0x80,

    /* U+637B "捻" */
    0x41, 0x8, 0x53, 0x91, 0x2c, 0x94, 0x8, 0xcf,
    0xb0, 0x12, 0x4, 0x45, 0x9, 0x8b, 0x4e, 0x80,

    /* U+6380 "掀" */
    0x42, 0x89, 0x93, 0xa3, 0xa4, 0x54, 0xf6, 0xd4,
    0xb2, 0x92, 0x52, 0x4a, 0xa9, 0x57, 0x4c, 0x80,

    /* U+6382 "掂" */
    0x41, 0x9, 0xff, 0xa0, 0x24, 0x84, 0x9e, 0xd2,
    0x32, 0x42, 0x5f, 0x4a, 0x29, 0x47, 0x4f, 0x80,

    /* U+6387 "掇" */
    0x4e, 0xe8, 0x47, 0xaa, 0xa2, 0x24, 0xaa, 0xc0,
    0x33, 0xba, 0x15, 0x4a, 0xa8, 0x8b, 0x2a, 0x80,

    /* U+6388 "授" */
    0x40, 0xcb, 0xe3, 0xa8, 0xa2, 0xa5, 0xfe, 0xe0,
    0x73, 0xf2, 0x42, 0x44, 0x88, 0x63, 0x73, 0x80,

    /* U+6389 "掉" */
    0x41, 0x8, 0x3f, 0x84, 0x27, 0xe4, 0x84, 0xdf,
    0xb2, 0x12, 0x7e, 0x41, 0xb, 0xff, 0x4, 0x0,

    /* U+638C "掌" */
    0x24, 0x9f, 0xfe, 0x0, 0x9f, 0xc2, 0x8, 0xff,
    0x81, 0x3, 0xfe, 0x4, 0x1f, 0xfc, 0x10, 0x0,

    /* U+638F "掏" */
    0x48, 0x9, 0xff, 0xe0, 0xa7, 0xd5, 0x22, 0x9f,
    0x78, 0x8a, 0x55, 0x4f, 0xa8, 0x7, 0x3, 0x0,

    /* U+6390 "掐" */
    0x42, 0x8, 0x7b, 0x91, 0x2c, 0x44, 0x20, 0xd9,
    0xf2, 0xa, 0x77, 0x48, 0x29, 0x7, 0x3f, 0x80,

    /* U+6392 "排" */
    0x42, 0x88, 0x53, 0xbb, 0xa1, 0x44, 0x28, 0xdd,
    0xf0, 0xa2, 0x14, 0x4e, 0xe8, 0x53, 0xa, 0x0,

    /* U+6396 "掖" */
    0x42, 0xb, 0xff, 0x94, 0x22, 0xf4, 0x92, 0xd5,
    0x76, 0x92, 0x6a, 0x48, 0x89, 0x2b, 0x28, 0x80,

    /* U+6398 "掘" */
    0x4f, 0xe9, 0x7, 0xbf, 0xa4, 0x44, 0xaa, 0xd5,
    0x72, 0xfa, 0x44, 0x4a, 0xa9, 0x57, 0x4f, 0x80,

    /* U+63A0 "掠" */
    0x41, 0xb, 0xff, 0x80, 0x27, 0xe4, 0x84, 0xd0,
    0xb3, 0xf2, 0x8, 0x49, 0x4a, 0x27, 0xc, 0x0,

    /* U+63A2 "探" */
    0x4f, 0xe9, 0x7, 0x8a, 0x22, 0x24, 0x82, 0xc2,
    0x33, 0xfa, 0x8, 0x43, 0x88, 0xab, 0x24, 0x80,

    /* U+63A3 "掣" */
    0x50, 0xaf, 0xd6, 0x42, 0xbf, 0x15, 0x26, 0x8,
    0x1f, 0xf0, 0x20, 0xff, 0xe0, 0x80, 0x70, 0x0,

    /* U+63A5 "接" */
    0x41, 0x9, 0xff, 0x91, 0x21, 0x44, 0xfe, 0xc2,
    0x33, 0xfa, 0x12, 0x44, 0x88, 0x73, 0x31, 0x80,

    /* U+63A7 "控" */
    0x41, 0x9, 0xff, 0xa0, 0xa1, 0x44, 0x44, 0xd0,
    0x71, 0xf2, 0x8, 0x41, 0x8, 0x23, 0x3f, 0x80,

    /* U+63A8 "推" */
    0x45, 0x8, 0x93, 0xbf, 0xac, 0x44, 0xfe, 0xd1,
    0x32, 0x22, 0x7f, 0x48, 0x89, 0x13, 0x3f, 0x80,

    /* U+63A9 "掩" */
    0x42, 0x9, 0xfb, 0x92, 0x25, 0x25, 0xfe, 0xd4,
    0xb3, 0xf2, 0x52, 0x4f, 0xc8, 0x47, 0x7, 0x80,

    /* U+63AA "措" */
    0x44, 0x89, 0xfb, 0x92, 0x22, 0x45, 0xfe, 0xc0,
    0x33, 0xf2, 0x42, 0x4f, 0xc9, 0xb, 0x3f, 0x0,

    /* U+63B3 "掳" */
    0x41, 0xc8, 0x23, 0xbf, 0xa4, 0x94, 0x9c, 0xde,
    0x72, 0x7a, 0x48, 0x4f, 0xe9, 0x27, 0x59, 0x80,

    /* U+63B7 "掷" */
    0x51, 0xe9, 0x57, 0xfe, 0xa2, 0x54, 0x4c, 0xc9,
    0x77, 0xea, 0x25, 0x4a, 0xe9, 0x33, 0x42, 0x0,

    /* U+63B8 "掸" */
    0x44, 0x48, 0x53, 0xbf, 0xa4, 0x94, 0xfe, 0xd2,
    0x73, 0xfa, 0x8, 0x4f, 0xe8, 0x23, 0x4, 0x0,

    /* U+63BA "掺" */
    0x42, 0x8, 0x8b, 0xbe, 0xa1, 0x5, 0xfe, 0xc9,
    0x32, 0x12, 0x8d, 0x4e, 0x8, 0x1b, 0x3c, 0x0,

    /* U+63C9 "揉" */
    0x47, 0xc8, 0x13, 0xbf, 0xa1, 0x94, 0x54, 0xd6,
    0x30, 0x42, 0x7f, 0x43, 0x88, 0xab, 0x24, 0x80,

    /* U+63CD "揍" */
    0x41, 0x8, 0xfb, 0x84, 0x23, 0xe4, 0x20, 0xdf,
    0xf1, 0x52, 0x49, 0x47, 0xc8, 0x53, 0x31, 0x80,

    /* U+63CF "描" */
    0x44, 0x49, 0xff, 0x91, 0x20, 0x4, 0xfe, 0xd2,
    0x72, 0x4a, 0x7f, 0x49, 0x29, 0x27, 0x3f, 0x80,

    /* U+63D0 "提" */
    0x4f, 0xc9, 0xb, 0xbf, 0x24, 0x24, 0xfc, 0xc0,
    0x37, 0xfa, 0x28, 0x45, 0xe9, 0x63, 0x43, 0x80,

    /* U+63D2 "插" */
    0x40, 0xc8, 0xe3, 0x84, 0x27, 0xf4, 0x10, 0xca,
    0x32, 0x5a, 0x49, 0x4d, 0x69, 0x27, 0x3f, 0x80,

    /* U+63D6 "揖" */
    0x4f, 0xc9, 0xb, 0xbf, 0x20, 0x5, 0xfe, 0xd0,
    0xb3, 0xf2, 0x42, 0x49, 0xeb, 0xcb, 0x1, 0x0,

    /* U+63E1 "握" */
    0x4f, 0xe9, 0x7, 0xbf, 0xa4, 0x4, 0xfe, 0xd4,
    0xb3, 0xea, 0x44, 0x4b, 0xe9, 0x13, 0x5f, 0x80,

    /* U+63E3 "揣" */
    0x49, 0x29, 0x27, 0xbf, 0xa0, 0x4, 0xfe, 0xc2,
    0x33, 0xfa, 0x55, 0x4a, 0xa9, 0x57, 0x21, 0x80,

    /* U+63E9 "揩" */
    0x48, 0x89, 0xd7, 0xa3, 0x25, 0x54, 0xce, 0xc2,
    0x33, 0xfa, 0x41, 0x4f, 0xe9, 0x7, 0x3f, 0x80,

    /* U+63EA "揪" */
    0x42, 0x89, 0x93, 0x92, 0xa2, 0xd5, 0xec, 0xc9,
    0x33, 0x22, 0x7a, 0x55, 0x48, 0xab, 0x18, 0x80,

    /* U+63ED "揭" */
    0x4f, 0xc9, 0xb, 0xbf, 0x24, 0x24, 0xfc, 0xc8,
    0x33, 0xfa, 0x89, 0x4a, 0xa9, 0xf7, 0x1, 0x80,

    /* U+63F4 "援" */
    0x40, 0xe9, 0xe7, 0x95, 0x27, 0xf4, 0x20, 0xdf,
    0xf1, 0x2, 0x3e, 0x4a, 0x4a, 0x33, 0x39, 0x80,

    /* U+63FD "揽" */
    0x45, 0xa, 0xbf, 0xd5, 0x2b, 0x14, 0xfc, 0xd0,
    0xb2, 0x52, 0x4a, 0x41, 0x8, 0x57, 0x33, 0x80,

    /* U+6400 "搀" */
    0x47, 0x89, 0x13, 0xbf, 0xac, 0x94, 0xfe, 0xc5,
    0x37, 0x3a, 0x18, 0x4c, 0xc8, 0x63, 0x3, 0x0,

    /* U+6401 "搁" */
    0x49, 0xe8, 0x87, 0x88, 0xa5, 0xd4, 0xea, 0xd2,
    0x72, 0xaa, 0x63, 0x4b, 0xa9, 0x57, 0x2e, 0x80,

    /* U+6402 "搂" */
    0x49, 0x28, 0xab, 0xbf, 0xa1, 0xc4, 0x54, 0xd2,
    0x70, 0x82, 0xff, 0x44, 0x48, 0xf3, 0x61, 0x80,

    /* U+6405 "搅" */
    0x4a, 0x28, 0xab, 0xbf, 0xa4, 0x14, 0x7c, 0xc8,
    0xb1, 0x52, 0x2a, 0x41, 0x8, 0x57, 0x33, 0x80,

    /* U+640F "搏" */
    0x41, 0x49, 0xff, 0x84, 0x27, 0xf4, 0x92, 0xdf,
    0xf2, 0x4a, 0x2, 0x4f, 0xe8, 0x8b, 0xb, 0x0,

    /* U+6410 "搐" */
    0x41, 0xb, 0xff, 0x88, 0x22, 0x44, 0xf0, 0xc4,
    0xb7, 0xfa, 0x49, 0x4f, 0xe9, 0x27, 0x3f, 0x80,

    /* U+6413 "搓" */
    0x44, 0x49, 0xff, 0x84, 0x27, 0xf4, 0x10, 0xdf,
    0xf0, 0x82, 0x3f, 0x48, 0x8a, 0x13, 0x1f, 0x80,

    /* U+6414 "搔" */
    0x4f, 0xe9, 0x27, 0x91, 0x21, 0xc4, 0xc6, 0xc2,
    0x33, 0xfa, 0x49, 0x4f, 0xe8, 0x2b, 0x7e, 0x80,

    /* U+641C "搜" */
    0x45, 0x9, 0x2f, 0xa4, 0xa6, 0xb4, 0x92, 0xdf,
    0xf0, 0x42, 0x7f, 0x44, 0x48, 0x73, 0x71, 0x80,

    /* U+641E "搞" */
    0x41, 0x9, 0xff, 0x91, 0x23, 0xe4, 0x0, 0xdf,
    0xf2, 0xa, 0x5d, 0x4a, 0xa9, 0x77, 0x21, 0x80,

    /* U+642A "搪" */
    0x41, 0x9, 0xff, 0xa2, 0x25, 0xf4, 0x8a, 0xdf,
    0xf2, 0x2a, 0x5f, 0x4a, 0x29, 0x47, 0x4f, 0x80,

    /* U+642C "搬" */
    0x49, 0xcb, 0xab, 0xd5, 0x2e, 0xa5, 0x66, 0xe8,
    0x17, 0xfe, 0xa9, 0x5d, 0x4a, 0x9b, 0x5c, 0x80,

    /* U+642D "搭" */
    0x44, 0x4b, 0xff, 0x91, 0x21, 0xc4, 0x44, 0xb7,
    0x78, 0x2, 0x7f, 0x48, 0x29, 0x7, 0x3f, 0x80,

    /* U+643A "携" */
    0x44, 0x89, 0xff, 0xe2, 0x27, 0xf4, 0x88, 0xdf,
    0xf0, 0x2, 0x7e, 0x42, 0x68, 0x87, 0x63, 0x0,

    /* U+643D "搽" */
    0x44, 0x49, 0xff, 0x91, 0x20, 0x84, 0x28, 0xd8,
    0xf0, 0x42, 0x7f, 0x41, 0x8, 0xab, 0x2c, 0x80,

    /* U+6444 "摄" */
    0x4f, 0xe8, 0x8b, 0x9f, 0x22, 0x24, 0x5e, 0xdc,
    0xb0, 0x2, 0x77, 0x4a, 0xa8, 0x8b, 0x2a, 0x80,

    /* U+6446 "摆" */
    0x4f, 0xe9, 0x57, 0xaa, 0xa7, 0xf4, 0x10, 0xcf,
    0xb0, 0x42, 0x7f, 0x42, 0x8, 0x8b, 0x3e, 0x80,

    /* U+6447 "摇" */
    0x40, 0x69, 0xf3, 0xa4, 0xa2, 0xa4, 0x80, 0x9f,
    0xd8, 0x46, 0x7f, 0x41, 0x9, 0x27, 0x3f, 0x80,

    /* U+6448 "摈" */
    0x41, 0x9, 0xff, 0xa2, 0xa3, 0x84, 0x40, 0xcf,
    0xb1, 0x22, 0x24, 0x4f, 0xe8, 0x8b, 0x20, 0x80,

    /* U+644A "摊" */
    0x41, 0x4b, 0xab, 0x97, 0xab, 0xa5, 0x5e, 0xaa,
    0xba, 0x52, 0x4f, 0x55, 0x4a, 0xab, 0x47, 0x80,

    /* U+6454 "摔" */
    0x41, 0x9, 0xff, 0x84, 0x25, 0x54, 0x10, 0xcd,
    0xb2, 0xea, 0x8, 0x4f, 0xe8, 0x23, 0x4, 0x0,

    /* U+6458 "摘" */
    0x41, 0x9, 0xff, 0x91, 0x27, 0xf4, 0x92, 0xd7,
    0x72, 0x4a, 0x5d, 0x4a, 0xa9, 0x77, 0x21, 0x80,

    /* U+6467 "摧" */
    0x49, 0x29, 0x27, 0xbf, 0xa2, 0x44, 0xfe, 0xd1,
    0x37, 0xfa, 0x44, 0x4f, 0xe9, 0x13, 0x3f, 0x80,

    /* U+6469 "摩" */
    0x2, 0xf, 0xfd, 0x22, 0x3f, 0xf5, 0xdc, 0xd5,
    0x52, 0xa2, 0xfe, 0x42, 0xf, 0xfe, 0x8, 0x0,

    /* U+6478 "摸" */
    0x44, 0x8b, 0xff, 0x92, 0x27, 0xe4, 0x84, 0xdf,
    0xb2, 0x12, 0xff, 0x43, 0x8, 0x93, 0x61, 0x80,

    /* U+6479 "摹" */
    0x11, 0x1f, 0xfc, 0x44, 0x3f, 0xe4, 0x5, 0xff,
    0xc9, 0x22, 0xfa, 0x84, 0x2f, 0xf8, 0x10, 0x0,

    /* U+6482 "撂" */
    0x4f, 0xe9, 0x27, 0xbf, 0xa4, 0x94, 0x92, 0x9f,
    0xd9, 0x16, 0xcc, 0x46, 0x4b, 0x8f, 0x1f, 0x0,

    /* U+6485 "撅" */
    0x5f, 0xea, 0x13, 0xeb, 0xaa, 0x55, 0xf2, 0xa8,
    0x9d, 0x56, 0xfa, 0x54, 0xad, 0x17, 0x24, 0x80,

    /* U+6487 "撇" */
    0x45, 0xa, 0xbf, 0x54, 0xa2, 0x15, 0xf2, 0xaa,
    0x5d, 0x6e, 0xfa, 0x55, 0x4a, 0xb7, 0x54, 0x80,

    /* U+6491 "撑" */
    0x45, 0x49, 0xff, 0xa0, 0xa3, 0xe4, 0x44, 0xcf,
    0xb0, 0x42, 0x3e, 0x41, 0x9, 0xff, 0x4, 0x0,

    /* U+6492 "撒" */
    0x4a, 0x8b, 0xf3, 0xab, 0xaf, 0x94, 0xa, 0xfd,
    0x74, 0xaa, 0xf5, 0x52, 0x4b, 0xd7, 0x4c, 0x80,

    /* U+6495 "撕" */
    0x4a, 0x2b, 0xfb, 0xaa, 0x27, 0x44, 0xae, 0xdd,
    0x72, 0xaa, 0xfd, 0x40, 0xa9, 0x57, 0x44, 0x80,

    /* U+649E "撞" */
    0x41, 0x9, 0xfb, 0x92, 0x2f, 0xf4, 0x94, 0xdf,
    0xb2, 0x52, 0x4a, 0x5f, 0xe8, 0x23, 0x7f, 0x80,

    /* U+64A4 "撤" */
    0x44, 0x8b, 0xd3, 0xa3, 0xa9, 0x55, 0xd2, 0xe5,
    0x77, 0xaa, 0x95, 0x5e, 0x4a, 0x57, 0x5c, 0x80,

    /* U+64A9 "撩" */
    0x41, 0xb, 0xff, 0xaa, 0xa3, 0xe4, 0xc6, 0xaf,
    0xb9, 0x12, 0x3e, 0x41, 0x9, 0x2b, 0x4c, 0x80,

    /* U+64AC "撬" */
    0x4f, 0xc8, 0x83, 0xff, 0x22, 0x14, 0x7e, 0x80,
    0x1b, 0xbe, 0x22, 0x5f, 0xe8, 0x8b, 0x19, 0x80,

    /* U+64AD "播" */
    0x40, 0xe9, 0xe3, 0x95, 0x2f, 0xf4, 0x54, 0xd2,
    0x77, 0xfa, 0x49, 0x4f, 0xe9, 0x27, 0x3f, 0x80,

    /* U+64AE "撮" */
    0x4f, 0xc9, 0xb, 0xbf, 0x24, 0x25, 0xfe, 0xd4,
    0x33, 0xba, 0x55, 0x4e, 0xab, 0x4b, 0xa, 0x80,

    /* U+64B0 "撰" */
    0x4e, 0xe9, 0x57, 0xbb, 0xa4, 0xc4, 0xf6, 0xc5,
    0x33, 0xfa, 0x14, 0x5f, 0xe8, 0x8b, 0x60, 0x80,

    /* U+64B5 "撵" */
    0x44, 0x49, 0xdf, 0x91, 0x2f, 0x74, 0xaa, 0xdf,
    0xf1, 0x42, 0x7e, 0x41, 0x9, 0xff, 0x4, 0x0,

    /* U+64BC "撼" */
    0x40, 0xab, 0xff, 0xc2, 0x2b, 0xd5, 0x4, 0xae,
    0x95, 0x6e, 0xb8, 0x40, 0x4a, 0x87, 0x8e, 0x0,

    /* U+64C2 "擂" */
    0x4f, 0xe8, 0x23, 0xbf, 0xa4, 0x94, 0x54, 0xc0,
    0x33, 0xfa, 0x49, 0x4f, 0xe9, 0x27, 0x3f, 0x80,

    /* U+64C5 "擅" */
    0x41, 0xb, 0xff, 0xae, 0xa5, 0x54, 0xba, 0xd0,
    0x73, 0xfa, 0x22, 0x47, 0xc8, 0x8b, 0x7f, 0x80,

    /* U+64CD "操" */
    0x47, 0xc8, 0x8b, 0x9f, 0x27, 0x74, 0xaa, 0xdd,
    0xf0, 0x42, 0x7f, 0x43, 0x88, 0xab, 0x24, 0x80,

    /* U+64CE "擎" */
    0x52, 0x1f, 0xfd, 0x55, 0x3a, 0xc0, 0xa6, 0xff,
    0x1, 0x1, 0xfc, 0x4, 0x1f, 0xfc, 0x10, 0x0,

    /* U+64D2 "擒" */
    0x43, 0x88, 0x8b, 0xa4, 0xa3, 0xe4, 0x28, 0xd2,
    0x73, 0xfa, 0x8, 0x4f, 0xe9, 0x57, 0x2d, 0x80,

    /* U+64DE "擞" */
    0x55, 0x89, 0xd3, 0xfb, 0xa2, 0x94, 0xea, 0xa9,
    0x79, 0x2a, 0xf5, 0x4a, 0x49, 0x97, 0x4c, 0x80,

    /* U+64E6 "擦" */
    0x41, 0x9, 0xff, 0xa0, 0xa3, 0x64, 0xaa, 0xc8,
    0xb2, 0xea, 0x0, 0x4f, 0xe8, 0xab, 0x2c, 0x80,

    /* U+6500 "攀" */
    0x2a, 0x9e, 0xbd, 0xab, 0x5a, 0xd2, 0xa9, 0xff,
    0xc9, 0x22, 0xfa, 0x84, 0x2f, 0xf8, 0x10, 0x0,

    /* U+6512 "攒" */
    0x49, 0x49, 0xff, 0xd1, 0x27, 0x74, 0x44, 0xd5,
    0x73, 0xfa, 0x49, 0x49, 0x28, 0x53, 0x31, 0x80,

    /* U+6518 "攘" */
    0x41, 0xb, 0xff, 0xaa, 0xa7, 0x74, 0x44, 0xdf,
    0xf1, 0x12, 0xff, 0x42, 0xab, 0xab, 0x18, 0x80,

    /* U+652B "攫" */
    0x4e, 0xe9, 0x57, 0xbb, 0xa5, 0x54, 0x48, 0xcf,
    0xf3, 0x22, 0x3f, 0x44, 0x48, 0x73, 0x31, 0x80,

    /* U+652F "支" */
    0x4, 0x0, 0x83, 0xff, 0x82, 0x0, 0x40, 0xff,
    0x88, 0x20, 0x88, 0xe, 0x6, 0x33, 0x1, 0x80,

    /* U+6536 "收" */
    0x12, 0x12, 0x42, 0x4f, 0xca, 0x29, 0xa5, 0x24,
    0xa4, 0xa5, 0x94, 0xd1, 0x2, 0x50, 0x51, 0x80,

    /* U+6539 "改" */
    0x2, 0x1e, 0x40, 0x4f, 0x8a, 0x21, 0xa5, 0xe4,
    0xa0, 0xa4, 0x14, 0x91, 0x14, 0x53, 0x31, 0x80,

    /* U+653B "攻" */
    0x2, 0x1e, 0x40, 0x8f, 0x92, 0x22, 0xa4, 0x44,
    0x88, 0xa1, 0x94, 0xc1, 0x0, 0x50, 0x31, 0x80,

    /* U+653E "放" */
    0x42, 0x4, 0x43, 0xef, 0xa2, 0x24, 0x24, 0xf4,
    0x92, 0xa2, 0x54, 0x49, 0x9, 0x52, 0x71, 0x80,

    /* U+653F "政" */
    0x2, 0x1f, 0x40, 0x8f, 0x92, 0x2b, 0xa5, 0x44,
    0xa8, 0xa5, 0x14, 0xb9, 0x18, 0x50, 0x31, 0x80,

    /* U+6545 "故" */
    0x22, 0x4, 0x43, 0xef, 0x92, 0x22, 0x24, 0x44,
    0xbe, 0xa4, 0x54, 0x89, 0x11, 0x53, 0xf1, 0x80,

    /* U+6548 "效" */
    0x11, 0x1f, 0xa0, 0x7, 0xa5, 0x28, 0x54, 0x92,
    0x92, 0x51, 0x4a, 0x10, 0x85, 0x2b, 0x18, 0x80,

    /* U+654C "敌" */
    0x1a, 0x1c, 0x40, 0x8f, 0x92, 0x2f, 0xa4, 0x44,
    0x88, 0xa7, 0xd4, 0x89, 0x11, 0x53, 0xf1, 0x80,

    /* U+654F "敏" */
    0x41, 0xf, 0xa2, 0x7, 0xbf, 0x25, 0x54, 0x9a,
    0xbf, 0xd2, 0xaa, 0x4c, 0x8f, 0xa8, 0x18, 0x80,

    /* U+6551 "救" */
    0x19, 0x2, 0xa3, 0xf7, 0x89, 0x29, 0x54, 0xb2,
    0x84, 0x51, 0xca, 0x54, 0x92, 0x28, 0xd8, 0x80,

    /* U+6556 "敖" */
    0x22, 0x1f, 0x40, 0x8f, 0xfe, 0x22, 0x25, 0xf4,
    0x90, 0xa3, 0xd4, 0x49, 0x9, 0x52, 0x71, 0x80,

    /* U+6559 "教" */
    0x21, 0x1e, 0xa0, 0xa7, 0xff, 0x22, 0x24, 0xfa,
    0xa2, 0x50, 0xea, 0xf0, 0x82, 0x28, 0xd8, 0x80,

    /* U+655B "敛" */
    0x11, 0x5, 0x21, 0x17, 0xc1, 0x27, 0xd4, 0x2,
    0xa9, 0x52, 0xaa, 0x48, 0x83, 0xab, 0x88, 0x80,

    /* U+655D "敝" */
    0x22, 0x15, 0x7e, 0xa9, 0x11, 0x2f, 0xc5, 0x4a,
    0xad, 0x57, 0x64, 0xa4, 0x94, 0xaa, 0xb8, 0x80,

    /* U+655E "敞" */
    0x95, 0xb, 0x20, 0x47, 0xff, 0x28, 0x55, 0xea,
    0xb5, 0x56, 0xaa, 0xf4, 0x90, 0xaa, 0x38, 0x80,

    /* U+6562 "敢" */
    0x79, 0x1, 0x23, 0xf7, 0xa5, 0x27, 0x94, 0x92,
    0x9e, 0x52, 0x4a, 0x7c, 0x99, 0x28, 0x28, 0x80,

    /* U+6563 "散" */
    0x51, 0x1f, 0x21, 0x47, 0xfd, 0x20, 0x55, 0xf2,
    0xa2, 0x57, 0xca, 0x88, 0x9f, 0x2a, 0x28, 0x80,

    /* U+6566 "敦" */
    0x11, 0x1f, 0xe1, 0x17, 0xbe, 0xa0, 0x24, 0xfa,
    0x82, 0x50, 0xea, 0xf0, 0x82, 0x28, 0xd8, 0x80,

    /* U+656C "敬" */
    0x29, 0x1f, 0xe0, 0xa7, 0xa1, 0x27, 0xd5, 0xa,
    0x9d, 0x52, 0xaa, 0x74, 0x80, 0xa8, 0x68, 0x80,

    /* U+6570 "数" */
    0x95, 0xb, 0x23, 0xf7, 0x99, 0x25, 0x95, 0x2a,
    0x88, 0x57, 0xea, 0x24, 0x87, 0x2b, 0x18, 0x80,

    /* U+6572 "敲" */
    0x20, 0x9f, 0x91, 0x23, 0xbc, 0x40, 0x9, 0xfb,
    0xe1, 0x4f, 0xa9, 0xd4, 0xbe, 0x8a, 0x36, 0x80,

    /* U+6574 "整" */
    0x11, 0x1f, 0xfd, 0x55, 0x3e, 0xa3, 0x88, 0xaa,
    0xbf, 0xf8, 0x20, 0x27, 0xc4, 0x83, 0xff, 0x80,

    /* U+6577 "敷" */
    0x29, 0x1f, 0xa2, 0xa7, 0xfd, 0x2a, 0x94, 0x42,
    0xbf, 0x52, 0xa, 0x78, 0x89, 0x2a, 0x68, 0x80,

    /* U+6587 "文" */
    0x8, 0x0, 0x83, 0xff, 0x90, 0x42, 0x8, 0x22,
    0x4, 0x40, 0x50, 0x4, 0x3, 0x63, 0x83, 0x80,

    /* U+658B "斋" */
    0x4, 0x1f, 0xfc, 0x82, 0xf, 0x8e, 0xe, 0x0,
    0x3f, 0xf8, 0x40, 0xff, 0xf2, 0x26, 0x45, 0x80,

    /* U+658C "斌" */
    0x8e, 0xa8, 0x17, 0xff, 0x90, 0x4a, 0x29, 0x55,
    0x12, 0xd2, 0x52, 0xaa, 0x55, 0x66, 0x70, 0x80,

    /* U+6591 "斑" */
    0xe5, 0xe8, 0x89, 0x79, 0x21, 0x24, 0xa5, 0xd7,
    0xd1, 0x12, 0x22, 0x4a, 0x49, 0xb, 0x87, 0x80,

    /* U+6597 "斗" */
    0x11, 0x1, 0x20, 0x14, 0x20, 0x82, 0x10, 0x22,
    0x0, 0x78, 0x78, 0xf1, 0x0, 0x20, 0x4, 0x0,

    /* U+6599 "料" */
    0x20, 0x56, 0x49, 0x85, 0x10, 0x2f, 0x44, 0x44,
    0x98, 0x1b, 0x8e, 0xa6, 0x44, 0x8, 0x81, 0x0,

    /* U+659C "斜" */
    0x30, 0x49, 0x4a, 0x5, 0x78, 0x22, 0x44, 0x44,
    0xbc, 0x19, 0xe, 0xae, 0x54, 0x8, 0x81, 0x0,

    /* U+659F "斟" */
    0x48, 0x5f, 0xa9, 0x23, 0x3c, 0x24, 0xa4, 0xf2,
    0x92, 0x17, 0xe7, 0x93, 0x55, 0xb, 0xf1, 0x0,

    /* U+65A1 "斡" */
    0x20, 0x9f, 0x28, 0x88, 0xfc, 0x8, 0x95, 0xf1,
    0xa2, 0x97, 0xca, 0x20, 0x7f, 0x78, 0x81, 0x0,

    /* U+65A4 "斤" */
    0x1, 0xc7, 0xc0, 0x80, 0x10, 0x3, 0xfe, 0x42,
    0x8, 0x41, 0x8, 0x41, 0x8, 0x22, 0x4, 0x0,

    /* U+65A5 "斥" */
    0x1, 0xc7, 0xc0, 0x80, 0x10, 0x3, 0xfe, 0x42,
    0x9, 0xc1, 0xc, 0x41, 0x68, 0x22, 0x4, 0x0,

    /* U+65A7 "斧" */
    0x11, 0x4, 0x13, 0x45, 0x87, 0x3, 0x19, 0xbc,
    0xc8, 0x1, 0xfe, 0x21, 0x4, 0x21, 0x4, 0x0,

    /* U+65A9 "斩" */
    0x20, 0x7f, 0x71, 0x8, 0x51, 0xa, 0x3f, 0xf4,
    0x88, 0x91, 0xd2, 0xe2, 0x44, 0x48, 0x91, 0x0,

    /* U+65AD "断" */
    0x90, 0x7a, 0xf2, 0xe8, 0x49, 0xf, 0xff, 0x24,
    0xae, 0x96, 0xb2, 0x92, 0x50, 0x4b, 0xf1, 0x0,

    /* U+65AF "斯" */
    0x48, 0x7f, 0xf1, 0x28, 0x3d, 0x4, 0xbe, 0xf4,
    0x92, 0x97, 0xf2, 0x2, 0x49, 0x4a, 0x11, 0x0,

    /* U+65B0 "新" */
    0x10, 0x7f, 0xb1, 0x14, 0x14, 0x8f, 0xde, 0x22,
    0xbf, 0x50, 0x8a, 0x55, 0x52, 0x48, 0xc9, 0x0,

    /* U+65B9 "方" */
    0x8, 0x0, 0x83, 0xff, 0x84, 0x0, 0x80, 0x1f,
    0x82, 0x10, 0x82, 0x10, 0x44, 0xb, 0x6, 0x0,

    /* U+65BD "施" */
    0x44, 0x8, 0xff, 0xe4, 0x24, 0xb4, 0x5a, 0xee,
    0x57, 0x4c, 0xab, 0x95, 0x2, 0x85, 0x8f, 0x80,

    /* U+65C1 "旁" */
    0x4, 0x1f, 0xfc, 0x44, 0x7f, 0xf8, 0x2, 0x8,
    0x3f, 0xf8, 0x40, 0x1f, 0xc4, 0xb, 0x6, 0x0,

    /* U+65C5 "旅" */
    0x44, 0x8, 0xff, 0xe2, 0x24, 0x84, 0x28, 0xfd,
    0x52, 0xaa, 0x52, 0x8a, 0x51, 0x44, 0xcc, 0x80,

    /* U+65CB "旋" */
    0x44, 0x8, 0xff, 0xd0, 0x23, 0xf4, 0x92, 0xe2,
    0x15, 0x7a, 0xa8, 0x95, 0x12, 0xe0, 0xe3, 0x80,

    /* U+65CF "族" */
    0x42, 0x4, 0x7f, 0xd0, 0x21, 0x4, 0x3e, 0xe9,
    0x14, 0x22, 0xbf, 0x50, 0x8a, 0x2a, 0xd8, 0x80,

    /* U+65D7 "旗" */
    0x44, 0x4, 0xff, 0xe0, 0x21, 0x24, 0x7e, 0xe4,
    0x94, 0xf2, 0x92, 0x57, 0xea, 0x4a, 0xd0, 0x80,

    /* U+65E0 "无" */
    0x7f, 0xc0, 0x80, 0x10, 0x2, 0xf, 0xfe, 0x14,
    0x2, 0x80, 0x90, 0x12, 0x24, 0x47, 0xf, 0x80,

    /* U+65E2 "既" */
    0xf7, 0xf2, 0x93, 0xd2, 0x4a, 0x49, 0xff, 0xe1,
    0x20, 0x25, 0xc, 0x92, 0xb4, 0x97, 0x23, 0x80,

    /* U+65E5 "日" */
    0xff, 0xc0, 0x60, 0x30, 0x18, 0xf, 0xfe, 0x3,
    0x1, 0x80, 0xc0, 0x7f, 0xe0,

    /* U+65E6 "旦" */
    0x7f, 0xc8, 0x9, 0x1, 0x20, 0x27, 0xfc, 0x80,
    0x90, 0x12, 0x2, 0x7f, 0xc0, 0x3, 0xff, 0x80,

    /* U+65E7 "旧" */
    0x9f, 0xe4, 0x19, 0x6, 0x41, 0x90, 0x67, 0xf9,
    0x6, 0x41, 0x90, 0x64, 0x19, 0xfc,

    /* U+65E8 "旨" */
    0x80, 0xe1, 0xcf, 0x82, 0x1, 0x7f, 0xc0, 0xf,
    0xfa, 0x2, 0xff, 0xa0, 0x2f, 0xf8,

    /* U+65E9 "早" */
    0x7f, 0xc8, 0x9, 0xff, 0x20, 0x27, 0xfc, 0x8,
    0x1, 0x7, 0xff, 0x4, 0x0, 0x80, 0x10, 0x0,

    /* U+65EC "旬" */
    0x20, 0x7, 0xfd, 0x0, 0xdf, 0x92, 0x12, 0x7e,
    0x48, 0x49, 0x9, 0x3f, 0x20, 0x4, 0x3, 0x0,

    /* U+65ED "旭" */
    0x20, 0x4, 0x78, 0x89, 0x7d, 0x22, 0xbc, 0x54,
    0x8a, 0x91, 0x52, 0x4b, 0xc9, 0x6, 0x3f, 0x80,

    /* U+65F1 "旱" */
    0x7f, 0xc8, 0x9, 0xff, 0x20, 0x27, 0xfc, 0x0,
    0x1f, 0xf0, 0x20, 0xff, 0xe0, 0x80, 0x10, 0x0,

    /* U+65F6 "时" */
    0x0, 0x5e, 0xa, 0x5f, 0xc8, 0x29, 0x5, 0xe8,
    0xa4, 0x94, 0x92, 0x90, 0x5e, 0x8, 0x7, 0x0,

    /* U+65F7 "旷" */
    0x0, 0x9e, 0xfe, 0x50, 0x4a, 0x9, 0x41, 0xe8,
    0x25, 0x4, 0xa0, 0x94, 0x1e, 0x80, 0x20, 0x0,

    /* U+65FA "旺" */
    0xf, 0xfc, 0x22, 0x84, 0x50, 0x8a, 0x11, 0xdf,
    0xe8, 0x45, 0x8, 0xa1, 0x1c, 0x20, 0x3f, 0x80,

    /* U+6602 "昂" */
    0x7f, 0xc8, 0x9, 0xff, 0x20, 0x27, 0xfc, 0x10,
    0x3c, 0xfc, 0x11, 0x9a, 0x3c, 0x5c, 0x8, 0x0,

    /* U+6606 "昆" */
    0xff, 0xa0, 0x2f, 0xfa, 0x2, 0xff, 0x80, 0x8,
    0x47, 0xd6, 0x86, 0x2d, 0x1c, 0x3c,

    /* U+660C "昌" */
    0x7f, 0xc8, 0x9, 0xff, 0x20, 0x27, 0xfc, 0x0,
    0x3f, 0xfc, 0x1, 0xff, 0xf0, 0x7, 0xff, 0x80,

    /* U+660E "明" */
    0xf7, 0xf2, 0x86, 0x50, 0xcb, 0xff, 0x43, 0x28,
    0x65, 0xfc, 0xa1, 0xf4, 0x21, 0x4, 0x43, 0x80,

    /* U+660F "昏" */
    0xff, 0xd0, 0x83, 0xff, 0xc0, 0x89, 0x8b, 0xc0,
    0xdf, 0xf2, 0x2, 0x7f, 0xc8, 0x9, 0xff, 0x0,

    /* U+6613 "易" */
    0x7f, 0xc8, 0x9, 0xff, 0x20, 0x27, 0xfc, 0x40,
    0xf, 0xfa, 0x49, 0x89, 0x22, 0x44, 0x93, 0x0,

    /* U+6614 "昔" */
    0x11, 0xf, 0xf8, 0x44, 0x8, 0x8f, 0xfe, 0x0,
    0xf, 0xe1, 0x4, 0x3f, 0x84, 0x10, 0xfe, 0x0,

    /* U+661F "星" */
    0x7f, 0xc8, 0x9, 0xff, 0x20, 0x27, 0xfc, 0x88,
    0x1f, 0xf4, 0x20, 0x7f, 0xc0, 0x83, 0xff, 0x80,

    /* U+6620 "映" */
    0x1, 0x1c, 0x22, 0xbf, 0x54, 0xaa, 0x95, 0xd2,
    0xaf, 0xfd, 0x8, 0xa2, 0x9c, 0x88, 0x60, 0x80,

    /* U+6625 "春" */
    0x4, 0xf, 0xf8, 0x20, 0x3f, 0xe1, 0x1, 0xff,
    0xc8, 0x23, 0x6, 0xbf, 0xa4, 0x10, 0xfe, 0x0,

    /* U+6627 "昧" */
    0x1, 0x1c, 0x22, 0x9f, 0x50, 0x8a, 0x11, 0xdf,
    0xe8, 0x45, 0x1c, 0xa5, 0x5d, 0x24, 0x4, 0x0,

    /* U+6628 "昨" */
    0x4, 0x1c, 0x82, 0x9f, 0xd5, 0xb, 0x21, 0xc7,
    0xe8, 0x85, 0x10, 0xa3, 0xfc, 0x40, 0x8, 0x0,

    /* U+662D "昭" */
    0x7, 0xfe, 0x26, 0x44, 0xc9, 0x19, 0x47, 0xe0,
    0x25, 0xfc, 0xa1, 0x94, 0x3e, 0x84, 0x1f, 0x80,

    /* U+662F "是" */
    0x7f, 0xc8, 0x9, 0xff, 0x20, 0x27, 0xfc, 0x0,
    0x3f, 0xf9, 0x20, 0x27, 0xcb, 0x82, 0xf, 0x80,

    /* U+663C "昼" */
    0x7f, 0xc8, 0x9, 0xff, 0x20, 0x47, 0xfd, 0x41,
    0x4f, 0xe1, 0x4, 0x3f, 0x80, 0x3, 0xff, 0x80,

    /* U+663E "显" */
    0x7f, 0xc8, 0x9, 0xff, 0x20, 0x27, 0xfc, 0x22,
    0x24, 0x4a, 0x8a, 0x31, 0x82, 0x23, 0xff, 0x80,

    /* U+6643 "晃" */
    0x7f, 0xc8, 0x9, 0xff, 0x20, 0x27, 0xfc, 0x49,
    0x5, 0x47, 0xff, 0x11, 0x4, 0x27, 0x7, 0x80,

    /* U+664B "晋" */
    0xff, 0xe1, 0x41, 0x29, 0x15, 0x4f, 0xfe, 0x0,
    0x1f, 0xf2, 0x2, 0x7f, 0xc8, 0x9, 0xff, 0x0,

    /* U+664C "晌" */
    0x1, 0x1c, 0x42, 0xbf, 0xd4, 0x1a, 0xbb, 0xd5,
    0x6a, 0xad, 0x55, 0xab, 0xbd, 0x4, 0x21, 0x80,

    /* U+6652 "晒" */
    0xf, 0xfc, 0x52, 0x8a, 0x57, 0xfa, 0xab, 0xd5,
    0x6a, 0xad, 0x57, 0xac, 0x3d, 0x4, 0x3f, 0x80,

    /* U+6653 "晓" */
    0x2, 0x1c, 0x4e, 0xbe, 0x51, 0x2a, 0x1b, 0xdc,
    0xe8, 0x5, 0x7f, 0xa2, 0x9c, 0x94, 0x63, 0x80,

    /* U+6655 "晕" */
    0x7f, 0xc8, 0x9, 0xff, 0x20, 0x2f, 0xff, 0x10,
    0x5f, 0xf0, 0xa0, 0x24, 0x1f, 0xfc, 0x10, 0x0,

    /* U+665A "晚" */
    0x4, 0x1c, 0xf2, 0xa2, 0x5f, 0xfa, 0x93, 0xd2,
    0x6b, 0xfd, 0x14, 0xa2, 0xbc, 0x94, 0x63, 0x80,

    /* U+6664 "晤" */
    0xf, 0xfc, 0x42, 0xbf, 0x52, 0x2a, 0x45, 0xdf,
    0xe8, 0x5, 0x7f, 0xa8, 0x3d, 0x4, 0x3f, 0x80,

    /* U+6666 "晦" */
    0x8, 0x1d, 0xfe, 0xc0, 0x57, 0xea, 0xa5, 0xd2,
    0xaf, 0xfd, 0x52, 0xa9, 0x5d, 0xfc, 0x1, 0x0,

    /* U+6668 "晨" */
    0x3f, 0xc4, 0x8, 0xff, 0x10, 0x27, 0xfe, 0x80,
    0x1f, 0xfa, 0x90, 0x51, 0x4a, 0x92, 0x61, 0x80,

    /* U+666E "普" */
    0x11, 0x1f, 0xfd, 0x29, 0x15, 0x4f, 0xfe, 0x0,
    0x1f, 0xf2, 0x2, 0x7f, 0xc8, 0x9, 0xff, 0x0,

    /* U+666F "景" */
    0x7f, 0xc8, 0x9, 0xff, 0x20, 0x27, 0xfc, 0x8,
    0x3f, 0xfa, 0x2, 0x7f, 0xc4, 0x93, 0x31, 0x80,

    /* U+6670 "晰" */
    0x4, 0x7c, 0xb2, 0xfc, 0x52, 0x8a, 0x5f, 0xda,
    0xab, 0xd5, 0xaa, 0xa5, 0x5c, 0xa8, 0x19, 0x0,

    /* U+6674 "晴" */
    0x1, 0x1d, 0xfa, 0x84, 0x57, 0xea, 0x11, 0xff,
    0xea, 0x15, 0x7e, 0xa8, 0x5d, 0xf8, 0x21, 0x0,

    /* U+6676 "晶" */
    0x3f, 0x84, 0x10, 0xfe, 0x10, 0x43, 0xf8, 0x0,
    0x3e, 0xfc, 0x51, 0xfb, 0xf1, 0x47, 0xef, 0x80,

    /* U+667A "智" */
    0x40, 0xf, 0xbe, 0x44, 0xbe, 0x92, 0x9f, 0x88,
    0x1f, 0xf2, 0x2, 0x7f, 0xc8, 0x9, 0xff, 0x0,

    /* U+667E "晾" */
    0x1, 0x1d, 0xfe, 0x80, 0x53, 0xea, 0x45, 0xc8,
    0xa9, 0xf5, 0x8, 0xa5, 0x5d, 0x24, 0xc, 0x0,

    /* U+6682 "暂" */
    0x20, 0x7f, 0x71, 0x8, 0x51, 0xff, 0xa4, 0x48,
    0x9f, 0xf2, 0x2, 0x7f, 0xc8, 0x9, 0xff, 0x0,

    /* U+6687 "暇" */
    0xe, 0xfd, 0x46, 0xa8, 0xd7, 0x7a, 0x81, 0xdd,
    0xea, 0x2d, 0x45, 0xae, 0x5d, 0x14, 0x24, 0x80,

    /* U+6691 "暑" */
    0x7f, 0xc8, 0x9, 0xff, 0x4, 0x17, 0xf4, 0x11,
    0x3f, 0xf9, 0x2, 0x7f, 0xd4, 0x8, 0xff, 0x0,

    /* U+6696 "暖" */
    0x0, 0xfd, 0xe6, 0x95, 0x57, 0xfa, 0x21, 0xdf,
    0xe9, 0x5, 0x3e, 0xaa, 0x5e, 0x30, 0x39, 0x80,

    /* U+6697 "暗" */
    0x1, 0x1d, 0xfe, 0x91, 0x51, 0x4a, 0xff, 0xc0,
    0x29, 0xf5, 0x22, 0xa7, 0xdc, 0x88, 0x1f, 0x0,

    /* U+66AE "暮" */
    0x11, 0x1f, 0xfc, 0x44, 0x3f, 0xe4, 0x5, 0xff,
    0xc8, 0x23, 0x6, 0xbf, 0xa4, 0x10, 0xfe, 0x0,

    /* U+66B4 "暴" */
    0x7f, 0xc8, 0x9, 0xff, 0x20, 0x2f, 0xfe, 0x22,
    0x3f, 0xf9, 0x24, 0xd5, 0x64, 0x93, 0x31, 0x80,

    /* U+66D9 "曙" */
    0xf, 0xfd, 0x56, 0xbf, 0xd1, 0xa, 0xfb, 0xc4,
    0xaf, 0xfd, 0x22, 0xaf, 0xde, 0x88, 0x1f, 0x0,

    /* U+66DD "曝" */
    0xf, 0xdd, 0xa, 0xbf, 0x54, 0x2b, 0xff, 0xc9,
    0x2f, 0xfd, 0x2a, 0xbb, 0xbc, 0xa8, 0x6c, 0x80,

    /* U+66F0 "曰" */
    0xff, 0xf0, 0x6, 0x0, 0xc0, 0x1f, 0xfb, 0x0,
    0x60, 0xc, 0x1, 0xff, 0xe0,

    /* U+66F2 "曲" */
    0x11, 0x2, 0x23, 0xff, 0xc8, 0x99, 0x13, 0x22,
    0x7f, 0xfc, 0x89, 0x91, 0x32, 0x27, 0xff, 0x80,

    /* U+66F3 "曳" */
    0x4, 0xf, 0xf9, 0x11, 0x3f, 0xe4, 0x44, 0x88,
    0x9f, 0xf0, 0x28, 0x2, 0x1, 0xa7, 0xc3, 0x80,

    /* U+66F4 "更" */
    0xff, 0xe0, 0x81, 0xff, 0x22, 0x27, 0xfc, 0x88,
    0x9f, 0xf2, 0x20, 0x24, 0x3, 0x3, 0x9f, 0x80,

    /* U+66F9 "曹" */
    0xa, 0x1f, 0xfc, 0x28, 0x3f, 0xe4, 0xa4, 0xff,
    0x92, 0x93, 0xfe, 0x20, 0x84, 0x10, 0xfe, 0x0,

    /* U+66FC "曼" */
    0x3f, 0x84, 0x10, 0xfe, 0x10, 0x4f, 0xff, 0x22,
    0x7f, 0xf9, 0x4, 0x11, 0x1, 0xc3, 0xc7, 0x80,

    /* U+66FE "曾" */
    0x22, 0x7f, 0xe2, 0x35, 0x5f, 0xf8, 0x1, 0xfc,
    0x82, 0x7f, 0x20, 0x9f, 0xc0,

    /* U+66FF "替" */
    0x20, 0x9f, 0x7c, 0x82, 0x7d, 0xf5, 0x15, 0x14,
    0x5f, 0xf2, 0x2, 0x7f, 0xc8, 0x9, 0xff, 0x0,

    /* U+6700 "最" */
    0x7f, 0xc8, 0x9, 0xff, 0x20, 0x2f, 0xfe, 0x90,
    0x1e, 0xfa, 0x51, 0x5d, 0x5d, 0x10, 0x2d, 0x80,

    /* U+6708 "月" */
    0x3f, 0xc8, 0x12, 0x4, 0xff, 0x20, 0x48, 0x13,
    0xfc, 0x81, 0x40, 0x50, 0x18, 0x1c,

    /* U+6709 "有" */
    0x8, 0x1f, 0xfc, 0x40, 0x10, 0x3, 0xfc, 0xc0,
    0xaf, 0xf1, 0x2, 0x3f, 0xc4, 0x8, 0x87, 0x0,

    /* U+670B "朋" */
    0x79, 0xe9, 0x25, 0x24, 0xbc, 0xf4, 0x92, 0x92,
    0x5e, 0x7a, 0x49, 0x49, 0x29, 0x26, 0x69, 0x80,

    /* U+670D "服" */
    0x7b, 0xe9, 0x45, 0x28, 0xbd, 0x74, 0xa0, 0x97,
    0xde, 0xca, 0x55, 0x4a, 0x49, 0x56, 0x6c, 0x80,

    /* U+6714 "朔" */
    0x4b, 0xea, 0x47, 0xe8, 0x91, 0xfa, 0xa3, 0x54,
    0x6a, 0xff, 0xd1, 0x22, 0x28, 0x85, 0x11, 0x80,

    /* U+6717 "朗" */
    0x23, 0xff, 0x46, 0x28, 0xfd, 0xf8, 0xa3, 0xf4,
    0x60, 0xfc, 0x91, 0x92, 0x35, 0x47, 0x11, 0x80,

    /* U+671B "望" */
    0x23, 0xff, 0xc5, 0xf, 0xa1, 0x17, 0xbe, 0x8,
    0x7f, 0xf8, 0x20, 0x7f, 0xc0, 0x83, 0xff, 0x80,

    /* U+671D "朝" */
    0x23, 0xff, 0x44, 0x88, 0xfd, 0xf8, 0xa3, 0xf4,
    0x62, 0xff, 0xd1, 0x22, 0x3f, 0x44, 0x91, 0x80,

    /* U+671F "期" */
    0x49, 0xff, 0xa5, 0x24, 0xbc, 0xf4, 0x92, 0xf2,
    0x52, 0x7f, 0xe9, 0x1, 0x29, 0x46, 0x11, 0x80,

    /* U+6728 "木" */
    0x4, 0x0, 0x83, 0xff, 0x8a, 0x81, 0x50, 0x2a,
    0x9, 0x21, 0x24, 0x44, 0x50, 0x84, 0x10, 0x0,

    /* U+672A "未" */
    0x4, 0x0, 0x81, 0xff, 0x2, 0x0, 0x41, 0xff,
    0xc5, 0x40, 0xa8, 0x24, 0x98, 0x8c, 0x10, 0x0,

    /* U+672B "末" */
    0x4, 0x0, 0x83, 0xff, 0x82, 0x0, 0x40, 0xff,
    0x85, 0x40, 0xa8, 0x24, 0x98, 0x8c, 0x10, 0x0,

    /* U+672C "本" */
    0x4, 0x0, 0x83, 0xff, 0x8a, 0x81, 0x50, 0x2a,
    0x9, 0x21, 0x24, 0x5f, 0x50, 0x84, 0x10, 0x0,

    /* U+672D "札" */
    0x22, 0x4, 0x43, 0xe8, 0x11, 0x2, 0x20, 0xe4,
    0x1a, 0x85, 0x10, 0x22, 0x24, 0x44, 0x87, 0x80,

    /* U+672F "术" */
    0x4, 0x80, 0x88, 0x10, 0x7f, 0xf1, 0x50, 0x2a,
    0x9, 0x21, 0x24, 0x44, 0x50, 0x84, 0x10, 0x0,

    /* U+6731 "朱" */
    0x24, 0x4, 0x81, 0xff, 0x42, 0x0, 0x41, 0xff,
    0xc3, 0x80, 0xa8, 0x24, 0x98, 0x8c, 0x10, 0x0,

    /* U+6734 "朴" */
    0x21, 0x4, 0x23, 0xe4, 0x10, 0x82, 0x18, 0xc2,
    0x9c, 0x4d, 0x48, 0x21, 0x4, 0x20, 0x84, 0x0,

    /* U+6735 "朵" */
    0x1f, 0x2, 0x20, 0x44, 0x10, 0x8c, 0x1e, 0x8,
    0x1, 0x7, 0xff, 0x15, 0x4, 0x93, 0x11, 0x80,

    /* U+673A "机" */
    0x27, 0x84, 0x93, 0xd2, 0x12, 0x42, 0x48, 0xc9,
    0x1d, 0x25, 0x24, 0x24, 0xa4, 0x94, 0xa3, 0x80,

    /* U+673D "朽" */
    0x2f, 0xe4, 0x43, 0xc8, 0x12, 0x2, 0x7e, 0xc0,
    0x5c, 0xd, 0x1, 0x20, 0x24, 0x4, 0x83, 0x0,

    /* U+6740 "杀" */
    0x60, 0x43, 0x30, 0x18, 0xc, 0x86, 0xc, 0x8,
    0x3f, 0xf8, 0x20, 0x24, 0x88, 0x8a, 0x30, 0x80,

    /* U+6742 "杂" */
    0x10, 0x1f, 0xe0, 0x44, 0x10, 0x9c, 0x1e, 0x8,
    0x3f, 0xf8, 0x20, 0x24, 0x98, 0x8c, 0x30, 0x0,

    /* U+6743 "权" */
    0x2f, 0xe5, 0x7, 0xe0, 0x94, 0x12, 0x44, 0xc8,
    0x9d, 0x15, 0x14, 0x21, 0x4, 0x50, 0xb1, 0x80,

    /* U+6746 "杆" */
    0x27, 0xc4, 0x23, 0xc4, 0x10, 0x82, 0x10, 0xdf,
    0xdc, 0x45, 0x8, 0x21, 0x4, 0x20, 0x84, 0x0,

    /* U+6749 "杉" */
    0x20, 0x24, 0x1b, 0xec, 0x10, 0x2, 0x2, 0xc1,
    0x9c, 0xc5, 0x40, 0x20, 0x24, 0x18, 0x8c, 0x0,

    /* U+674E "李" */
    0x4, 0x1f, 0xfc, 0x54, 0x12, 0x4c, 0x46, 0x7f,
    0x0, 0x40, 0x30, 0xff, 0xe0, 0x80, 0x70, 0x0,

    /* U+674F "杏" */
    0x4, 0x0, 0x83, 0xff, 0x8a, 0x82, 0x49, 0x88,
    0xcf, 0xe1, 0x4, 0x20, 0x84, 0x10, 0xfe, 0x0,

    /* U+6750 "材" */
    0x20, 0x44, 0xb, 0xdf, 0x90, 0x22, 0xc, 0xc1,
    0x9c, 0x55, 0x12, 0x2c, 0x44, 0x8, 0x87, 0x0,

    /* U+6751 "村" */
    0x20, 0x44, 0xb, 0xef, 0x90, 0x22, 0x4, 0xe4,
    0x9a, 0x55, 0xa, 0x20, 0x44, 0x8, 0x87, 0x0,

    /* U+6756 "杖" */
    0x20, 0x84, 0x13, 0xdf, 0x90, 0x42, 0x48, 0xc9,
    0x1c, 0xa5, 0x14, 0x21, 0x4, 0x50, 0xb1, 0x80,

    /* U+675C "杜" */
    0x21, 0x4, 0x23, 0xc4, 0x10, 0x82, 0x7c, 0xc2,
    0x1c, 0x45, 0x8, 0x21, 0x4, 0x20, 0xbf, 0x80,

    /* U+675F "束" */
    0x4, 0x1f, 0xfc, 0x10, 0x3f, 0xe4, 0x44, 0x88,
    0x9f, 0xf0, 0xa8, 0x24, 0x98, 0x8c, 0x10, 0x0,

    /* U+6760 "杠" */
    0x2f, 0xe4, 0x23, 0xc4, 0x10, 0x82, 0x10, 0xc2,
    0x1c, 0x45, 0x8, 0x21, 0x4, 0x20, 0xbf, 0x80,

    /* U+6761 "条" */
    0x10, 0x3, 0xf0, 0x82, 0x68, 0x80, 0xe1, 0xe3,
    0xc1, 0x3, 0xfe, 0x4, 0x4, 0x93, 0x31, 0x80,

    /* U+6765 "来" */
    0x4, 0xf, 0xf8, 0x10, 0x12, 0x41, 0x51, 0xff,
    0xc3, 0x80, 0xa8, 0x24, 0x98, 0x8c, 0x10, 0x0,

    /* U+6768 "杨" */
    0x2f, 0xc4, 0x13, 0xc4, 0x11, 0x2, 0xfe, 0xc5,
    0x5d, 0x2d, 0x49, 0x21, 0x24, 0x44, 0x93, 0x0,

    /* U+676D "杭" */
    0x22, 0x4, 0x23, 0xff, 0x90, 0x2, 0x78, 0xc9,
    0x1d, 0x25, 0x24, 0x24, 0xa4, 0x94, 0xa3, 0x80,

    /* U+676F "杯" */
    0x2f, 0xe4, 0x13, 0xc4, 0x10, 0x82, 0x34, 0xea,
    0x5a, 0x4d, 0x8, 0x21, 0x4, 0x20, 0x84, 0x0,

    /* U+6770 "杰" */
    0x4, 0x0, 0x83, 0xff, 0x87, 0x1, 0x50, 0x49,
    0x31, 0x18, 0x20, 0x0, 0xa, 0x4a, 0x24, 0x80,

    /* U+677E "松" */
    0x22, 0x84, 0x53, 0xd1, 0x12, 0x22, 0x82, 0xc4,
    0x1c, 0x85, 0x22, 0x24, 0x45, 0x34, 0xb8, 0x80,

    /* U+677F "板" */
    0x20, 0x64, 0xf3, 0xd0, 0x12, 0x2, 0x7e, 0xc8,
    0x5d, 0x8d, 0x2a, 0x24, 0x84, 0xa8, 0xa8, 0x80,

    /* U+6781 "极" */
    0x2f, 0xc4, 0x8b, 0xd1, 0x12, 0x42, 0x4e, 0xc8,
    0x5d, 0x8d, 0x2a, 0x24, 0x84, 0xa8, 0xa8, 0x80,

    /* U+6784 "构" */
    0x24, 0x4, 0xff, 0xd0, 0x95, 0x12, 0x22, 0xc4,
    0x5d, 0x2d, 0x25, 0x2f, 0x64, 0x4, 0x83, 0x0,

    /* U+6789 "枉" */
    0x2f, 0xe4, 0x23, 0xc4, 0x10, 0x82, 0x10, 0xdf,
    0xdc, 0x45, 0x8, 0x21, 0x4, 0x20, 0xbf, 0x80,

    /* U+6790 "析" */
    0x20, 0xc4, 0xe3, 0xd0, 0x12, 0x2, 0x7e, 0xc9,
    0x1d, 0x25, 0x24, 0x24, 0x84, 0x90, 0xa2, 0x0,

    /* U+6795 "枕" */
    0x21, 0x4, 0x23, 0xff, 0x94, 0x92, 0x92, 0xc2,
    0x1c, 0xa5, 0x14, 0x24, 0xa4, 0x94, 0xa3, 0x80,

    /* U+6797 "林" */
    0x21, 0x4, 0x23, 0xff, 0x90, 0x82, 0x10, 0xc7,
    0x1d, 0x55, 0x49, 0x21, 0x4, 0x20, 0x84, 0x0,

    /* U+679A "枚" */
    0x22, 0x4, 0x43, 0xcf, 0x92, 0x22, 0xa4, 0xc4,
    0x9c, 0xa5, 0x14, 0x21, 0x4, 0x50, 0xb1, 0x80,

    /* U+679C "果" */
    0x7f, 0xc8, 0x89, 0xff, 0x22, 0x27, 0xfc, 0x8,
    0x3f, 0xf8, 0xa8, 0x24, 0x98, 0x8c, 0x10, 0x0,

    /* U+679D "枝" */
    0x20, 0x84, 0x13, 0xdf, 0x90, 0x42, 0x8, 0xcf,
    0xdd, 0xd, 0x21, 0x22, 0x44, 0x30, 0xb9, 0x80,

    /* U+67A2 "枢" */
    0x2f, 0xe5, 0x3, 0xe9, 0x14, 0xa2, 0x94, 0xd1,
    0x1e, 0x25, 0x4a, 0x2a, 0x45, 0x0, 0xbf, 0x80,

    /* U+67A3 "枣" */
    0x4, 0x1f, 0xfc, 0x10, 0x3f, 0xe4, 0x44, 0x9c,
    0x8d, 0x66, 0xe3, 0x3, 0x87, 0x0, 0x1c, 0x0,

    /* U+67AA "枪" */
    0x21, 0x4, 0x53, 0xd1, 0x14, 0x12, 0x7c, 0xc8,
    0x9d, 0x15, 0x2e, 0x24, 0x4, 0x84, 0x8f, 0x80,

    /* U+67AB "枫" */
    0x2f, 0xc5, 0xb, 0xf3, 0x15, 0x62, 0x94, 0xd2,
    0x9e, 0xb5, 0x56, 0x2c, 0x45, 0xc, 0xc0, 0x80,

    /* U+67AF "枯" */
    0x21, 0x4, 0x23, 0xdf, 0x90, 0x82, 0x10, 0xc2,
    0x1d, 0xf5, 0x22, 0x24, 0x44, 0x88, 0x9f, 0x0,

    /* U+67B6 "架" */
    0x20, 0x1f, 0x7c, 0xa8, 0xa5, 0x19, 0xbe, 0x0,
    0x1, 0x7, 0xff, 0x15, 0x4, 0x93, 0x11, 0x80,

    /* U+67B7 "枷" */
    0x48, 0x9, 0x1f, 0xfa, 0xa5, 0x54, 0xab, 0x95,
    0x7a, 0xae, 0x55, 0x4a, 0xa9, 0x55, 0x5b, 0x80,

    /* U+67C4 "柄" */
    0x2f, 0xe4, 0x23, 0xc4, 0x17, 0xf2, 0x92, 0xd2,
    0x5e, 0xad, 0x63, 0x28, 0x25, 0x4, 0xa1, 0x80,

    /* U+67CF "柏" */
    0x20, 0x84, 0x23, 0xdf, 0x92, 0x12, 0x42, 0xc8,
    0x5d, 0xfd, 0x21, 0x24, 0x24, 0x84, 0x9f, 0x80,

    /* U+67D0 "某" */
    0x20, 0x9f, 0xfc, 0x82, 0x1f, 0xc2, 0x8, 0x7f,
    0x1, 0x7, 0xff, 0x15, 0x4, 0x93, 0x11, 0x80,

    /* U+67D1 "柑" */
    0x24, 0x44, 0x8b, 0xff, 0x92, 0x22, 0x44, 0xc8,
    0x9d, 0xf5, 0x22, 0x24, 0x44, 0x88, 0x9f, 0x0,

    /* U+67D2 "柒" */
    0x42, 0x4, 0x42, 0xf, 0xa7, 0x2, 0x23, 0x83,
    0xc1, 0x7, 0xff, 0x15, 0x4, 0x93, 0x11, 0x80,

    /* U+67D3 "染" */
    0x84, 0xb, 0xf0, 0x12, 0x42, 0x44, 0x8b, 0x21,
    0xc1, 0x7, 0xff, 0x15, 0x4, 0x93, 0x11, 0x80,

    /* U+67D4 "柔" */
    0x3f, 0x80, 0x23, 0xff, 0x8a, 0x22, 0x49, 0x98,
    0x1, 0x7, 0xff, 0x15, 0x4, 0x93, 0x11, 0x80,

    /* U+67DC "柜" */
    0x27, 0xe4, 0x83, 0xd0, 0x13, 0xf2, 0x42, 0xc8,
    0x5d, 0xd, 0x3f, 0x24, 0x4, 0x80, 0x9f, 0x80,

    /* U+67DE "柞" */
    0x22, 0x4, 0x43, 0xcf, 0x92, 0x82, 0x90, 0xc3,
    0xdc, 0x45, 0x8, 0x21, 0xe4, 0x20, 0x84, 0x0,

    /* U+67E0 "柠" */
    0x20, 0x84, 0xff, 0xd0, 0x90, 0x2, 0x7e, 0xc1,
    0x1c, 0x25, 0x4, 0x20, 0x84, 0x10, 0x8e, 0x0,

    /* U+67E5 "查" */
    0x4, 0x1f, 0xfc, 0x54, 0x12, 0x4f, 0xfe, 0x41,
    0xf, 0xe1, 0x4, 0x3f, 0x80, 0x3, 0xff, 0x80,

    /* U+67EC "柬" */
    0x4, 0x1f, 0xfc, 0x10, 0x3f, 0xe6, 0x4c, 0xaa,
    0x91, 0x13, 0xfe, 0x15, 0x4, 0x93, 0x11, 0x80,

    /* U+67EF "柯" */
    0x2f, 0xe4, 0xb, 0xc1, 0x13, 0xa2, 0x54, 0xca,
    0x9d, 0x55, 0x3a, 0x20, 0x44, 0x8, 0x87, 0x0,

    /* U+67F1 "柱" */
    0x22, 0x4, 0x23, 0xdf, 0x90, 0x82, 0x10, 0xc2,
    0x1d, 0xf5, 0x8, 0x21, 0x4, 0x20, 0xbf, 0x80,

    /* U+67F3 "柳" */
    0x22, 0x5, 0x9f, 0xea, 0x95, 0x52, 0xaa, 0xd5,
    0x5e, 0xad, 0x75, 0x2a, 0xe4, 0x90, 0xa2, 0x0,

    /* U+67F4 "柴" */
    0x22, 0x17, 0x4e, 0x8e, 0x51, 0xb, 0xe3, 0xc7,
    0xc1, 0x7, 0xff, 0xd, 0x6, 0x93, 0x11, 0x80,

    /* U+67FF "柿" */
    0x22, 0x4, 0x23, 0xff, 0x90, 0x82, 0xfe, 0xd2,
    0x5e, 0x4d, 0x49, 0x29, 0x64, 0x20, 0x84, 0x0,

    /* U+6805 "栅" */
    0x2e, 0xe5, 0x57, 0xea, 0x95, 0x52, 0xaa, 0xdf,
    0xde, 0xad, 0x55, 0x2a, 0xa5, 0x54, 0xdd, 0x80,

    /* U+6807 "标" */
    0x27, 0xc4, 0x3, 0xc0, 0x17, 0xf2, 0x10, 0xc2,
    0x1d, 0x55, 0x29, 0x25, 0x25, 0x24, 0x8c, 0x0,

    /* U+6808 "栈" */
    0x21, 0x44, 0x27, 0xc7, 0x97, 0x82, 0x10, 0xc3,
    0xdb, 0xc5, 0x89, 0x20, 0xc4, 0x34, 0xb9, 0x80,

    /* U+680B "栋" */
    0x22, 0x5, 0xff, 0xd0, 0x14, 0x82, 0x90, 0xdf,
    0xdc, 0x45, 0x2a, 0x25, 0x25, 0x24, 0x8c, 0x0,

    /* U+680F "栏" */
    0x24, 0x44, 0x53, 0xbf, 0x90, 0x2, 0x0, 0xc0,
    0x1d, 0xf5, 0x0, 0x20, 0x4, 0x0, 0xbf, 0x80,

    /* U+6811 "树" */
    0x20, 0x45, 0xcb, 0xcf, 0x95, 0x22, 0xa4, 0xca,
    0x9d, 0x35, 0x52, 0x2a, 0x46, 0x8, 0x83, 0x0,

    /* U+6813 "栓" */
    0x21, 0x4, 0x53, 0xd1, 0x14, 0x12, 0x7c, 0xc2,
    0x1c, 0x45, 0x3e, 0x21, 0x4, 0x20, 0xbf, 0x80,

    /* U+6816 "栖" */
    0x2f, 0xe4, 0x53, 0xca, 0x17, 0xf2, 0xaa, 0xd5,
    0x5e, 0xad, 0x57, 0x2c, 0x25, 0x4, 0xbf, 0x80,

    /* U+6817 "栗" */
    0xff, 0xe1, 0x41, 0xff, 0x25, 0x24, 0xa4, 0xff,
    0x81, 0x7, 0xff, 0x15, 0x4, 0x93, 0x11, 0x80,

    /* U+6821 "校" */
    0x21, 0x5, 0xff, 0xc0, 0x12, 0x22, 0x82, 0xc8,
    0x9d, 0x15, 0x14, 0x21, 0x4, 0x50, 0xb1, 0x80,

    /* U+682A "株" */
    0x25, 0x4, 0xa3, 0xdf, 0x14, 0x82, 0x10, 0xdf,
    0xdc, 0x45, 0x1c, 0x25, 0x45, 0x24, 0x84, 0x0,

    /* U+6837 "样" */
    0x24, 0x44, 0x53, 0xff, 0x90, 0x82, 0x10, 0xcf,
    0x9c, 0x45, 0x8, 0x2f, 0xe4, 0x20, 0x84, 0x0,

    /* U+6838 "核" */
    0x21, 0x5, 0xff, 0xc8, 0x12, 0x22, 0xf8, 0xc2,
    0x1c, 0x8d, 0x62, 0x20, 0x84, 0x68, 0xb0, 0x80,

    /* U+6839 "根" */
    0x27, 0xe4, 0x87, 0xdf, 0x92, 0x12, 0x42, 0xcf,
    0xdd, 0x25, 0x25, 0x24, 0x44, 0xa8, 0x98, 0x80,

    /* U+683C "格" */
    0x22, 0x4, 0x7b, 0xd1, 0x15, 0x42, 0x10, 0xc5,
    0x1b, 0x1d, 0xbe, 0x24, 0x44, 0x88, 0x9f, 0x0,

    /* U+683D "栽" */
    0x11, 0x4f, 0xa4, 0x44, 0x7f, 0xf0, 0x10, 0x22,
    0x7f, 0x50, 0x84, 0x38, 0xaa, 0xae, 0x48, 0x80,

    /* U+6842 "桂" */
    0x21, 0x4, 0xfb, 0xc4, 0x10, 0x82, 0xfe, 0xc0,
    0x1c, 0x45, 0x3e, 0x21, 0x4, 0x20, 0xbf, 0x80,

    /* U+6843 "桃" */
    0x22, 0x84, 0x53, 0xea, 0x93, 0x62, 0x28, 0xc5,
    0x1d, 0xb5, 0x55, 0x22, 0x84, 0x94, 0xa3, 0x80,

    /* U+6845 "桅" */
    0x24, 0x4, 0xf3, 0xe2, 0x17, 0xf2, 0x80, 0xd7,
    0x9e, 0x95, 0x56, 0x2a, 0x5, 0x44, 0xc7, 0x80,

    /* U+6846 "框" */
    0x2f, 0xe5, 0x3, 0xef, 0x94, 0x42, 0x88, 0xd7,
    0xde, 0x25, 0x44, 0x2b, 0xe5, 0x0, 0xbf, 0x80,

    /* U+6848 "案" */
    0x4, 0x1f, 0xfe, 0x20, 0xbf, 0xe1, 0x10, 0x3c,
    0x38, 0x78, 0x20, 0xff, 0xe4, 0x93, 0x11, 0x80,

    /* U+684C "桌" */
    0x4, 0x0, 0xfc, 0x10, 0x3f, 0xe4, 0x4, 0xff,
    0x90, 0x17, 0xff, 0x15, 0x4, 0x93, 0x11, 0x80,

    /* U+6850 "桐" */
    0x2f, 0xe5, 0x7, 0xee, 0x94, 0x12, 0xba, 0xd5,
    0x5e, 0xad, 0x55, 0x2b, 0xa5, 0x4, 0xa1, 0x80,

    /* U+6851 "桑" */
    0x3f, 0x82, 0x20, 0x38, 0x7d, 0xf4, 0xa4, 0x63,
    0x32, 0x98, 0x20, 0xff, 0xe4, 0x93, 0x11, 0x80,

    /* U+6853 "桓" */
    0x2f, 0xe4, 0x3, 0xdf, 0x12, 0x22, 0x44, 0xcf,
    0x9d, 0x15, 0x22, 0x27, 0xc4, 0x0, 0xbf, 0x80,

    /* U+6854 "桔" */
    0x21, 0x4, 0x23, 0xff, 0x90, 0x82, 0x10, 0xcf,
    0x9c, 0x5, 0x3e, 0x24, 0x44, 0x88, 0x9f, 0x0,

    /* U+6863 "档" */
    0x21, 0x5, 0x27, 0xd5, 0x10, 0x82, 0xfe, 0xc0,
    0x5c, 0xd, 0x7f, 0x20, 0x24, 0x4, 0xbf, 0x80,

    /* U+6865 "桥" */
    0x20, 0xc4, 0xe3, 0xc4, 0x17, 0xf2, 0x28, 0xe8,
    0x9a, 0x9d, 0x12, 0x22, 0x44, 0x88, 0xa1, 0x0,

    /* U+6868 "桨" */
    0x12, 0x12, 0x7d, 0x48, 0x8a, 0x93, 0xd, 0xae,
    0x1, 0x7, 0xff, 0xd, 0x6, 0x93, 0x11, 0x80,

    /* U+6869 "桩" */
    0x20, 0x84, 0xff, 0xd0, 0x12, 0x42, 0x48, 0xcf,
    0xdd, 0x25, 0x24, 0x24, 0x84, 0x90, 0xaf, 0x80,

    /* U+6876 "桶" */
    0x2f, 0xc4, 0x53, 0xc4, 0x17, 0xf2, 0x92, 0xdf,
    0xde, 0x4d, 0x7f, 0x29, 0x25, 0x24, 0xa5, 0x80,

    /* U+6881 "梁" */
    0x27, 0xd2, 0x29, 0x15, 0x84, 0xa2, 0x24, 0x89,
    0x3f, 0xf8, 0x68, 0x34, 0x98, 0x8c, 0x10, 0x0,

    /* U+6885 "梅" */
    0x24, 0x4, 0xff, 0xe0, 0x13, 0xe2, 0x54, 0xc9,
    0x9b, 0xfd, 0xaa, 0x24, 0xc4, 0xfc, 0x81, 0x0,

    /* U+6886 "梆" */
    0x24, 0xe5, 0xd7, 0xd2, 0x92, 0x52, 0xec, 0xc9,
    0x5d, 0x2d, 0x75, 0x24, 0xe4, 0x90, 0xa2, 0x0,

    /* U+6897 "梗" */
    0x2f, 0xe4, 0x23, 0xff, 0x94, 0x92, 0xfe, 0xf2,
    0x5b, 0xfd, 0x28, 0x22, 0x4, 0xa0, 0xa3, 0x80,

    /* U+68A2 "梢" */
    0x29, 0x24, 0xab, 0xc4, 0x17, 0xf2, 0x82, 0xdf,
    0xde, 0xd, 0x7f, 0x28, 0x25, 0x4, 0xa1, 0x80,

    /* U+68A6 "梦" */
    0x20, 0x9f, 0x7c, 0x82, 0x38, 0xea, 0xaa, 0x49,
    0x7, 0xf3, 0x42, 0x4, 0x80, 0x63, 0xf0, 0x0,

    /* U+68A7 "梧" */
    0x27, 0xe4, 0x23, 0xdf, 0x11, 0x22, 0x24, 0xdf,
    0xdc, 0x5, 0x3f, 0x24, 0x24, 0x84, 0x9f, 0x80,

    /* U+68A8 "梨" */
    0xfd, 0x24, 0x27, 0xf4, 0x98, 0x96, 0xd3, 0x40,
    0xc1, 0x7, 0xff, 0xd, 0x6, 0x93, 0x11, 0x80,

    /* U+68AD "梭" */
    0x22, 0x44, 0x8b, 0xff, 0x92, 0x42, 0x4a, 0xf0,
    0xd8, 0xf5, 0x62, 0xa4, 0x84, 0x70, 0xb1, 0x80,

    /* U+68AF "梯" */
    0x24, 0x44, 0x53, 0xff, 0x90, 0x92, 0xfe, 0xd2,
    0x1b, 0xfd, 0x99, 0x25, 0x25, 0x2c, 0x84, 0x0,

    /* U+68B0 "械" */
    0x40, 0xa8, 0x17, 0xbf, 0xa0, 0x44, 0xab, 0xd5,
    0x77, 0xea, 0x52, 0x4a, 0x49, 0x55, 0x4c, 0x80,

    /* U+68B3 "梳" */
    0x21, 0x5, 0xff, 0xc8, 0x12, 0x22, 0xfa, 0xc0,
    0x1d, 0x55, 0x2a, 0x25, 0x44, 0xa8, 0xa5, 0x80,

    /* U+68C0 "检" */
    0x21, 0x4, 0x53, 0xd1, 0x14, 0x12, 0x7c, 0xc0,
    0x1a, 0x8d, 0xaa, 0x25, 0x44, 0x10, 0xbf, 0x80,

    /* U+68C9 "棉" */
    0x22, 0x5, 0xff, 0xe0, 0x97, 0xf2, 0x82, 0xdf,
    0xdc, 0x45, 0x7f, 0x29, 0x25, 0x2c, 0x84, 0x0,

    /* U+68CB "棋" */
    0x24, 0x45, 0xff, 0xd1, 0x13, 0xe2, 0x44, 0xcf,
    0x9d, 0x15, 0x7f, 0x20, 0x4, 0x88, 0xa0, 0x80,

    /* U+68CD "棍" */
    0x2f, 0xc5, 0xb, 0xff, 0x14, 0x22, 0xfc, 0xc0,
    0x1a, 0x2d, 0xf6, 0x28, 0x85, 0x54, 0xb3, 0x80,

    /* U+68D2 "棒" */
    0x21, 0x4, 0xfb, 0xc4, 0x13, 0xe2, 0x20, 0xdf,
    0xdd, 0x55, 0x5d, 0x21, 0x5, 0xfc, 0x84, 0x0,

    /* U+68D5 "棕" */
    0x21, 0x5, 0xff, 0xe0, 0x90, 0x2, 0x7c, 0xc0,
    0x1b, 0xfd, 0x88, 0x25, 0x45, 0x24, 0x8c, 0x0,

    /* U+68D8 "棘" */
    0x20, 0x9f, 0x7c, 0x82, 0x7d, 0xfa, 0xab, 0x55,
    0x6e, 0xb9, 0x4, 0x71, 0xd5, 0x54, 0x82, 0x0,

    /* U+68DA "棚" */
    0x2e, 0xe5, 0x57, 0xea, 0x97, 0x72, 0xaa, 0xd5,
    0x5f, 0xbd, 0x55, 0x2a, 0xa5, 0x54, 0xdd, 0x80,

    /* U+68E0 "棠" */
    0x24, 0x9f, 0xfe, 0x0, 0xdf, 0xd2, 0x8, 0x7f,
    0x1, 0x7, 0xff, 0x15, 0x4, 0x93, 0x11, 0x80,

    /* U+68EE "森" */
    0x4, 0x1f, 0xfc, 0x54, 0x12, 0x4c, 0x46, 0x41,
    0x3e, 0xf9, 0x4, 0x71, 0xd5, 0x54, 0x82, 0x0,

    /* U+68F1 "棱" */
    0x21, 0x4, 0xfb, 0xc4, 0x17, 0xf2, 0x44, 0xd4,
    0x5c, 0xf5, 0x22, 0x2a, 0x84, 0x20, 0xbb, 0x80,

    /* U+68F5 "棵" */
    0x2f, 0xe5, 0x27, 0xff, 0x94, 0x92, 0xfe, 0xe2,
    0x1b, 0xfd, 0x1c, 0x25, 0x45, 0x24, 0x84, 0x0,

    /* U+68FA "棺" */
    0x21, 0x5, 0xff, 0xe0, 0x93, 0xe2, 0x44, 0xcf,
    0x9d, 0x5, 0x3f, 0x24, 0x24, 0x84, 0x9f, 0x80,

    /* U+6905 "椅" */
    0x21, 0x5, 0xff, 0xc4, 0x11, 0x42, 0x44, 0xdf,
    0xdc, 0x15, 0x3a, 0x25, 0x44, 0xe8, 0x83, 0x0,

    /* U+690D "植" */
    0x21, 0x5, 0xff, 0xc4, 0x13, 0xe2, 0x44, 0xcf,
    0x9d, 0x15, 0x3e, 0x24, 0x44, 0x88, 0xbf, 0x80,

    /* U+690E "椎" */
    0x22, 0x84, 0x53, 0xdf, 0x96, 0x42, 0x7e, 0xc9,
    0x1d, 0x25, 0x3f, 0x24, 0x84, 0x90, 0x9f, 0x80,

    /* U+6912 "椒" */
    0x24, 0x4, 0x9f, 0xde, 0x92, 0x52, 0x4a, 0xff,
    0x59, 0x2d, 0x72, 0x35, 0x44, 0x94, 0xb2, 0x80,

    /* U+692D "椭" */
    0x5c, 0x8a, 0xff, 0xd2, 0x2a, 0x85, 0x9f, 0xae,
    0x7d, 0x7a, 0xa9, 0x5d, 0xea, 0x25, 0x45, 0x80,

    /* U+6930 "椰" */
    0x5f, 0xe9, 0x57, 0xba, 0xa5, 0x54, 0xad, 0x9d,
    0x7a, 0xae, 0x55, 0x4e, 0xeb, 0x51, 0xa, 0x0,

    /* U+693D "椽" */
    0x27, 0xe4, 0x8b, 0xbf, 0x10, 0x43, 0xfe, 0xca,
    0x18, 0xed, 0x66, 0xa3, 0xa7, 0x94, 0x8c, 0x0,

    /* U+693F "椿" */
    0x21, 0x5, 0xfb, 0xc4, 0x17, 0xe2, 0x20, 0xdf,
    0xdd, 0x25, 0x66, 0x37, 0xa4, 0x90, 0x9e, 0x0,

    /* U+6954 "楔" */
    0x24, 0x5, 0xff, 0xd2, 0x97, 0x52, 0x52, 0xdc,
    0xd9, 0x45, 0xff, 0xa2, 0x84, 0x88, 0xe0, 0x80,

    /* U+695A "楚" */
    0x20, 0x9f, 0x7d, 0xc7, 0x55, 0x52, 0x9, 0xff,
    0xc1, 0x9, 0x20, 0x27, 0xcb, 0x82, 0xf, 0x80,

    /* U+695E "楞" */
    0x2f, 0xe5, 0x57, 0xea, 0x97, 0xf2, 0x10, 0xdf,
    0xdc, 0x85, 0x1f, 0x22, 0x24, 0x84, 0xa3, 0x0,

    /* U+6977 "楷" */
    0x28, 0x85, 0xd7, 0xe3, 0x15, 0x52, 0xce, 0xc2,
    0x1b, 0xfd, 0xc1, 0x2f, 0xe5, 0x4, 0xbf, 0x80,

    /* U+697C "楼" */
    0x29, 0x24, 0xab, 0xff, 0x91, 0xc2, 0x54, 0xd2,
    0x5c, 0x85, 0x7f, 0x22, 0x44, 0x70, 0xb1, 0x80,

    /* U+6982 "概" */
    0x2f, 0xe5, 0x2b, 0xfd, 0x14, 0xa2, 0x9e, 0xde,
    0x9a, 0x15, 0x5a, 0xac, 0xc4, 0x28, 0x99, 0x80,

    /* U+6986 "榆" */
    0x21, 0x4, 0x53, 0xd1, 0x15, 0xd2, 0x0, 0xdd,
    0x5e, 0xad, 0x75, 0x2a, 0xa5, 0xc4, 0xa9, 0x80,

    /* U+6994 "榔" */
    0x25, 0xe5, 0xe7, 0xe4, 0x97, 0xa2, 0x98, 0xd2,
    0x9b, 0xcd, 0xc9, 0xab, 0x25, 0xb8, 0xa4, 0x0,

    /* U+699C "榜" */
    0x21, 0x5, 0xff, 0xd1, 0x17, 0xf2, 0x82, 0xc2,
    0x1b, 0xfd, 0x90, 0x23, 0xe4, 0x84, 0xa3, 0x0,

    /* U+69A8 "榨" */
    0x21, 0x5, 0xff, 0xea, 0x92, 0x22, 0x20, 0xc7,
    0xdd, 0x45, 0x4f, 0x21, 0x4, 0x3c, 0x84, 0x0,

    /* U+69B4 "榴" */
    0x22, 0x5, 0xbf, 0xe2, 0x95, 0x52, 0xd6, 0xc0,
    0x1b, 0xfd, 0xc9, 0x2f, 0xe5, 0x24, 0xbf, 0x80,

    /* U+69B7 "榷" */
    0x21, 0x5, 0xff, 0xe8, 0x92, 0x42, 0x7e, 0xd9,
    0x1d, 0xfd, 0x24, 0x27, 0xe4, 0x90, 0x9f, 0x80,

    /* U+69D0 "槐" */
    0x24, 0x5, 0xfb, 0xe9, 0x17, 0xe2, 0xa4, 0xdf,
    0x9c, 0xa5, 0x2a, 0x25, 0xc4, 0xa4, 0xa7, 0x80,

    /* U+69DB "槛" */
    0x22, 0x85, 0x53, 0xeb, 0x95, 0x82, 0xa4, 0xc4,
    0x5c, 0x5, 0x7f, 0x2a, 0xa5, 0x54, 0xff, 0x80,

    /* U+69FD "槽" */
    0x22, 0x85, 0xff, 0xca, 0x17, 0xf2, 0xaa, 0xdf,
    0xde, 0xad, 0x7f, 0x24, 0x44, 0x88, 0x9f, 0x0,

    /* U+6A0A "樊" */
    0x2a, 0x9e, 0xbc, 0xaa, 0x3a, 0xea, 0xaa, 0x55,
    0x1, 0x7, 0xff, 0xa, 0x6, 0x33, 0x1, 0x80,

    /* U+6A1F "樟" */
    0x21, 0x4, 0xfb, 0xca, 0x17, 0xf2, 0x44, 0xcf,
    0x9d, 0x15, 0x3e, 0x21, 0x5, 0xfc, 0x84, 0x0,

    /* U+6A21 "模" */
    0x22, 0x85, 0xff, 0xca, 0x13, 0xe2, 0x44, 0xcf,
    0x9d, 0x15, 0x7f, 0x21, 0x4, 0x50, 0xb1, 0x80,

    /* U+6A2A "横" */
    0x22, 0x84, 0xfb, 0xca, 0x17, 0xf2, 0x10, 0xcf,
    0x9d, 0x55, 0x3e, 0x25, 0x44, 0xf8, 0xb1, 0x80,

    /* U+6A31 "樱" */
    0x2e, 0xe5, 0x57, 0xea, 0x95, 0x52, 0x44, 0xd5,
    0x5c, 0x45, 0x7f, 0x22, 0x44, 0x70, 0xb1, 0x80,

    /* U+6A47 "橇" */
    0x2f, 0xc4, 0x83, 0xff, 0x12, 0x12, 0x7e, 0xc0,
    0x1b, 0xbd, 0x22, 0xbf, 0xe4, 0x88, 0x9d, 0x80,

    /* U+6A59 "橙" */
    0x2e, 0xa4, 0x5b, 0xaa, 0x92, 0x22, 0x7c, 0xd0,
    0x59, 0xf5, 0xa2, 0x27, 0xc4, 0x50, 0xbf, 0x80,

    /* U+6A61 "橡" */
    0x27, 0x85, 0x13, 0xff, 0x94, 0x92, 0xfe, 0xc6,
    0x1b, 0x6d, 0x96, 0x2d, 0xa4, 0x54, 0xb6, 0x0,

    /* U+6A71 "橱" */
    0x5f, 0xea, 0x3, 0xfd, 0x28, 0x25, 0x7f, 0xaa,
    0xbd, 0xd6, 0x86, 0x55, 0x4a, 0xa9, 0xbb, 0x0,

    /* U+6A80 "檀" */
    0x21, 0x5, 0xff, 0xee, 0x95, 0x52, 0xba, 0xd0,
    0x5b, 0xfd, 0xa2, 0x27, 0xc4, 0x88, 0xbf, 0x80,

    /* U+6A84 "檄" */
    0x24, 0x85, 0xd3, 0xeb, 0x97, 0x92, 0xaa, 0xdd,
    0x59, 0x2d, 0xfd, 0x2a, 0x45, 0x54, 0xdc, 0x80,

    /* U+6AAC "檬" */
    0x22, 0x45, 0xff, 0xc9, 0x17, 0xf2, 0x82, 0xcf,
    0x9c, 0x45, 0x15, 0x2d, 0xc4, 0x54, 0xb6, 0x0,

    /* U+6B20 "欠" */
    0x20, 0x4, 0x0, 0xff, 0xa0, 0x18, 0x44, 0x8,
    0x1, 0x0, 0x50, 0xa, 0x2, 0x23, 0x83, 0x80,

    /* U+6B21 "次" */
    0x84, 0x8, 0x81, 0x1f, 0x84, 0x11, 0x14, 0x2,
    0x10, 0x42, 0x14, 0x42, 0x90, 0x8a, 0x60, 0x80,

    /* U+6B22 "欢" */
    0x4, 0x1e, 0x80, 0x5f, 0xca, 0x15, 0x94, 0xa2,
    0x8, 0x41, 0x14, 0x52, 0x8a, 0x8a, 0x20, 0x80,

    /* U+6B23 "欣" */
    0xd, 0xe, 0x21, 0x7, 0xa1, 0x17, 0xca, 0x91,
    0x12, 0x22, 0x44, 0x49, 0x49, 0x2a, 0x28, 0x80,

    /* U+6B27 "欧" */
    0xf9, 0x10, 0x23, 0x27, 0xd5, 0x1a, 0xab, 0x21,
    0x24, 0x25, 0x44, 0xc9, 0x50, 0x2b, 0xe8, 0x80,

    /* U+6B32 "欲" */
    0x51, 0x11, 0x20, 0x87, 0xa9, 0x18, 0xaa, 0x9,
    0x3e, 0x24, 0x44, 0x89, 0x51, 0x2b, 0xe8, 0x80,

    /* U+6B3A "欺" */
    0x49, 0x1f, 0xa1, 0x27, 0xbd, 0x14, 0xaa, 0xf1,
    0x12, 0x27, 0xe4, 0x1, 0x49, 0x2a, 0x18, 0x80,

    /* U+6B3E "款" */
    0x21, 0x1f, 0x20, 0x87, 0xfd, 0x10, 0x2b, 0xf1,
    0x0, 0x27, 0xc4, 0x31, 0x55, 0x29, 0x88, 0x80,

    /* U+6B47 "歇" */
    0x7d, 0x8, 0xa1, 0xf7, 0xa3, 0x17, 0xca, 0x41,
    0x1f, 0x25, 0x24, 0x55, 0x4e, 0xa8, 0x38, 0x80,

    /* U+6B49 "歉" */
    0x49, 0x1f, 0xa1, 0x47, 0xff, 0x15, 0x4b, 0xfd,
    0x15, 0x27, 0xe4, 0x51, 0x5b, 0x29, 0x58, 0x80,

    /* U+6B4C "歌" */
    0xfd, 0x15, 0x22, 0xa7, 0xf5, 0x10, 0xab, 0xf9,
    0x2a, 0x25, 0x44, 0xe9, 0x41, 0x28, 0x68, 0x80,

    /* U+6B62 "止" */
    0x4, 0x0, 0x80, 0x10, 0x12, 0x2, 0x7c, 0x48,
    0x9, 0x1, 0x20, 0x24, 0x4, 0x83, 0xff, 0x80,

    /* U+6B63 "正" */
    0xff, 0xe0, 0x80, 0x10, 0x2, 0x2, 0x40, 0x4f,
    0x89, 0x1, 0x20, 0x24, 0x4, 0x83, 0xff, 0x80,

    /* U+6B64 "此" */
    0x11, 0x2, 0x20, 0x44, 0xa8, 0xa5, 0xd8, 0xa2,
    0x14, 0x42, 0x88, 0x51, 0x2b, 0xa7, 0x83, 0x80,

    /* U+6B65 "步" */
    0x4, 0x4, 0xf8, 0x90, 0x12, 0xf, 0xfe, 0x8,
    0x9, 0x16, 0x24, 0x1, 0x0, 0xc1, 0xe0, 0x0,

    /* U+6B66 "武" */
    0x7d, 0x40, 0x27, 0xff, 0x80, 0x81, 0x10, 0xa2,
    0x17, 0x42, 0x84, 0x50, 0xab, 0x8f, 0x80, 0x80,

    /* U+6B67 "歧" */
    0x20, 0x84, 0x10, 0xbf, 0xd0, 0x4b, 0x9, 0x4f,
    0xe9, 0xd, 0x21, 0xb2, 0x58, 0x30, 0x39, 0x80,

    /* U+6B6A "歪" */
    0xff, 0xe1, 0x80, 0xd6, 0x62, 0x30, 0x40, 0x0,
    0x3f, 0xf8, 0x20, 0x27, 0xc4, 0x83, 0xff, 0x80,

    /* U+6B79 "歹" */
    0xff, 0xe1, 0x0, 0x20, 0x7, 0xe1, 0x4, 0x50,
    0xb1, 0x20, 0x14, 0x1, 0x0, 0xc1, 0xe0, 0x0,

    /* U+6B7B "死" */
    0xff, 0xe4, 0x40, 0x88, 0x1d, 0x14, 0xa4, 0x97,
    0x2a, 0x80, 0x90, 0x12, 0x24, 0x47, 0x7, 0x80,

    /* U+6B7C "歼" */
    0xf0, 0xc8, 0xe1, 0x4, 0x38, 0x89, 0x11, 0x3f,
    0xd4, 0x41, 0x8, 0x21, 0x8, 0x22, 0x4, 0x0,

    /* U+6B83 "殃" */
    0xf1, 0x8, 0x21, 0x1f, 0x3a, 0xa9, 0x55, 0x2a,
    0x97, 0xf9, 0x8, 0x22, 0x88, 0x8a, 0x60, 0x80,

    /* U+6B86 "殆" */
    0xf1, 0x8, 0x21, 0x9, 0x3a, 0x29, 0xfb, 0x20,
    0x15, 0xf9, 0x21, 0x24, 0x28, 0x86, 0x1f, 0x80,

    /* U+6B89 "殉" */
    0xf4, 0x8, 0xfd, 0x20, 0xbb, 0xd9, 0x4b, 0x2f,
    0x55, 0x29, 0x25, 0x27, 0xa8, 0x6, 0x3, 0x0,

    /* U+6B8A "殊" */
    0xf5, 0x8, 0xa1, 0x1f, 0x3c, 0x89, 0x11, 0x3f,
    0xd4, 0x41, 0x1c, 0x25, 0x49, 0x26, 0x4, 0x0,

    /* U+6B8B "残" */
    0xf1, 0x48, 0x25, 0x7, 0xbb, 0x89, 0x11, 0x23,
    0xd5, 0xc1, 0x9, 0x20, 0xc8, 0x36, 0x39, 0x80,

    /* U+6B96 "殖" */
    0xf1, 0x9, 0xfd, 0x4, 0x3b, 0xe9, 0x45, 0x2f,
    0x95, 0x11, 0x3e, 0x24, 0x48, 0x8a, 0x3f, 0x80,

    /* U+6BB4 "殴" */
    0xf9, 0xd0, 0x2b, 0x25, 0x54, 0xaa, 0xa7, 0x20,
    0x24, 0xfd, 0x51, 0xc9, 0x50, 0x13, 0xed, 0x80,

    /* U+6BB5 "段" */
    0x19, 0xcc, 0x29, 0x5, 0x3c, 0xa4, 0x66, 0xf0,
    0x10, 0xfa, 0x11, 0xf9, 0x48, 0x11, 0x1d, 0x80,

    /* U+6BB7 "殷" */
    0x79, 0xc8, 0x29, 0xe5, 0x24, 0xa7, 0xa6, 0x90,
    0x1e, 0xfa, 0x11, 0x79, 0x49, 0x12, 0x6d, 0x80,

    /* U+6BBF "殿" */
    0xfd, 0xd0, 0xab, 0xf5, 0x40, 0xaa, 0xa7, 0xf8,
    0x2a, 0xff, 0xf1, 0x81, 0x55, 0x11, 0x1d, 0x80,

    /* U+6BC1 "毁" */
    0x43, 0xd3, 0x4a, 0x29, 0x6d, 0x28, 0xc7, 0xf0,
    0x1, 0xff, 0xd1, 0x22, 0x47, 0x33, 0x19, 0x80,

    /* U+6BC5 "毅" */
    0x21, 0xdf, 0x29, 0x45, 0x28, 0xaf, 0xa6, 0xc0,
    0x2c, 0xfa, 0xb1, 0xb9, 0x4a, 0x92, 0xcd, 0x80,

    /* U+6BCB "毋" */
    0x3f, 0xc4, 0x88, 0x91, 0x12, 0x2f, 0xfe, 0x88,
    0x91, 0x13, 0xff, 0x8, 0x42, 0x9, 0x86, 0x0,

    /* U+6BCD "母" */
    0x3f, 0xc4, 0x8, 0x91, 0x11, 0x2f, 0xfe, 0x80,
    0x91, 0x12, 0x12, 0x7f, 0xe0, 0x8, 0x6, 0x0,

    /* U+6BCF "每" */
    0x20, 0x7, 0xfd, 0x0, 0x5f, 0xe2, 0x44, 0x44,
    0xbf, 0xfa, 0x22, 0x42, 0x4f, 0xfc, 0x1, 0x0,

    /* U+6BD2 "毒" */
    0x4, 0xf, 0xf8, 0x10, 0x3f, 0xe0, 0x41, 0xff,
    0xc9, 0x17, 0xff, 0x42, 0x4f, 0xfc, 0x1, 0x0,

    /* U+6BD4 "比" */
    0x82, 0x10, 0x42, 0x8, 0xc1, 0x2f, 0xb9, 0x4,
    0x20, 0x84, 0x10, 0x82, 0x33, 0x47, 0x87, 0x80,

    /* U+6BD5 "毕" */
    0x82, 0x10, 0x4f, 0xee, 0x41, 0x9, 0xa3, 0xc3,
    0xc1, 0x0, 0x20, 0xff, 0xe0, 0x80, 0x10, 0x0,

    /* U+6BD6 "毖" */
    0x42, 0xf, 0x4d, 0xe, 0x2d, 0x16, 0x1e, 0x10,
    0x1, 0x22, 0x88, 0x96, 0x43, 0x17, 0xbe, 0x0,

    /* U+6BD7 "毗" */
    0x8, 0x9f, 0x12, 0xa2, 0x54, 0x5a, 0xed, 0xf1,
    0x2a, 0x25, 0x44, 0xa8, 0xbf, 0x54, 0x33, 0x80,

    /* U+6BD9 "毙" */
    0x42, 0xf, 0x4d, 0xe, 0x2d, 0x16, 0x1e, 0x0,
    0x3f, 0xfa, 0x52, 0xab, 0x82, 0x47, 0x87, 0x80,

    /* U+6BDB "毛" */
    0x7, 0xdf, 0x0, 0x20, 0x7, 0xef, 0x80, 0x10,
    0x3, 0xff, 0xc0, 0x8, 0x1, 0x4, 0x1f, 0x80,

    /* U+6BE1 "毡" */
    0x31, 0x18, 0x3d, 0x4, 0x38, 0x8c, 0x7e, 0x88,
    0x5d, 0xe, 0x3f, 0x40, 0x8, 0x4, 0xff, 0x80,

    /* U+6BEB "毫" */
    0x4, 0x1f, 0xfc, 0x82, 0x1f, 0xc0, 0x1, 0xff,
    0xe1, 0xcb, 0xc0, 0xf, 0xdf, 0x4, 0x1f, 0x80,

    /* U+6BEF "毯" */
    0x31, 0x18, 0xa5, 0x25, 0x39, 0x4c, 0xc6, 0x82,
    0x1d, 0x4e, 0x4a, 0x42, 0x88, 0x88, 0xff, 0x80,

    /* U+6C0F "氏" */
    0x3, 0xdf, 0x82, 0x10, 0x42, 0x8, 0x41, 0xff,
    0xe0, 0x84, 0x10, 0x81, 0x33, 0x17, 0x81, 0x80,

    /* U+6C11 "民" */
    0xff, 0xd0, 0xa, 0x1, 0x7f, 0xe8, 0x41, 0x8,
    0x3f, 0xfc, 0x10, 0x81, 0x13, 0x17, 0x81, 0x80,

    /* U+6C13 "氓" */
    0x47, 0xe4, 0x87, 0xd0, 0xa3, 0xf4, 0x48, 0x89,
    0x11, 0xfa, 0x24, 0x44, 0x4e, 0xa8, 0x18, 0x80,

    /* U+6C14 "气" */
    0x40, 0xf, 0xfa, 0x0, 0x3f, 0xc0, 0x1, 0xff,
    0x0, 0x20, 0x4, 0x0, 0xa0, 0x14, 0x1, 0x0,

    /* U+6C16 "氖" */
    0x40, 0xf, 0xfa, 0x0, 0x3f, 0xc0, 0x1, 0xff,
    0x0, 0x23, 0xe4, 0x26, 0xa4, 0x57, 0x19, 0x0,

    /* U+6C1B "氛" */
    0x40, 0xf, 0xfa, 0x0, 0x3f, 0xc0, 0x1, 0xff,
    0x11, 0x24, 0x14, 0x7c, 0xa4, 0x97, 0x31, 0x0,

    /* U+6C1F "氟" */
    0x40, 0xf, 0xfa, 0x0, 0x3f, 0xc2, 0xa9, 0xfd,
    0x2a, 0x27, 0xf4, 0x2a, 0xa5, 0xd5, 0x21, 0x0,

    /* U+6C22 "氢" */
    0x40, 0xf, 0xfa, 0x0, 0x3f, 0xc0, 0x8, 0xf9,
    0x1, 0x21, 0xc4, 0xd6, 0xa2, 0x17, 0xf9, 0x0,

    /* U+6C26 "氦" */
    0x40, 0xf, 0xfa, 0x0, 0x3f, 0xc1, 0x9, 0xfd,
    0x12, 0x21, 0x94, 0xc4, 0xa3, 0x57, 0x85, 0x0,

    /* U+6C27 "氧" */
    0x40, 0xf, 0xfa, 0x0, 0x3f, 0xc2, 0x49, 0xfd,
    0x4, 0x23, 0xe4, 0x10, 0xbf, 0xd4, 0x41, 0x0,

    /* U+6C28 "氨" */
    0x40, 0xf, 0xfa, 0x0, 0x3f, 0xc1, 0x9, 0xfd,
    0x28, 0xa3, 0xe4, 0x24, 0xa7, 0x17, 0x19, 0x0,

    /* U+6C2E "氮" */
    0x40, 0xf, 0xfa, 0x0, 0x3f, 0xc1, 0x8, 0xa9,
    0xa, 0x26, 0x34, 0x54, 0xa5, 0x17, 0x19, 0x0,

    /* U+6C2F "氯" */
    0x40, 0xf, 0xfa, 0x0, 0x3f, 0xc0, 0x28, 0xfd,
    0x0, 0xa7, 0xfc, 0x4a, 0xa5, 0x97, 0x6d, 0x0,

    /* U+6C30 "氰" */
    0x40, 0xf, 0xfa, 0x0, 0x3f, 0xc0, 0x88, 0xff,
    0x2, 0x27, 0xfc, 0x22, 0xa7, 0xd4, 0x89, 0x0,

    /* U+6C34 "水" */
    0x4, 0x0, 0x80, 0x10, 0xfb, 0x21, 0x68, 0x2a,
    0x9, 0x41, 0x24, 0x44, 0x50, 0x84, 0x70, 0x0,

    /* U+6C38 "永" */
    0xc, 0x0, 0x40, 0xf0, 0x82, 0x2f, 0x68, 0x2a,
    0x5, 0x41, 0x24, 0x44, 0x50, 0x84, 0x70, 0x0,

    /* U+6C40 "汀" */
    0x4f, 0xe4, 0x10, 0x2, 0x40, 0x44, 0x8, 0x1,
    0x0, 0x22, 0x4, 0x40, 0x90, 0x12, 0xe, 0x0,

    /* U+6C41 "汁" */
    0x41, 0x4, 0x20, 0x4, 0x40, 0x84, 0xfe, 0x2,
    0x0, 0x42, 0x8, 0x41, 0x10, 0x22, 0x4, 0x0,

    /* U+6C42 "求" */
    0x4, 0x80, 0x8b, 0xff, 0x82, 0x4, 0x44, 0x4d,
    0x1, 0x40, 0x64, 0x34, 0x58, 0x84, 0x70, 0x0,

    /* U+6C47 "汇" */
    0x4f, 0xe5, 0x0, 0x20, 0x44, 0x4, 0x80, 0x10,
    0x2, 0x2, 0x40, 0x48, 0x11, 0x2, 0x3f, 0x80,

    /* U+6C49 "汉" */
    0x4f, 0xe5, 0x4, 0x20, 0xc4, 0x14, 0x44, 0x8,
    0x81, 0x12, 0x14, 0x41, 0x10, 0x52, 0x31, 0x80,

    /* U+6C50 "汐" */
    0x2, 0x10, 0x7d, 0x8, 0x82, 0x18, 0x82, 0x84,
    0x80, 0x52, 0x4, 0x41, 0x10, 0xc2, 0x60, 0x0,

    /* U+6C55 "汕" */
    0x41, 0x4, 0x20, 0x4, 0x44, 0x94, 0x92, 0x12,
    0x42, 0x4a, 0x49, 0x49, 0x31, 0x26, 0x3f, 0x80,

    /* U+6C57 "汗" */
    0x4f, 0xc4, 0x20, 0x4, 0x40, 0x84, 0x10, 0x3f,
    0xc0, 0x42, 0x8, 0x41, 0x10, 0x22, 0x4, 0x0,

    /* U+6C5B "汛" */
    0x9f, 0x88, 0x10, 0x12, 0x42, 0x44, 0x48, 0x3f,
    0x1, 0x22, 0x24, 0x44, 0xb0, 0x96, 0x11, 0x0,

    /* U+6C5D "汝" */
    0x42, 0x4, 0x40, 0x8, 0x4f, 0xf4, 0x44, 0x8,
    0x82, 0x22, 0x34, 0x41, 0x10, 0x52, 0x71, 0x80,

    /* U+6C5E "汞" */
    0x7f, 0xc0, 0x80, 0x10, 0x7f, 0xf0, 0x40, 0x8,
    0x7d, 0xb0, 0xa8, 0x24, 0x98, 0x8c, 0x30, 0x0,

    /* U+6C5F "江" */
    0x4f, 0xe4, 0x20, 0x4, 0x40, 0x84, 0x10, 0x2,
    0x0, 0x42, 0x8, 0x41, 0x10, 0x22, 0x3f, 0x80,

    /* U+6C60 "池" */
    0x41, 0x5, 0x20, 0x25, 0xc5, 0xd5, 0xd2, 0x12,
    0x42, 0x5a, 0x48, 0x48, 0x31, 0x6, 0x1f, 0x80,

    /* U+6C61 "污" */
    0x4f, 0xc4, 0x0, 0x0, 0x4f, 0xf4, 0x20, 0x8,
    0x1, 0xf2, 0x2, 0x40, 0x50, 0xa, 0x6, 0x0,

    /* U+6C64 "汤" */
    0x4f, 0xc4, 0x10, 0x4, 0x41, 0x4, 0xfe, 0x5,
    0x41, 0x2a, 0x49, 0x41, 0x30, 0x46, 0x13, 0x0,

    /* U+6C6A "汪" */
    0x4f, 0xe4, 0x20, 0x4, 0x40, 0x84, 0x10, 0x1f,
    0xc0, 0x42, 0x8, 0x41, 0x10, 0x22, 0x3f, 0x80,

    /* U+6C70 "汰" */
    0x41, 0x4, 0x20, 0x4, 0x47, 0xf4, 0x10, 0x5,
    0x0, 0xa2, 0x14, 0x44, 0x50, 0xca, 0x24, 0x80,

    /* U+6C72 "汲" */
    0x4f, 0xc4, 0x88, 0x11, 0x42, 0x44, 0x4e, 0x8,
    0x41, 0x8a, 0x2a, 0x48, 0x91, 0x2a, 0x58, 0x80,

    /* U+6C79 "汹" */
    0x88, 0x48, 0x88, 0x4a, 0xc9, 0x55, 0x12, 0x22,
    0x44, 0xaa, 0xa5, 0x58, 0x72, 0x6, 0x7f, 0x80,

    /* U+6C7D "汽" */
    0x88, 0x9, 0xf8, 0x40, 0x47, 0xc4, 0x0, 0x3f,
    0x0, 0x22, 0x4, 0x40, 0xb0, 0x16, 0x1, 0x0,

    /* U+6C7E "汾" */
    0x44, 0x84, 0x90, 0x21, 0x44, 0x25, 0x2, 0x1f,
    0x81, 0x12, 0x22, 0x48, 0x51, 0xa, 0x46, 0x0,

    /* U+6C81 "沁" */
    0x42, 0x4, 0x20, 0x4, 0x42, 0x5, 0x44, 0x28,
    0x45, 0xa, 0xa0, 0x44, 0x50, 0x8a, 0xf, 0x0,

    /* U+6C82 "沂" */
    0x40, 0xc5, 0xe0, 0x20, 0x44, 0x4, 0xfe, 0x11,
    0x2, 0x22, 0x44, 0x48, 0x91, 0x12, 0x42, 0x0,

    /* U+6C83 "沃" */
    0x40, 0xc5, 0xe0, 0x4, 0x40, 0x84, 0x10, 0x3f,
    0xc0, 0x42, 0x14, 0x42, 0x90, 0x8a, 0x60, 0x80,

    /* U+6C88 "沈" */
    0x82, 0x8, 0x40, 0x7f, 0xc9, 0x15, 0x22, 0x4,
    0x1, 0x42, 0x28, 0x49, 0x31, 0x26, 0x47, 0x80,

    /* U+6C89 "沉" */
    0x9f, 0xea, 0x4, 0x40, 0xc3, 0xc4, 0x48, 0x9,
    0x1, 0x22, 0x24, 0x44, 0xb1, 0x16, 0x43, 0x80,

    /* U+6C8F "沏" */
    0x89, 0xe9, 0x14, 0x22, 0xc7, 0x55, 0x8a, 0x11,
    0x42, 0x2a, 0x55, 0x4d, 0x31, 0x26, 0x9, 0x80,

    /* U+6C99 "沙" */
    0x41, 0x4, 0x20, 0x25, 0x44, 0x94, 0x92, 0x22,
    0x0, 0x4a, 0x2, 0x40, 0x90, 0x62, 0x70, 0x0,

    /* U+6C9B "沛" */
    0x41, 0x4, 0x20, 0x3f, 0xc0, 0x84, 0xfe, 0x12,
    0x42, 0x4a, 0x49, 0x49, 0x70, 0x22, 0x4, 0x0,

    /* U+6C9F "沟" */
    0x44, 0x4, 0xfc, 0x20, 0xc9, 0x14, 0x22, 0x4,
    0x41, 0x2a, 0x25, 0x4f, 0x70, 0x6, 0x3, 0x0,

    /* U+6CA1 "没" */
    0x47, 0x84, 0x90, 0x12, 0x42, 0x45, 0x8e, 0x0,
    0x3, 0xf2, 0x42, 0x44, 0x90, 0x62, 0x73, 0x80,

    /* U+6CA4 "沤" */
    0x9f, 0xea, 0x0, 0x51, 0x49, 0x45, 0x10, 0x22,
    0x4, 0xa2, 0x92, 0x54, 0x52, 0x2, 0x7f, 0x80,

    /* U+6CA5 "沥" */
    0x9f, 0xea, 0x0, 0x44, 0x48, 0x85, 0x7e, 0x22,
    0x44, 0x4a, 0x91, 0x52, 0x32, 0x86, 0xa3, 0x0,

    /* U+6CA6 "沦" */
    0x41, 0x4, 0x50, 0x11, 0x4c, 0x14, 0x40, 0x8,
    0x81, 0x22, 0x38, 0x44, 0x30, 0x86, 0xf, 0x80,

    /* U+6CA7 "沧" */
    0x41, 0x4, 0x50, 0x11, 0x4c, 0x14, 0x7c, 0x8,
    0x81, 0x12, 0x2e, 0x44, 0x10, 0x86, 0xf, 0x80,

    /* U+6CAA "沪" */
    0x42, 0x4, 0x20, 0x3f, 0xc4, 0x14, 0x82, 0x1f,
    0xc2, 0x2, 0x40, 0x48, 0x11, 0x2, 0x40, 0x0,

    /* U+6CAB "沫" */
    0x81, 0x8, 0x20, 0x7f, 0xc0, 0x84, 0x10, 0x1f,
    0x80, 0x42, 0x1c, 0x45, 0x53, 0x26, 0x4, 0x0,

    /* U+6CAE "沮" */
    0x4f, 0xc5, 0x8, 0x21, 0x47, 0xe4, 0x84, 0x10,
    0x83, 0xf2, 0x42, 0x48, 0x51, 0xa, 0x7f, 0x80,

    /* U+6CB3 "河" */
    0x9f, 0xe8, 0x8, 0x1, 0x47, 0xa4, 0x94, 0x12,
    0x82, 0x52, 0x7a, 0x40, 0x50, 0xa, 0x7, 0x0,

    /* U+6CB8 "沸" */
    0x84, 0x88, 0x90, 0x7f, 0xc2, 0x55, 0xfe, 0x29,
    0x7, 0xfa, 0x25, 0x44, 0xb1, 0x1e, 0xc2, 0x0,

    /* U+6CB9 "油" */
    0x81, 0x8, 0x20, 0x7f, 0xc8, 0x95, 0x12, 0x22,
    0x47, 0xfa, 0x89, 0x51, 0x32, 0x26, 0x7f, 0x80,

    /* U+6CBB "治" */
    0x42, 0x4, 0x40, 0x12, 0x44, 0x25, 0xfa, 0x0,
    0x43, 0xf2, 0x42, 0x48, 0x51, 0xa, 0x3f, 0x0,

    /* U+6CBC "沼" */
    0x4f, 0xe4, 0x44, 0x8, 0xc2, 0x15, 0x8e, 0x0,
    0x3, 0xfa, 0x41, 0x48, 0x31, 0x6, 0x3f, 0x80,

    /* U+6CBD "沽" */
    0x81, 0x8, 0x20, 0x7f, 0xc0, 0x84, 0x10, 0x2,
    0x3, 0xf2, 0x42, 0x48, 0x51, 0xa, 0x3f, 0x0,

    /* U+6CBE "沾" */
    0x41, 0x4, 0x20, 0x7, 0xc0, 0x84, 0x10, 0x2,
    0x3, 0xfa, 0x41, 0x48, 0x31, 0x6, 0x3f, 0x80,

    /* U+6CBF "沿" */
    0x47, 0x84, 0x90, 0x12, 0x42, 0x45, 0x8e, 0x0,
    0x3, 0xf2, 0x42, 0x48, 0x51, 0xa, 0x3f, 0x0,

    /* U+6CC4 "泄" */
    0x4a, 0x45, 0x48, 0x29, 0x4f, 0xf4, 0xa4, 0x14,
    0x82, 0x92, 0x5e, 0x48, 0x11, 0x2, 0x3f, 0x80,

    /* U+6CC5 "泅" */
    0x4f, 0xe5, 0x4, 0x24, 0xc4, 0x94, 0x92, 0x12,
    0x42, 0xaa, 0x55, 0x4c, 0x71, 0x6, 0x3f, 0x80,

    /* U+6CC9 "泉" */
    0x8, 0xf, 0xf9, 0x1, 0x3f, 0xe4, 0x4, 0xff,
    0x81, 0xf, 0xb6, 0x15, 0x4, 0x93, 0x31, 0x80,

    /* U+6CCA "泊" */
    0x41, 0x4, 0x40, 0x3f, 0xc4, 0x14, 0x82, 0x10,
    0x43, 0xfa, 0x41, 0x48, 0x31, 0x6, 0x3f, 0x80,

    /* U+6CCC "泌" */
    0x44, 0x4, 0x48, 0x1, 0x42, 0x45, 0x48, 0x2a,
    0x45, 0x4a, 0xb1, 0x44, 0x11, 0x8a, 0x4f, 0x0,

    /* U+6CD5 "法" */
    0x41, 0x4, 0x20, 0x3f, 0x40, 0x84, 0x10, 0x3f,
    0xc0, 0x82, 0x22, 0x44, 0x51, 0x36, 0x78, 0x80,

    /* U+6CDB "泛" */
    0x80, 0xcb, 0xe0, 0x10, 0x41, 0x5, 0xfc, 0x0,
    0x80, 0x22, 0x8, 0x42, 0x11, 0x82, 0x4f, 0x80,

    /* U+6CDE "泞" */
    0x81, 0xb, 0xfc, 0x40, 0xc0, 0x5, 0xfe, 0x2,
    0x0, 0x42, 0x8, 0x41, 0x10, 0x22, 0x1c, 0x0,

    /* U+6CE1 "泡" */
    0x88, 0x9, 0xf8, 0x41, 0x47, 0xa4, 0x94, 0x12,
    0x83, 0xd2, 0x46, 0x48, 0x11, 0x6, 0x1f, 0x80,

    /* U+6CE2 "波" */
    0x41, 0x5, 0xfc, 0x24, 0xc4, 0x84, 0xfe, 0x18,
    0x42, 0x8a, 0x4a, 0x48, 0x91, 0x2a, 0x58, 0x80,

    /* U+6CE3 "泣" */
    0x82, 0x8, 0x20, 0x7f, 0xc0, 0x4, 0x84, 0x10,
    0x81, 0x12, 0x24, 0x44, 0x90, 0x22, 0x7f, 0x80,

    /* U+6CE5 "泥" */
    0x4f, 0xe5, 0x4, 0x20, 0xc7, 0xf4, 0x80, 0x14,
    0x2, 0x9a, 0x5c, 0x4a, 0x11, 0x46, 0x47, 0x80,

    /* U+6CE8 "注" */
    0x82, 0x8, 0x20, 0x7f, 0xc0, 0x84, 0x10, 0x2,
    0x3, 0xf2, 0x8, 0x41, 0x10, 0x22, 0x7f, 0x80,

    /* U+6CEA "泪" */
    0x4f, 0xe5, 0x4, 0x20, 0xc7, 0xf4, 0x82, 0x10,
    0x42, 0xa, 0x7f, 0x48, 0x31, 0x6, 0x3f, 0x80,

    /* U+6CF0 "泰" */
    0x4, 0xf, 0xf8, 0x20, 0x3f, 0xe1, 0x1, 0xff,
    0xc9, 0x22, 0xaa, 0x8e, 0x22, 0xa1, 0xb3, 0x0,

    /* U+6CF3 "泳" */
    0x43, 0x4, 0x10, 0x3c, 0x40, 0x95, 0xda, 0xb,
    0x41, 0x52, 0x4a, 0x49, 0x32, 0x26, 0xc, 0x0,

    /* U+6CF5 "泵" */
    0xff, 0xe2, 0x0, 0xff, 0x30, 0x2a, 0x4, 0x7f,
    0x81, 0xf, 0xb6, 0x15, 0x4, 0x93, 0x31, 0x80,

    /* U+6CFB "泻" */
    0x4f, 0xe5, 0x4, 0x8, 0x41, 0xe4, 0x40, 0xf,
    0xc0, 0xa, 0x1, 0x4f, 0xb0, 0x6, 0x7, 0x0,

    /* U+6CFC "泼" */
    0x8a, 0x89, 0x48, 0x48, 0x4f, 0xf4, 0x40, 0xf,
    0x81, 0x12, 0x22, 0x4a, 0x91, 0x22, 0x5b, 0x80,

    /* U+6CFD "泽" */
    0x4f, 0xe5, 0x4, 0x11, 0x41, 0xc4, 0xc6, 0x2,
    0x1, 0xf2, 0x8, 0x4f, 0xf0, 0x22, 0x4, 0x0,

    /* U+6D01 "洁" */
    0x81, 0x8, 0x20, 0x7f, 0xc0, 0x84, 0x10, 0x1f,
    0x80, 0x2, 0x7e, 0x48, 0x51, 0xa, 0x3f, 0x0,

    /* U+6D0B "洋" */
    0x44, 0x44, 0x50, 0x3f, 0xc0, 0x84, 0x10, 0xf,
    0x80, 0x42, 0x8, 0x4f, 0xf0, 0x22, 0x4, 0x0,

    /* U+6D12 "洒" */
    0x9f, 0xe8, 0x90, 0x12, 0x4f, 0xf5, 0x4a, 0x29,
    0x45, 0x2a, 0xa7, 0x58, 0x32, 0x6, 0x7f, 0x80,

    /* U+6D17 "洗" */
    0x49, 0x5, 0x20, 0x3f, 0x48, 0x84, 0x10, 0x3f,
    0xc1, 0x22, 0x24, 0x48, 0xb1, 0x16, 0x43, 0x80,

    /* U+6D1B "洛" */
    0x44, 0x4, 0xf8, 0x21, 0x4a, 0x44, 0x30, 0x9,
    0x6, 0x1a, 0x7e, 0x48, 0x51, 0xa, 0x3f, 0x0,

    /* U+6D1E "洞" */
    0x9f, 0xea, 0x4, 0x5e, 0xc8, 0x15, 0x7a, 0x29,
    0x45, 0x2a, 0xa5, 0x57, 0xb2, 0x6, 0x41, 0x80,

    /* U+6D25 "津" */
    0x82, 0x9, 0xf8, 0x9, 0x4f, 0xf4, 0x24, 0x1f,
    0x80, 0x82, 0x7e, 0x42, 0x13, 0xfe, 0x8, 0x0,

    /* U+6D2A "洪" */
    0x84, 0x88, 0x90, 0x7f, 0xc2, 0x44, 0x48, 0x9,
    0x7, 0xfa, 0x0, 0x44, 0x91, 0xa, 0x40, 0x80,

    /* U+6D31 "洱" */
    0x9f, 0xe9, 0x8, 0x3f, 0x44, 0x24, 0x84, 0x1f,
    0x82, 0x12, 0x42, 0x49, 0xf3, 0xca, 0x1, 0x0,

    /* U+6D32 "洲" */
    0x49, 0x25, 0x24, 0x24, 0xce, 0xd5, 0xb6, 0x56,
    0xc2, 0x4a, 0x49, 0x49, 0x31, 0x26, 0x44, 0x80,

    /* U+6D3B "活" */
    0x40, 0xc5, 0xe0, 0x4, 0x40, 0x85, 0xfe, 0x2,
    0x0, 0x42, 0x7e, 0x48, 0x51, 0xa, 0x3f, 0x0,

    /* U+6D3C "洼" */
    0x41, 0x5, 0xf8, 0x4, 0x40, 0x85, 0xfe, 0x0,
    0x0, 0x42, 0x7e, 0x41, 0x10, 0x22, 0x7f, 0x80,

    /* U+6D3D "洽" */
    0x41, 0x4, 0x50, 0x11, 0x4c, 0x14, 0x7c, 0x0,
    0x3, 0xfa, 0x41, 0x48, 0x31, 0x6, 0x3f, 0x80,

    /* U+6D3E "派" */
    0x40, 0xc5, 0xe0, 0x21, 0xc5, 0xc4, 0xa8, 0x15,
    0x42, 0xb2, 0x54, 0x4a, 0x51, 0x6a, 0x48, 0x80,

    /* U+6D41 "流" */
    0x82, 0xb, 0xfc, 0x10, 0x44, 0x25, 0xfa, 0x0,
    0x2, 0xa2, 0x54, 0x4a, 0x91, 0x56, 0x4b, 0x80,

    /* U+6D45 "浅" */
    0x82, 0x88, 0x48, 0xf, 0xcf, 0x4, 0x20, 0x7,
    0xc7, 0x82, 0x12, 0x41, 0x90, 0x66, 0x73, 0x80,

    /* U+6D46 "浆" */
    0x12, 0x12, 0x7d, 0x48, 0x8a, 0x93, 0xd, 0xae,
    0x1, 0xf, 0xb6, 0x15, 0x4, 0x93, 0x31, 0x80,

    /* U+6D47 "浇" */
    0x42, 0x4, 0x4c, 0x3e, 0x41, 0x24, 0x1a, 0x1c,
    0xc0, 0x2, 0x7f, 0x42, 0x90, 0x96, 0x63, 0x80,

    /* U+6D4A "浊" */
    0x41, 0x4, 0x20, 0x3f, 0xc4, 0x94, 0x92, 0x12,
    0x43, 0xfa, 0x8, 0x41, 0x50, 0x36, 0x38, 0x80,

    /* U+6D4B "测" */
    0xbe, 0x2c, 0x54, 0xaa, 0xd5, 0x56, 0xaa, 0x55,
    0x4a, 0xab, 0x55, 0x48, 0x32, 0x86, 0x8b, 0x80,

    /* U+6D4E "济" */
    0x81, 0xb, 0xfc, 0x21, 0x42, 0x44, 0x30, 0x9,
    0x6, 0x1a, 0x42, 0x48, 0x51, 0xa, 0x41, 0x0,

    /* U+6D51 "浑" */
    0x9f, 0xea, 0x4, 0x8, 0x4f, 0xf4, 0x40, 0x12,
    0x3, 0xfa, 0x8, 0x5f, 0xf0, 0x22, 0x4, 0x0,

    /* U+6D53 "浓" */
    0x41, 0x5, 0xfc, 0x24, 0xc1, 0x4, 0x20, 0xa,
    0x42, 0x52, 0xa4, 0x44, 0x90, 0xaa, 0x18, 0x80,

    /* U+6D59 "浙" */
    0x88, 0x69, 0x30, 0x74, 0x44, 0x84, 0x9e, 0x1a,
    0x86, 0x52, 0x4a, 0x49, 0x51, 0x2a, 0x69, 0x0,

    /* U+6D5A "浚" */
    0x4, 0x51, 0x9, 0x7f, 0x81, 0x48, 0x4a, 0xb0,
    0xc0, 0xf2, 0x62, 0x44, 0x90, 0x72, 0x71, 0x80,

    /* U+6D66 "浦" */
    0x41, 0x45, 0xfc, 0x4, 0x47, 0xf4, 0x92, 0x1f,
    0xc2, 0x4a, 0x7f, 0x49, 0x31, 0x26, 0x25, 0x80,

    /* U+6D69 "浩" */
    0x89, 0x9, 0xf8, 0x44, 0x40, 0x85, 0xfe, 0x0,
    0x3, 0xf2, 0x42, 0x48, 0x51, 0xa, 0x3f, 0x0,

    /* U+6D6A "浪" */
    0x42, 0x5, 0xf8, 0x21, 0x47, 0xe4, 0x84, 0x1f,
    0x82, 0x4a, 0x4a, 0x48, 0x91, 0x4a, 0x30, 0x80,

    /* U+6D6E "浮" */
    0x80, 0xcb, 0xe0, 0x28, 0xc2, 0xa4, 0xfc, 0x1,
    0x0, 0x42, 0xff, 0x41, 0x10, 0x22, 0x1c, 0x0,

    /* U+6D74 "浴" */
    0x84, 0x89, 0x8, 0x4c, 0xc2, 0x44, 0x84, 0x60,
    0x43, 0xf2, 0x42, 0x48, 0x51, 0xa, 0x3f, 0x0,

    /* U+6D77 "海" */
    0x88, 0x9, 0xfc, 0x40, 0x47, 0xe4, 0xa4, 0x12,
    0x87, 0xfa, 0x52, 0x49, 0x51, 0xfe, 0x1, 0x0,

    /* U+6D78 "浸" */
    0x4f, 0xc4, 0x8, 0x3f, 0x40, 0x25, 0xfe, 0x20,
    0x43, 0xf2, 0x42, 0x44, 0x90, 0x62, 0x73, 0x80,

    /* U+6D82 "涂" */
    0x83, 0x88, 0x88, 0x60, 0xc3, 0xe4, 0x10, 0x2,
    0x7, 0xfa, 0x8, 0x49, 0x52, 0x26, 0xc, 0x0,

    /* U+6D85 "涅" */
    0x4f, 0xe5, 0x4, 0x3f, 0xc4, 0x14, 0xfe, 0x2,
    0x0, 0x42, 0x7f, 0x41, 0x10, 0x22, 0x7f, 0x80,

    /* U+6D88 "消" */
    0x49, 0x24, 0xa8, 0x4, 0x47, 0xf4, 0x82, 0x1f,
    0xc2, 0xa, 0x7f, 0x48, 0x31, 0x6, 0x21, 0x80,

    /* U+6D89 "涉" */
    0x81, 0x9, 0x3c, 0x24, 0x44, 0x85, 0xfe, 0x2,
    0x2, 0x4a, 0x89, 0x40, 0x50, 0x32, 0x78, 0x0,

    /* U+6D8C "涌" */
    0x4f, 0xc4, 0x50, 0x4, 0x47, 0xf4, 0x92, 0x1f,
    0xc2, 0x4a, 0x7f, 0x49, 0x31, 0x26, 0x25, 0x80,

    /* U+6D8E "涎" */
    0x9c, 0x28, 0xb8, 0x21, 0x48, 0x25, 0xd6, 0xa,
    0x85, 0x52, 0xaa, 0x49, 0xf2, 0x82, 0x4f, 0x80,

    /* U+6D95 "涕" */
    0x88, 0x88, 0xa0, 0x7f, 0x41, 0x25, 0xfc, 0x24,
    0x7, 0xfa, 0x31, 0x4a, 0x36, 0x5a, 0x8, 0x0,

    /* U+6D9B "涛" */
    0x41, 0x5, 0xfc, 0x4, 0x47, 0xf4, 0x20, 0x3f,
    0xc1, 0x12, 0x7f, 0x54, 0x50, 0x4a, 0x3, 0x0,

    /* U+6D9D "涝" */
    0x84, 0x4b, 0xfc, 0x11, 0x4f, 0xf5, 0x2, 0x4,
    0x3, 0xfa, 0x11, 0x42, 0x30, 0x86, 0x63, 0x0,

    /* U+6D9F "涟" */
    0x90, 0x89, 0x7c, 0x4, 0x41, 0x25, 0xa4, 0x17,
    0xc2, 0x12, 0x5f, 0x48, 0x52, 0x8a, 0x4f, 0x80,

    /* U+6DA1 "涡" */
    0x4f, 0xc5, 0x8, 0x21, 0x47, 0xe4, 0x10, 0x3f,
    0xc4, 0x4a, 0x95, 0x5c, 0x72, 0x6, 0x41, 0x80,

    /* U+6DA3 "涣" */
    0x84, 0x8, 0xf0, 0x22, 0x4f, 0xe5, 0x24, 0x24,
    0x84, 0x93, 0xff, 0x45, 0x11, 0x12, 0xc1, 0x80,

    /* U+6DA4 "涤" */
    0x44, 0x4, 0xf8, 0x21, 0x4a, 0x44, 0x30, 0x39,
    0xc0, 0x42, 0xff, 0x41, 0x11, 0x2a, 0x4c, 0x80,

    /* U+6DA6 "润" */
    0x93, 0xe9, 0x4, 0x40, 0xcf, 0xd5, 0x22, 0x24,
    0x47, 0xea, 0x91, 0x52, 0x33, 0xf6, 0x41, 0x80,

    /* U+6DA7 "涧" */
    0x93, 0xe9, 0x4, 0x0, 0xcb, 0xd5, 0x4a, 0x29,
    0x45, 0xea, 0xa5, 0x54, 0xb2, 0xf6, 0x41, 0x80,

    /* U+6DA8 "涨" */
    0x9d, 0x28, 0xa4, 0x15, 0x4e, 0xc5, 0x10, 0x27,
    0xc7, 0x62, 0x2a, 0x45, 0x50, 0xa6, 0x66, 0x80,

    /* U+6DA9 "涩" */
    0xf, 0xf0, 0x25, 0x24, 0x89, 0x18, 0x4c, 0x92,
    0x0, 0x42, 0x4f, 0x49, 0x11, 0x22, 0x7f, 0x80,

    /* U+6DAA "涪" */
    0x81, 0x9, 0xf8, 0x0, 0x44, 0x24, 0x48, 0x3f,
    0xc0, 0x2, 0x7e, 0x48, 0x51, 0xa, 0x3f, 0x0,

    /* U+6DAF "涯" */
    0x9f, 0xea, 0x20, 0x44, 0x4b, 0xe5, 0x10, 0x3f,
    0xc4, 0x42, 0x88, 0x57, 0xd2, 0x22, 0xbf, 0x80,

    /* U+6DB2 "液" */
    0x82, 0xb, 0xfc, 0x14, 0x42, 0xf4, 0x92, 0x15,
    0x46, 0x92, 0x6a, 0x48, 0x91, 0x2a, 0x28, 0x80,

    /* U+6DB5 "涵" */
    0x8f, 0xc8, 0x10, 0x4, 0x48, 0x95, 0x56, 0x27,
    0x44, 0x4a, 0x9d, 0x55, 0x72, 0x66, 0x7f, 0x80,

    /* U+6DB8 "涸" */
    0x4f, 0xe5, 0x24, 0x24, 0xc7, 0xf4, 0x92, 0x17,
    0x42, 0xaa, 0x55, 0x4b, 0xb1, 0x6, 0x3f, 0x80,

    /* U+6DC0 "淀" */
    0x81, 0xb, 0xfc, 0x40, 0xc0, 0x5, 0xfe, 0x2,
    0x2, 0x42, 0x4f, 0x49, 0x12, 0xe2, 0x43, 0x80,

    /* U+6DC4 "淄" */
    0x89, 0x29, 0x24, 0x49, 0x44, 0x94, 0x92, 0x0,
    0x3, 0xfa, 0x49, 0x4f, 0xf1, 0x26, 0x3f, 0x80,

    /* U+6DC6 "淆" */
    0x4c, 0xc4, 0x60, 0x33, 0x41, 0x5, 0xfe, 0x8,
    0x3, 0xf2, 0xc2, 0x4f, 0xd1, 0xa, 0x23, 0x0,

    /* U+6DCB "淋" */
    0x88, 0x89, 0x10, 0xff, 0xc4, 0x44, 0x88, 0x33,
    0x7, 0x73, 0x55, 0x48, 0x91, 0x12, 0x22, 0x0,

    /* U+6DCC "淌" */
    0x49, 0x24, 0xa8, 0x4, 0x47, 0xf4, 0x82, 0x17,
    0x42, 0xaa, 0x55, 0x4b, 0xb1, 0x6, 0x21, 0x80,

    /* U+6DD1 "淑" */
    0x44, 0x4, 0x9c, 0x1e, 0xc2, 0x54, 0x4a, 0x3f,
    0x41, 0x2a, 0xb2, 0x55, 0x54, 0x96, 0x32, 0x80,

    /* U+6DD6 "淖" */
    0x41, 0x4, 0x3c, 0x4, 0x47, 0xe4, 0x84, 0x1f,
    0x82, 0x12, 0x7e, 0x41, 0x13, 0xfe, 0x4, 0x0,

    /* U+6DD8 "淘" */
    0x88, 0x9, 0xfc, 0x60, 0xc7, 0xd5, 0x22, 0x1f,
    0x40, 0x8a, 0x55, 0x4f, 0xb0, 0x6, 0x3, 0x0,

    /* U+6DE1 "淡" */
    0x41, 0x4, 0xa4, 0x25, 0x40, 0x84, 0x28, 0x38,
    0xc0, 0x42, 0x29, 0x49, 0x50, 0x52, 0x71, 0x80,

    /* U+6DE4 "淤" */
    0x90, 0x89, 0x10, 0xf5, 0x49, 0x15, 0x0, 0x39,
    0x5, 0x12, 0xa0, 0x55, 0x12, 0x92, 0xb1, 0x0,

    /* U+6DEB "淫" */
    0x1f, 0xb0, 0x45, 0x25, 0x2, 0x28, 0x0, 0x9f,
    0xc0, 0x42, 0xff, 0x41, 0x10, 0x22, 0x7f, 0x80,

    /* U+6DEC "淬" */
    0x41, 0x5, 0xfc, 0x0, 0x42, 0x24, 0x44, 0x15,
    0x40, 0x42, 0x7f, 0x41, 0x10, 0x22, 0x4, 0x0,

    /* U+6DEE "淮" */
    0x45, 0x4, 0x90, 0x3f, 0xcc, 0x44, 0xfe, 0x11,
    0x2, 0x22, 0x7f, 0x48, 0x91, 0x12, 0x3f, 0x80,

    /* U+6DF1 "深" */
    0x9f, 0xea, 0x4, 0xa, 0x42, 0x25, 0x82, 0x2,
    0x7, 0xfa, 0x8, 0x43, 0x90, 0xaa, 0x64, 0x80,

    /* U+6DF3 "淳" */
    0x81, 0xb, 0xfc, 0x21, 0x47, 0xe4, 0x0, 0x1f,
    0x80, 0x22, 0x8, 0x5f, 0xf0, 0x22, 0xc, 0x0,

    /* U+6DF7 "混" */
    0x9f, 0xca, 0x8, 0x7f, 0x48, 0x25, 0xfc, 0x0,
    0x4, 0x4a, 0xee, 0x51, 0x12, 0xa6, 0x63, 0x80,

    /* U+6DF9 "淹" */
    0x82, 0xb, 0xf8, 0x22, 0x49, 0x27, 0xfe, 0x24,
    0x87, 0xf2, 0x92, 0x5f, 0xd0, 0x46, 0x7, 0x80,

    /* U+6DFB "添" */
    0x4f, 0xc4, 0x40, 0x8, 0x4f, 0xf4, 0x48, 0x10,
    0x84, 0x8a, 0x5a, 0x4a, 0xb2, 0x56, 0x18, 0x0,

    /* U+6E05 "清" */
    0x41, 0x5, 0xf8, 0x4, 0x47, 0xe4, 0x10, 0x3f,
    0xc2, 0x12, 0x7e, 0x48, 0x51, 0xfa, 0x21, 0x0,

    /* U+6E0A "渊" */
    0x49, 0x25, 0x24, 0x35, 0xc5, 0xd4, 0x92, 0x1f,
    0xc2, 0x4a, 0x5d, 0x4d, 0x71, 0x26, 0x44, 0x80,

    /* U+6E0D "渍" */
    0x81, 0xb, 0xfc, 0x4, 0x47, 0xe4, 0x10, 0x3f,
    0xc2, 0x12, 0x4a, 0x49, 0x50, 0x52, 0x71, 0x80,

    /* U+6E10 "渐" */
    0x84, 0x2b, 0xd8, 0x22, 0x4a, 0x45, 0x4e, 0x3d,
    0x41, 0x2a, 0x35, 0x5c, 0xb0, 0x96, 0x14, 0x80,

    /* U+6E14 "渔" */
    0x44, 0x4, 0xf8, 0x21, 0x4f, 0xf4, 0x92, 0x1f,
    0xc2, 0x4a, 0x49, 0x4f, 0xf0, 0x2, 0x7f, 0x80,

    /* U+6E17 "渗" */
    0x42, 0x4, 0x88, 0x3e, 0xc1, 0x5, 0xfe, 0x9,
    0x2, 0x12, 0x8d, 0x4e, 0x10, 0x1a, 0x3c, 0x0,

    /* U+6E1D "渝" */
    0x43, 0x4, 0x90, 0x21, 0x4b, 0xd4, 0x0, 0x3d,
    0x44, 0xaa, 0xf5, 0x52, 0xb3, 0xc6, 0x49, 0x80,

    /* U+6E20 "渠" */
    0x4f, 0xe5, 0x2, 0x3f, 0x24, 0x20, 0xfc, 0x50,
    0x33, 0xf8, 0x20, 0xff, 0xe4, 0x93, 0x11, 0x80,

    /* U+6E21 "渡" */
    0x81, 0xb, 0xfc, 0x51, 0x4f, 0xf5, 0x44, 0x2f,
    0x84, 0x2, 0xbe, 0x54, 0x52, 0x72, 0xb1, 0x80,

    /* U+6E23 "渣" */
    0x81, 0xb, 0xfc, 0x15, 0x4c, 0x94, 0xfc, 0x10,
    0x83, 0xf2, 0x42, 0x4f, 0xd0, 0x2, 0x7f, 0x80,

    /* U+6E24 "渤" */
    0x88, 0x8f, 0xd0, 0x27, 0xdf, 0x56, 0x2a, 0x39,
    0x41, 0x2a, 0x75, 0x79, 0x31, 0x26, 0x69, 0x80,

    /* U+6E29 "温" */
    0x47, 0xc4, 0x88, 0x1f, 0x42, 0x24, 0x7c, 0x0,
    0x3, 0xfa, 0x55, 0x4a, 0xb1, 0x56, 0x7f, 0x80,

    /* U+6E2D "渭" */
    0x9f, 0xea, 0x24, 0x7f, 0xc8, 0x95, 0xfe, 0x10,
    0x83, 0xf2, 0x42, 0x4f, 0xd1, 0xa, 0x23, 0x0,

    /* U+6E2F "港" */
    0x44, 0x85, 0xf8, 0x12, 0x4f, 0xf4, 0x48, 0x10,
    0x85, 0xea, 0x24, 0x47, 0x90, 0x86, 0xf, 0x80,

    /* U+6E32 "渲" */
    0x81, 0xb, 0xfc, 0x40, 0xc7, 0xe4, 0x0, 0x1f,
    0x82, 0x12, 0x72, 0x4b, 0xd0, 0x2, 0x7f, 0x80,

    /* U+6E34 "渴" */
    0x4f, 0xc5, 0x8, 0x3f, 0x44, 0x24, 0xfc, 0x8,
    0x3, 0xfa, 0x89, 0x4a, 0xb1, 0xf6, 0x1, 0x80,

    /* U+6E38 "游" */
    0x91, 0x9, 0x20, 0xf7, 0xc9, 0x5, 0x1c, 0x38,
    0x85, 0x22, 0xbf, 0x54, 0x92, 0x92, 0xb6, 0x0,

    /* U+6E3A "渺" */
    0x9c, 0x8a, 0x90, 0x53, 0x4e, 0xd5, 0x6a, 0x29,
    0x7, 0x2a, 0xa1, 0x54, 0x53, 0x92, 0xc, 0x0,

    /* U+6E43 "湃" */
    0x83, 0xeb, 0x88, 0x17, 0xc2, 0x25, 0xe4, 0xb,
    0xc1, 0x12, 0xf2, 0x45, 0xf1, 0xa, 0x41, 0x0,

    /* U+6E4D "湍" */
    0x49, 0x25, 0x24, 0x3f, 0xc0, 0x4, 0xfe, 0x2,
    0x3, 0xfa, 0x55, 0x4a, 0xb1, 0x56, 0x21, 0x80,

    /* U+6E56 "湖" */
    0x89, 0xe9, 0x24, 0xfc, 0xc4, 0xf4, 0x92, 0x12,
    0x47, 0x7a, 0xa9, 0x55, 0x32, 0xa6, 0x79, 0x80,

    /* U+6E58 "湘" */
    0x89, 0xe9, 0x24, 0xfc, 0xc4, 0xf4, 0x92, 0x32,
    0x4b, 0x48, 0x5f, 0x49, 0x29, 0x26, 0x27, 0x80,

    /* U+6E5B "湛" */
    0x44, 0x45, 0xfc, 0x11, 0x43, 0xe4, 0x44, 0xf,
    0x81, 0x12, 0xff, 0x4a, 0x91, 0x8a, 0x3f, 0x80,

    /* U+6E7E "湾" */
    0x81, 0xb, 0xfc, 0x2b, 0x49, 0x54, 0xfc, 0x0,
    0x83, 0xf2, 0x40, 0x4f, 0xf0, 0x6, 0x7, 0x0,

    /* U+6E7F "湿" */
    0x9f, 0xca, 0x8, 0x7f, 0x48, 0x25, 0xfc, 0xa,
    0x9, 0x4a, 0xaa, 0x4d, 0x90, 0xa2, 0xff, 0x80,

    /* U+6E83 "溃" */
    0x41, 0x5, 0xf8, 0x25, 0x47, 0xe4, 0x10, 0x3f,
    0xc2, 0x12, 0x4a, 0x49, 0x50, 0x52, 0x31, 0x80,

    /* U+6E85 "溅" */
    0xbe, 0xac, 0x54, 0xab, 0xd5, 0xc6, 0xa8, 0x55,
    0xca, 0xe3, 0x55, 0x48, 0x52, 0x96, 0x8c, 0x80,

    /* U+6E89 "溉" */
    0x1d, 0xf2, 0xa9, 0x75, 0xa, 0xa9, 0x7e, 0xb8,
    0x84, 0x12, 0x92, 0x54, 0xd3, 0x2a, 0x19, 0x80,

    /* U+6E90 "源" */
    0x9f, 0xea, 0x20, 0x5f, 0x4a, 0x25, 0x7c, 0x28,
    0x85, 0xf2, 0x88, 0x55, 0x52, 0xa6, 0xac, 0x80,

    /* U+6E9C "溜" */
    0x42, 0x5, 0xbc, 0x22, 0xc5, 0x54, 0xd6, 0x0,
    0x3, 0xfa, 0x49, 0x4f, 0xf1, 0x26, 0x3f, 0x80,

    /* U+6EA2 "溢" */
    0x88, 0x28, 0x88, 0x7f, 0xc0, 0x4, 0x44, 0x10,
    0x40, 0x2, 0x7f, 0x4a, 0xb1, 0x56, 0x7f, 0x80,

    /* U+6EAA "溪" */
    0x1f, 0xb2, 0x45, 0x25, 0x2, 0x48, 0x92, 0xbf,
    0xc0, 0x42, 0xff, 0x42, 0x90, 0x8a, 0x60, 0x80,

    /* U+6EAF "溯" */
    0x25, 0xf5, 0x25, 0xfc, 0x84, 0xfa, 0x92, 0xd2,
    0x4f, 0xf8, 0x49, 0x29, 0x2a, 0x46, 0x49, 0x80,

    /* U+6EB6 "溶" */
    0x81, 0xb, 0xfc, 0x52, 0xc4, 0x24, 0x30, 0x9,
    0x6, 0x1a, 0x7e, 0x48, 0x51, 0xa, 0x3f, 0x0,

    /* U+6EBA "溺" */
    0x9e, 0xe8, 0x44, 0x8, 0xcf, 0x75, 0x8, 0x3d,
    0xc4, 0x8a, 0x55, 0x46, 0x71, 0x56, 0x59, 0x80,

    /* U+6EC1 "滁" */
    0x1d, 0x92, 0xc9, 0x50, 0x8d, 0xf9, 0x48, 0xa9,
    0x5, 0xf8, 0xa4, 0x3a, 0xca, 0x96, 0x46, 0x0,

    /* U+6EC7 "滇" */
    0x41, 0x5, 0xfc, 0x4, 0x43, 0xe4, 0x44, 0xf,
    0x81, 0x12, 0x22, 0x5f, 0xf0, 0x8a, 0x60, 0x80,

    /* U+6ECB "滋" */
    0x88, 0x48, 0x90, 0x7f, 0xc4, 0x24, 0x84, 0x25,
    0x7, 0x3a, 0x42, 0x50, 0x92, 0x96, 0x6b, 0x80,

    /* U+6ED1 "滑" */
    0x4f, 0xc5, 0x8, 0x39, 0x45, 0x25, 0xfe, 0x20,
    0x43, 0xf2, 0x42, 0x4f, 0xd1, 0xa, 0x23, 0x0,

    /* U+6ED3 "滓" */
    0x81, 0xb, 0xfc, 0x44, 0xc7, 0xe4, 0x48, 0x9,
    0x7, 0xfa, 0x8, 0x4f, 0xd0, 0x22, 0x4, 0x0,

    /* U+6ED4 "滔" */
    0x80, 0x6b, 0xf0, 0x48, 0xc4, 0xa4, 0x20, 0x39,
    0xc4, 0xa, 0xf7, 0x50, 0x32, 0x6, 0x7f, 0x80,

    /* U+6EDA "滚" */
    0x1, 0x13, 0xfd, 0x12, 0x5, 0x29, 0x2a, 0x88,
    0x83, 0xf2, 0x29, 0x59, 0x51, 0x12, 0x39, 0x80,

    /* U+6EDE "滞" */
    0x8a, 0x4b, 0xfc, 0x29, 0x40, 0x5, 0xfe, 0x24,
    0x43, 0xf2, 0x52, 0x4a, 0x51, 0x5a, 0x8, 0x0,

    /* U+6EE1 "满" */
    0x84, 0x8b, 0xfc, 0x12, 0x4f, 0xf4, 0x48, 0x3f,
    0xc5, 0x2a, 0xa5, 0x5b, 0x72, 0x6, 0x41, 0x80,

    /* U+6EE4 "滤" */
    0x83, 0xc8, 0x40, 0x7f, 0xc9, 0x15, 0x3c, 0x3c,
    0x44, 0xfa, 0x90, 0x55, 0x12, 0x8a, 0xae, 0x80,

    /* U+6EE5 "滥" */
    0x85, 0xa, 0xa0, 0x57, 0xcb, 0x5, 0x48, 0x8,
    0x80, 0x2, 0x7f, 0x4a, 0xb1, 0x56, 0x7f, 0x80,

    /* U+6EE6 "滦" */
    0x1, 0x13, 0xfd, 0xa, 0x5, 0x69, 0x2a, 0x89,
    0x0, 0x42, 0xff, 0x45, 0x11, 0x2a, 0x44, 0x80,

    /* U+6EE8 "滨" */
    0x41, 0x5, 0xfc, 0x22, 0xc3, 0x84, 0x40, 0xf,
    0x81, 0x22, 0x24, 0x5f, 0xf0, 0x8a, 0x60, 0x80,

    /* U+6EE9 "滩" */
    0x81, 0x4b, 0xa8, 0x17, 0xcb, 0xa5, 0x5e, 0x2a,
    0x82, 0x52, 0x4f, 0x55, 0x52, 0xaa, 0x87, 0x80,

    /* U+6EF4 "滴" */
    0x81, 0xb, 0xfc, 0x11, 0x4f, 0xf5, 0x12, 0x2f,
    0x44, 0x4a, 0xbd, 0x54, 0xb2, 0xf6, 0x41, 0x80,

    /* U+6F02 "漂" */
    0x4f, 0xe4, 0x50, 0x3f, 0xc5, 0x54, 0xfe, 0x0,
    0x1, 0xf2, 0x0, 0x4f, 0xf0, 0xaa, 0x2c, 0x80,

    /* U+6F06 "漆" */
    0x81, 0xb, 0xfc, 0x15, 0x44, 0x95, 0x28, 0x18,
    0xc4, 0x4a, 0x4a, 0x45, 0x91, 0x2a, 0x4c, 0x80,

    /* U+6F0F "漏" */
    0x9f, 0xea, 0x4, 0x7f, 0xc8, 0x5, 0x7e, 0x21,
    0x5, 0xfa, 0xb7, 0x55, 0xb2, 0xde, 0x96, 0x80,

    /* U+6F13 "漓" */
    0x81, 0xb, 0xfc, 0xa, 0x44, 0x94, 0xaa, 0x1f,
    0xc0, 0x42, 0xff, 0x52, 0xb2, 0xee, 0x40, 0x80,

    /* U+6F14 "演" */
    0x81, 0xb, 0xfc, 0x40, 0xc7, 0xe4, 0x10, 0x1f,
    0x82, 0x52, 0x7e, 0x49, 0x51, 0xfa, 0x61, 0x80,

    /* U+6F20 "漠" */
    0x84, 0x8b, 0xfc, 0x12, 0x47, 0xe4, 0x84, 0x1f,
    0x82, 0x12, 0xff, 0x43, 0x10, 0x92, 0x61, 0x80,

    /* U+6F2B "漫" */
    0x4f, 0xc5, 0x8, 0x3f, 0x44, 0x25, 0xfe, 0x29,
    0x47, 0xfa, 0x42, 0x44, 0x90, 0x62, 0x73, 0x80,

    /* U+6F31 "漱" */
    0x89, 0xf, 0xe0, 0x27, 0xdf, 0x96, 0xaa, 0x55,
    0xf, 0xa2, 0x44, 0x5d, 0x55, 0x2a, 0x28, 0x80,

    /* U+6F33 "漳" */
    0x81, 0x9, 0xf8, 0x12, 0x4f, 0xf4, 0x84, 0x1f,
    0x82, 0x12, 0x7e, 0x41, 0x13, 0xfe, 0x4, 0x0,

    /* U+6F3E "漾" */
    0x84, 0x4b, 0xfc, 0x4, 0x47, 0xe4, 0x10, 0x3f,
    0xc0, 0x82, 0xfb, 0x45, 0x91, 0x2a, 0x4c, 0x80,

    /* U+6F4D "潍" */
    0x89, 0x49, 0x28, 0x47, 0xca, 0xa5, 0xbe, 0x12,
    0x84, 0x52, 0xef, 0x41, 0x50, 0xaa, 0x67, 0x80,

    /* U+6F58 "潘" */
    0x40, 0xe5, 0xe0, 0x15, 0x4f, 0xf4, 0x54, 0x12,
    0x47, 0xfa, 0x49, 0x4f, 0xf1, 0x26, 0x3f, 0x80,

    /* U+6F5C "潜" */
    0x44, 0x45, 0xdc, 0x11, 0x4f, 0x74, 0x44, 0x35,
    0x43, 0xf2, 0x42, 0x4f, 0xd1, 0xa, 0x3f, 0x0,

    /* U+6F5E "潞" */
    0x9e, 0x8a, 0x5c, 0x4c, 0xcf, 0x54, 0x44, 0x9,
    0x45, 0xc2, 0xaf, 0x55, 0x32, 0xe6, 0xe7, 0x80,

    /* U+6F66 "潦" */
    0x81, 0xb, 0xfc, 0x2a, 0xc3, 0xe4, 0xc6, 0x2f,
    0x81, 0x12, 0x3e, 0x41, 0x11, 0x2a, 0x4c, 0x80,

    /* U+6F6D "潭" */
    0x9f, 0xe8, 0x90, 0x7f, 0xca, 0x55, 0xfe, 0x10,
    0x83, 0xf2, 0x42, 0x5f, 0xf0, 0x22, 0x4, 0x0,

    /* U+6F6E "潮" */
    0x84, 0xeb, 0xd4, 0x12, 0xcf, 0x75, 0x2a, 0x3d,
    0x44, 0xba, 0xf5, 0x44, 0xb3, 0xd6, 0x15, 0x80,

    /* U+6F84 "澄" */
    0x4e, 0xa4, 0x58, 0x2a, 0xc2, 0x24, 0xfc, 0x20,
    0x43, 0xf2, 0x42, 0x4f, 0xd0, 0x92, 0x7f, 0x80,

    /* U+6F88 "澈" */
    0x84, 0x8b, 0xd0, 0x23, 0xc9, 0x55, 0xd2, 0x25,
    0x47, 0xaa, 0x95, 0x5e, 0x52, 0x56, 0x5c, 0x80,

    /* U+6F8E "澎" */
    0x88, 0x2b, 0xe8, 0x22, 0x4f, 0x4, 0x2, 0x3c,
    0x84, 0xa2, 0xf0, 0x52, 0x31, 0x6a, 0x72, 0x0,

    /* U+6F9C "澜" */
    0x93, 0xe9, 0x4, 0x4, 0xcb, 0xf5, 0x12, 0x2f,
    0xc5, 0x5a, 0xab, 0x57, 0xf2, 0x76, 0x55, 0x80,

    /* U+6FA1 "澡" */
    0x47, 0xc4, 0x88, 0x1f, 0x47, 0x74, 0xaa, 0x1d,
    0xc0, 0x42, 0xff, 0x43, 0x90, 0xaa, 0x64, 0x80,

    /* U+6FB3 "澳" */
    0x41, 0x5, 0xfc, 0x35, 0xc4, 0x94, 0xfe, 0x17,
    0x43, 0x5a, 0xff, 0x42, 0x90, 0x8a, 0x60, 0x80,

    /* U+6FC0 "激" */
    0x88, 0x8b, 0xd0, 0x4b, 0xcf, 0x95, 0x2a, 0x3d,
    0x41, 0x2a, 0xfd, 0x4a, 0x51, 0x56, 0x5c, 0x80,

    /* U+6FD2 "濒" */
    0x8b, 0xe9, 0x90, 0xaf, 0xd5, 0x17, 0xea, 0x15,
    0x4a, 0xaa, 0x55, 0x44, 0x91, 0x2a, 0xc8, 0x80,

    /* U+7011 "瀑" */
    0x4f, 0xc5, 0x8, 0x3f, 0x44, 0x25, 0xfe, 0x9,
    0x7, 0xfa, 0x2a, 0x5b, 0xb0, 0xaa, 0x6c, 0x80,

    /* U+704C "灌" */
    0x44, 0x45, 0xfc, 0x11, 0x45, 0x54, 0xee, 0x9,
    0x1, 0xfa, 0x64, 0x57, 0xf0, 0x92, 0x1f, 0x80,

    /* U+706B "火" */
    0x4, 0x0, 0x80, 0x91, 0x12, 0x24, 0x48, 0x8,
    0x2, 0x80, 0x50, 0x11, 0x4, 0x13, 0x1, 0x80,

    /* U+706D "灭" */
    0xff, 0xe0, 0x80, 0x10, 0x12, 0x22, 0x44, 0x89,
    0x2, 0x80, 0x50, 0x11, 0x4, 0x13, 0x1, 0x80,

    /* U+706F "灯" */
    0x27, 0xe4, 0x12, 0x82, 0x58, 0x4a, 0x8, 0x41,
    0x8, 0x21, 0x4, 0x50, 0x8a, 0x12, 0xe, 0x0,

    /* U+7070 "灰" */
    0x20, 0x1f, 0xfc, 0x80, 0x11, 0x2, 0xa4, 0x54,
    0x8c, 0xa2, 0x10, 0x45, 0x11, 0x10, 0xc1, 0x80,

    /* U+7075 "灵" */
    0x7f, 0xc0, 0x8, 0xff, 0x0, 0x27, 0xfc, 0x8,
    0x9, 0x12, 0x24, 0xa, 0x6, 0x33, 0x1, 0x80,

    /* U+7076 "灶" */
    0x21, 0x4, 0x22, 0x84, 0x58, 0x8a, 0x7c, 0x42,
    0x8, 0x41, 0x8, 0x51, 0xa, 0x22, 0x3f, 0x80,

    /* U+7078 "灸" */
    0x10, 0x7, 0xe3, 0x4, 0x3, 0x1, 0x99, 0xc0,
    0xc9, 0x12, 0x24, 0xa, 0x6, 0x33, 0x1, 0x80,

    /* U+707C "灼" */
    0x24, 0x4, 0x82, 0xdf, 0xd4, 0x1a, 0x2, 0x44,
    0x48, 0x49, 0x9, 0x50, 0x2a, 0x6, 0x3, 0x0,

    /* U+707E "灾" */
    0x4, 0x1f, 0xfe, 0x0, 0x82, 0x2, 0x44, 0x48,
    0x92, 0xa0, 0x50, 0x11, 0x4, 0x13, 0x1, 0x80,

    /* U+707F "灿" */
    0x21, 0x4, 0x22, 0x84, 0x5c, 0x9a, 0x92, 0x52,
    0x4a, 0x49, 0x49, 0x59, 0x29, 0x26, 0x3f, 0x80,

    /* U+7089 "炉" */
    0x21, 0x4, 0x12, 0x9f, 0xda, 0x1a, 0x42, 0x4f,
    0xc9, 0x1, 0x20, 0x54, 0xa, 0x82, 0x20, 0x0,

    /* U+708A "炊" */
    0x24, 0x4, 0x82, 0x9f, 0xda, 0x1a, 0x94, 0x42,
    0x8, 0x41, 0x14, 0x52, 0x8a, 0x8a, 0x20, 0x80,

    /* U+708E "炎" */
    0x4, 0x4, 0x89, 0x12, 0x5, 0x3, 0x19, 0x88,
    0xc9, 0x12, 0x24, 0xa, 0x6, 0x33, 0x1, 0x80,

    /* U+7092 "炒" */
    0x21, 0x4, 0x22, 0x95, 0x5a, 0x9a, 0x52, 0x52,
    0x8, 0x49, 0x2, 0x50, 0x8a, 0x62, 0x30, 0x0,

    /* U+7094 "炔" */
    0x21, 0x4, 0x22, 0x9f, 0x58, 0xaa, 0x14, 0x42,
    0x8b, 0xf9, 0x8, 0x52, 0x8a, 0x8a, 0x20, 0x80,

    /* U+7095 "炕" */
    0x22, 0x4, 0x22, 0xbf, 0xd8, 0xa, 0x78, 0x49,
    0x9, 0x21, 0x24, 0x54, 0xaa, 0x96, 0x23, 0x80,

    /* U+7099 "炙" */
    0xf, 0xee, 0x48, 0x26, 0x3, 0xf, 0x80, 0x8,
    0x9, 0x12, 0x24, 0xa, 0x6, 0x33, 0x1, 0x80,

    /* U+70AC "炬" */
    0x27, 0xe4, 0x82, 0x90, 0x5b, 0xfa, 0x42, 0x48,
    0x49, 0x9, 0x3f, 0x54, 0xa, 0x82, 0x1f, 0x80,

    /* U+70AD "炭" */
    0x44, 0x48, 0x89, 0xff, 0x10, 0xf, 0xfe, 0x44,
    0xa, 0x92, 0x94, 0x42, 0x11, 0xb0, 0xc1, 0x80,

    /* U+70AE "炮" */
    0x24, 0x4, 0xfe, 0xa0, 0xdb, 0xda, 0x4a, 0x49,
    0x49, 0xe9, 0x23, 0x54, 0xa, 0x86, 0xf, 0x80,

    /* U+70AF "炯" */
    0x2f, 0xe5, 0x6, 0xa0, 0xdd, 0xda, 0xaa, 0x55,
    0x4a, 0xa9, 0x5d, 0x58, 0x29, 0x6, 0x21, 0x80,

    /* U+70B3 "炳" */
    0x2f, 0xe4, 0x22, 0xc4, 0x57, 0xfa, 0x92, 0x52,
    0x4a, 0xa9, 0x63, 0x58, 0x29, 0x6, 0x21, 0x80,

    /* U+70B8 "炸" */
    0x22, 0x4, 0x42, 0x8f, 0xda, 0x8a, 0x90, 0x43,
    0xc8, 0x41, 0x8, 0x51, 0xea, 0x22, 0x4, 0x0,

    /* U+70B9 "点" */
    0x4, 0x0, 0xfc, 0x10, 0x2, 0x7, 0xfc, 0x80,
    0x90, 0x13, 0xfe, 0x0, 0xa, 0x4a, 0x24, 0x80,

    /* U+70BC "炼" */
    0x22, 0x5, 0xfe, 0x90, 0x5f, 0x8a, 0x90, 0x5f,
    0xc8, 0x41, 0x2a, 0x55, 0x29, 0x26, 0xc, 0x0,

    /* U+70BD "炽" */
    0x27, 0xc4, 0x8a, 0x91, 0x5a, 0x2a, 0x44, 0x4f,
    0x88, 0x1, 0x0, 0x52, 0x8a, 0x8a, 0x20, 0x80,

    /* U+70C1 "烁" */
    0x20, 0xc4, 0xe2, 0xd0, 0x54, 0x8a, 0x90, 0x5f,
    0xc8, 0x41, 0x2a, 0x55, 0x29, 0x26, 0xc, 0x0,

    /* U+70C2 "烂" */
    0x24, 0x44, 0x52, 0xbf, 0xd8, 0xa, 0x0, 0x40,
    0x9, 0xf1, 0x0, 0x50, 0xa, 0x2, 0x3f, 0x80,

    /* U+70C3 "烃" */
    0x27, 0xc4, 0xa, 0x82, 0x58, 0x8a, 0x28, 0x58,
    0xc9, 0xf1, 0x8, 0x51, 0xa, 0x22, 0x3f, 0x80,

    /* U+70C8 "烈" */
    0xfc, 0x24, 0x24, 0xf4, 0xb2, 0x99, 0x52, 0x12,
    0x4c, 0xe, 0x3, 0x0, 0xa, 0x4a, 0x24, 0x80,

    /* U+70D8 "烘" */
    0x22, 0x44, 0x4a, 0xbf, 0xd9, 0x2a, 0x24, 0x44,
    0x8b, 0xf9, 0x0, 0x52, 0x4a, 0x86, 0x20, 0x80,

    /* U+70D9 "烙" */
    0x22, 0x4, 0x7a, 0xd1, 0x55, 0x4a, 0x10, 0x45,
    0xb, 0x19, 0x3e, 0x54, 0x4a, 0x8a, 0x1f, 0x0,

    /* U+70DB "烛" */
    0x21, 0x4, 0x22, 0xbf, 0xdc, 0x9a, 0x92, 0x52,
    0x4b, 0xf9, 0x8, 0x51, 0x4a, 0x36, 0x38, 0x80,

    /* U+70DF "烟" */
    0x2f, 0xe5, 0x6, 0xa4, 0xdc, 0x9a, 0xfe, 0x52,
    0x4a, 0xa9, 0x55, 0x5c, 0x69, 0x6, 0x3f, 0x80,

    /* U+70E4 "烤" */
    0x21, 0x4, 0xf6, 0xc5, 0x57, 0xfa, 0x10, 0x47,
    0xcb, 0x81, 0x1e, 0x50, 0x4a, 0xa, 0x6, 0x0,

    /* U+70E6 "烦" */
    0x2f, 0xe4, 0x22, 0xbf, 0xdc, 0x1a, 0x92, 0x52,
    0x4a, 0x49, 0x49, 0x52, 0x8a, 0x8a, 0x20, 0x80,

    /* U+70E7 "烧" */
    0x22, 0x4, 0x4e, 0xbe, 0x59, 0x2a, 0x1a, 0x5c,
    0xc8, 0x1, 0x7f, 0x52, 0x8a, 0x96, 0x23, 0x80,

    /* U+70E9 "烩" */
    0x21, 0x4, 0x52, 0xd1, 0x54, 0x1a, 0x7c, 0x40,
    0x8, 0x1, 0x7f, 0x52, 0xa, 0x8a, 0x3e, 0x80,

    /* U+70EB "烫" */
    0x4f, 0xc4, 0x22, 0x3f, 0xa2, 0x52, 0x93, 0x84,
    0xc0, 0x1, 0x22, 0x44, 0x81, 0x43, 0xc7, 0x80,

    /* U+70EC "烬" */
    0x27, 0xe4, 0x86, 0x90, 0xdb, 0xfa, 0x44, 0x48,
    0x8a, 0x89, 0x4d, 0x50, 0xa, 0xc2, 0x7, 0x0,

    /* U+70ED "热" */
    0x21, 0x1e, 0xf8, 0x85, 0x10, 0xa3, 0x65, 0xc4,
    0x89, 0x4b, 0x25, 0x0, 0xa, 0x4a, 0x24, 0x80,

    /* U+70EF "烯" */
    0x26, 0x64, 0x32, 0xb9, 0xd8, 0x8a, 0xfe, 0x45,
    0x9, 0xf9, 0x65, 0x54, 0xaa, 0x9e, 0x2, 0x0,

    /* U+70F7 "烷" */
    0x21, 0x5, 0xfe, 0xa0, 0xdb, 0xea, 0x0, 0x40,
    0xb, 0xf9, 0x14, 0x52, 0x8a, 0x96, 0x23, 0x80,

    /* U+70F9 "烹" */
    0x4, 0x1f, 0xfc, 0x82, 0x1f, 0xc0, 0x0, 0xff,
    0x0, 0x80, 0x20, 0xc, 0xa, 0x4a, 0x24, 0x80,

    /* U+70FD "烽" */
    0x22, 0x4, 0x7a, 0xb1, 0x59, 0xca, 0xd6, 0x4f,
    0x88, 0x41, 0x3e, 0x51, 0x9, 0xfe, 0x4, 0x0,

    /* U+7109 "焉" */
    0xff, 0xe0, 0x80, 0x9f, 0x12, 0xf, 0xfe, 0x40,
    0xf, 0xf2, 0x0, 0x7f, 0xe0, 0x6, 0x55, 0x80,

    /* U+710A "焊" */
    0x27, 0xc4, 0x8a, 0x9f, 0x5a, 0x2a, 0x7c, 0x40,
    0x9, 0xf1, 0x8, 0x5f, 0xea, 0x22, 0x4, 0x0,

    /* U+7115 "焕" */
    0x22, 0x4, 0x72, 0xd2, 0x57, 0xea, 0x94, 0x52,
    0x8a, 0x51, 0x7f, 0x52, 0x8a, 0x8a, 0x20, 0x80,

    /* U+7119 "焙" */
    0x21, 0x4, 0xfa, 0x80, 0x5a, 0x2a, 0x28, 0x5f,
    0xc8, 0x1, 0x3e, 0x54, 0x4a, 0x8a, 0x1f, 0x0,

    /* U+711A "焚" */
    0x20, 0x9f, 0x7c, 0x82, 0x38, 0xea, 0xaa, 0x41,
    0x9, 0x12, 0x24, 0xa, 0x6, 0x33, 0x1, 0x80,

    /* U+7126 "焦" */
    0x22, 0xf, 0xff, 0x8, 0x3f, 0xe4, 0x20, 0xff,
    0x90, 0x83, 0xff, 0x0, 0xa, 0x4a, 0x24, 0x80,

    /* U+7130 "焰" */
    0x22, 0x4, 0x7a, 0xd1, 0x54, 0x4a, 0x20, 0x59,
    0xca, 0x9, 0x77, 0x58, 0x29, 0x6, 0x3f, 0x80,

    /* U+7136 "然" */
    0x41, 0x4f, 0x25, 0x3f, 0x54, 0x81, 0x10, 0xa5,
    0x9, 0x16, 0x41, 0x0, 0xa, 0x4a, 0x24, 0x80,

    /* U+714C "煌" */
    0x21, 0x4, 0xfa, 0x91, 0x5b, 0xea, 0x44, 0x48,
    0x8b, 0xf9, 0x8, 0x57, 0xca, 0x22, 0x3f, 0x80,

    /* U+714E "煎" */
    0x11, 0x1f, 0xfc, 0x0, 0x3e, 0xa4, 0x54, 0xfa,
    0x91, 0x52, 0x66, 0x0, 0xa, 0x4a, 0x24, 0x80,

    /* U+715E "煞" */
    0x7a, 0x11, 0x7c, 0x49, 0x3c, 0x20, 0x95, 0xf9,
    0x2, 0x53, 0xd1, 0x0, 0xa, 0x4a, 0x24, 0x80,

    /* U+7164 "煤" */
    0x24, 0x45, 0xfe, 0x91, 0x5b, 0xea, 0x44, 0x4f,
    0x88, 0x41, 0x7f, 0x53, 0x8a, 0xaa, 0x24, 0x80,

    /* U+7167 "照" */
    0xf7, 0xf2, 0x26, 0x48, 0xfa, 0x39, 0x1, 0x2f,
    0xe5, 0xf, 0xbf, 0x0, 0xa, 0x4a, 0x24, 0x80,

    /* U+716E "煮" */
    0x8, 0x2f, 0xe8, 0x22, 0x7f, 0xf2, 0x4, 0xff,
    0xa8, 0x11, 0xfe, 0x0, 0xa, 0x4a, 0x24, 0x80,

    /* U+717D "煽" */
    0x21, 0x5, 0xfe, 0xe0, 0xd7, 0xfa, 0x80, 0x5e,
    0xca, 0x49, 0x6d, 0x5b, 0x69, 0xb6, 0x4d, 0x80,

    /* U+7184 "熄" */
    0x22, 0x5, 0xfa, 0xa1, 0x5f, 0xea, 0x84, 0x5f,
    0x8a, 0x11, 0x7e, 0x55, 0x9, 0x8a, 0x5e, 0x80,

    /* U+718A "熊" */
    0x42, 0x72, 0x73, 0xe8, 0xc4, 0xff, 0xa5, 0x17,
    0x3e, 0x8c, 0x4f, 0x0, 0xa, 0x4a, 0x24, 0x80,

    /* U+718F "熏" */
    0x7f, 0xc0, 0x83, 0xff, 0x82, 0x7, 0xfc, 0xaa,
    0x9f, 0xf0, 0x20, 0xff, 0xea, 0x4a, 0x24, 0x80,

    /* U+7194 "熔" */
    0x21, 0x5, 0xfe, 0xaa, 0xda, 0x2a, 0x10, 0x45,
    0xb, 0x19, 0x3e, 0x54, 0x4a, 0x8a, 0x1f, 0x0,

    /* U+7199 "熙" */
    0xfb, 0xf2, 0x46, 0xe8, 0xd5, 0xfa, 0xa1, 0x74,
    0x24, 0x8f, 0xcf, 0x0, 0xa, 0x4a, 0x24, 0x80,

    /* U+719F "熟" */
    0x11, 0x1f, 0xa1, 0x2f, 0x3c, 0xa1, 0x35, 0xfa,
    0x84, 0xa9, 0xa1, 0x0, 0xa, 0x4a, 0x24, 0x80,

    /* U+71AC "熬" */
    0x21, 0x1f, 0x3c, 0x89, 0x7e, 0xa4, 0x14, 0xf1,
    0x12, 0x54, 0xd1, 0x0, 0xa, 0x4a, 0x24, 0x80,

    /* U+71C3 "燃" */
    0x2e, 0xa5, 0x56, 0xaf, 0xdb, 0x4a, 0xa8, 0x49,
    0xa, 0x52, 0x91, 0x40, 0x11, 0x4a, 0x44, 0x80,

    /* U+71CE "燎" */
    0x21, 0x5, 0xfe, 0xaa, 0xdb, 0xea, 0xc6, 0x4f,
    0x89, 0x11, 0x3e, 0x51, 0xa, 0xaa, 0x2c, 0x80,

    /* U+71D5 "燕" */
    0x11, 0x1f, 0xfc, 0x44, 0xf, 0x82, 0xb, 0xdd,
    0x8a, 0xab, 0x77, 0x80, 0xa, 0x4a, 0x24, 0x80,

    /* U+71E5 "燥" */
    0x27, 0xc4, 0x8a, 0xdf, 0x57, 0x7a, 0xaa, 0x5d,
    0xc8, 0x41, 0x7f, 0x53, 0x8a, 0xaa, 0x24, 0x80,

    /* U+7206 "爆" */
    0x27, 0xc4, 0x8a, 0x9f, 0x5a, 0x2a, 0xfe, 0x45,
    0xb, 0xf9, 0x2a, 0x5b, 0xaa, 0xaa, 0x2c, 0x80,

    /* U+722A "爪" */
    0x3, 0xcf, 0x91, 0x12, 0x22, 0x44, 0x48, 0x89,
    0x11, 0x22, 0x24, 0x44, 0x48, 0x8a, 0x10, 0x80,

    /* U+722C "爬" */
    0x1c, 0x1d, 0x7e, 0xaa, 0xd5, 0x5a, 0xbf, 0x54,
    0x2a, 0x8d, 0x51, 0xa9, 0xf4, 0x82, 0x8f, 0x80,

    /* U+7231 "爱" */
    0x1, 0xcf, 0xc8, 0x92, 0x7f, 0xf8, 0x82, 0xff,
    0x84, 0x1, 0xfc, 0xd0, 0x81, 0xe1, 0xc3, 0x80,

    /* U+7235 "爵" */
    0x1, 0xcf, 0xc8, 0x92, 0x7f, 0xf9, 0x13, 0xff,
    0xd2, 0x13, 0xdf, 0x41, 0x49, 0x9, 0xd3, 0x0,

    /* U+7236 "父" */
    0x11, 0x4, 0x11, 0x1, 0x50, 0x52, 0x8, 0x22,
    0x2, 0x80, 0x20, 0xa, 0x6, 0x33, 0x1, 0x80,

    /* U+7237 "爷" */
    0x11, 0x4, 0x13, 0x45, 0x87, 0x3, 0x19, 0x80,
    0xcf, 0xe0, 0x44, 0x8, 0x81, 0x60, 0x20, 0x0,

    /* U+7238 "爸" */
    0x11, 0x4, 0x13, 0x45, 0x87, 0x3, 0x19, 0x80,
    0xdf, 0xf2, 0x22, 0x7f, 0xc8, 0x4, 0xff, 0x80,

    /* U+7239 "爹" */
    0x31, 0x9a, 0x2c, 0x38, 0x1a, 0xcc, 0xf6, 0x32,
    0x19, 0x80, 0xde, 0xec, 0x40, 0x70, 0xf0, 0x0,

    /* U+723D "爽" */
    0x4, 0x1f, 0xfc, 0x10, 0x2a, 0xa2, 0x48, 0xaa,
    0x89, 0x22, 0xaa, 0xa, 0x6, 0x33, 0x1, 0x80,

    /* U+7247 "片" */
    0x21, 0x4, 0x20, 0x84, 0x1f, 0xf2, 0x0, 0x40,
    0xf, 0xe1, 0x4, 0x40, 0x88, 0x12, 0x2, 0x0,

    /* U+7248 "版" */
    0x50, 0x6a, 0xf1, 0x50, 0x3e, 0x4, 0x7e, 0x88,
    0x5d, 0x8a, 0xaa, 0x54, 0x8a, 0xaa, 0x68, 0x80,

    /* U+724C "牌" */
    0x52, 0xa, 0xfd, 0x54, 0xbf, 0xf4, 0x52, 0x8f,
    0xdc, 0xa2, 0xa4, 0x5f, 0xea, 0x12, 0x42, 0x0,

    /* U+7259 "牙" */
    0x7f, 0xc4, 0x20, 0x84, 0x20, 0x87, 0xfe, 0x6,
    0x1, 0x40, 0x48, 0x31, 0x18, 0x20, 0x1c, 0x0,

    /* U+725B "牛" */
    0x44, 0x8, 0x81, 0xff, 0x22, 0x8, 0x40, 0x8,
    0x3f, 0xf8, 0x20, 0x4, 0x0, 0x80, 0x10, 0x0,

    /* U+725F "牟" */
    0x10, 0x4, 0x11, 0xfd, 0x0, 0x4, 0x40, 0xff,
    0xa1, 0x0, 0x20, 0xff, 0xe0, 0x80, 0x10, 0x0,

    /* U+7261 "牡" */
    0x21, 0x14, 0x23, 0xc4, 0x50, 0x82, 0x7c, 0x62,
    0x38, 0x41, 0x8, 0x21, 0x4, 0x20, 0xbf, 0x80,

    /* U+7262 "牢" */
    0x4, 0x1f, 0xfe, 0x0, 0x92, 0x3, 0xfc, 0x88,
    0x1, 0x7, 0xff, 0x4, 0x0, 0x80, 0x10, 0x0,

    /* U+7267 "牧" */
    0x22, 0x14, 0x43, 0xcf, 0xd2, 0x22, 0xa4, 0x64,
    0xb8, 0xa1, 0x14, 0x21, 0x4, 0x50, 0xb1, 0x80,

    /* U+7269 "物" */
    0x24, 0x14, 0x83, 0xdf, 0xd5, 0x52, 0x2a, 0x65,
    0x79, 0x29, 0x29, 0x29, 0x24, 0x44, 0x93, 0x0,

    /* U+7272 "牲" */
    0x24, 0x94, 0x93, 0xdf, 0xd2, 0x42, 0x88, 0x61,
    0x39, 0xf9, 0x4, 0x20, 0x84, 0x10, 0xbf, 0x80,

    /* U+7275 "牵" */
    0x4, 0x1f, 0xfc, 0x44, 0x10, 0x4f, 0xff, 0x48,
    0x4f, 0xf2, 0x20, 0x4, 0x1f, 0xfc, 0x10, 0x0,

    /* U+7279 "特" */
    0x21, 0x14, 0xfb, 0xc4, 0x50, 0x82, 0xfe, 0x60,
    0xbb, 0xf9, 0x22, 0x22, 0x44, 0x8, 0x87, 0x0,

    /* U+727A "牺" */
    0x2f, 0xf4, 0x53, 0xca, 0x57, 0xf2, 0xaa, 0x75,
    0x7a, 0xa9, 0x57, 0x2c, 0x25, 0x4, 0xbf, 0x80,

    /* U+7280 "犀" */
    0x7f, 0xe8, 0x5, 0xff, 0xa1, 0x7, 0x26, 0x95,
    0x1c, 0x9a, 0xfe, 0x62, 0xb, 0xfe, 0x8, 0x0,

    /* U+7281 "犁" */
    0xfd, 0x22, 0x27, 0xf4, 0x98, 0x95, 0x93, 0x28,
    0xd1, 0x3, 0xfe, 0x84, 0x1f, 0xfc, 0x10, 0x0,

    /* U+728A "犊" */
    0x21, 0x14, 0xfb, 0xc4, 0x57, 0xf2, 0x22, 0x6b,
    0x38, 0xa1, 0x7f, 0x21, 0x4, 0x48, 0xb0, 0x80,

    /* U+72AC "犬" */
    0x4, 0x80, 0x88, 0x10, 0x7f, 0xf0, 0x40, 0x14,
    0x2, 0x80, 0x88, 0x11, 0x4, 0x13, 0x1, 0x80,

    /* U+72AF "犯" */
    0xaf, 0xc9, 0x9, 0x21, 0x54, 0x22, 0x84, 0x53,
    0x9a, 0x5, 0x40, 0x28, 0x25, 0x7, 0x1f, 0x80,

    /* U+72B6 "状" */
    0x21, 0x44, 0x26, 0x84, 0x37, 0xf2, 0x10, 0x45,
    0x8, 0xa3, 0x14, 0xa4, 0x44, 0x88, 0xa0, 0x80,

    /* U+72B9 "犹" */
    0xa1, 0x48, 0x25, 0x4, 0x57, 0xf2, 0x10, 0x45,
    0x18, 0xa5, 0x14, 0x24, 0xa4, 0x97, 0x23, 0x80,

    /* U+72C2 "狂" */
    0xaf, 0xe8, 0x21, 0x4, 0x50, 0x82, 0x10, 0x5f,
    0xd8, 0x45, 0x8, 0x21, 0x4, 0x23, 0x3f, 0x80,

    /* U+72C4 "狄" */
    0xa1, 0x8, 0x21, 0x14, 0xd2, 0x92, 0x94, 0x42,
    0x18, 0x45, 0x14, 0x22, 0x84, 0x8b, 0x60, 0x80,

    /* U+72C8 "狈" */
    0xaf, 0xe9, 0x5, 0x24, 0xd4, 0x92, 0x92, 0x52,
    0x5a, 0x4d, 0x49, 0x22, 0x84, 0x8b, 0x20, 0x80,

    /* U+72D0 "狐" */
    0xa0, 0xe9, 0xe9, 0x25, 0x54, 0xa2, 0x94, 0x52,
    0x9a, 0x55, 0x4a, 0x2a, 0x45, 0x57, 0x5d, 0x80,

    /* U+72D7 "狗" */
    0xa4, 0x8, 0xfd, 0x20, 0xd8, 0x12, 0x7a, 0x49,
    0x59, 0x2d, 0x25, 0x27, 0xa4, 0x7, 0x3, 0x0,

    /* U+72D9 "狙" */
    0xaf, 0xc9, 0x9, 0x21, 0x57, 0xe2, 0x84, 0x50,
    0x9b, 0xf5, 0x42, 0x28, 0x45, 0xb, 0x7f, 0x80,

    /* U+72DE "狞" */
    0xa1, 0x9, 0xfd, 0x20, 0xd0, 0x2, 0xfe, 0x42,
    0x18, 0x45, 0x8, 0x21, 0x4, 0x23, 0x1c, 0x0,

    /* U+72E0 "狠" */
    0xaf, 0xc9, 0x9, 0x3f, 0x54, 0x22, 0x84, 0x5f,
    0x9a, 0x4d, 0x4a, 0x28, 0x85, 0x4b, 0x30, 0x80,

    /* U+72E1 "狡" */
    0xa1, 0x9, 0xfd, 0x0, 0x52, 0x22, 0x82, 0x68,
    0x99, 0x15, 0x14, 0x21, 0x4, 0x53, 0x31, 0x80,

    /* U+72EC "独" */
    0xa1, 0x8, 0x21, 0x3f, 0xd4, 0x92, 0x92, 0x52,
    0x5b, 0xfd, 0x8, 0x21, 0x44, 0x37, 0x38, 0x80,

    /* U+72ED "狭" */
    0xa1, 0x9, 0xfd, 0x4, 0x54, 0x92, 0x54, 0x42,
    0x1b, 0xfd, 0x8, 0x22, 0x84, 0x8b, 0x60, 0x80,

    /* U+72EE "狮" */
    0xab, 0xe9, 0x11, 0x22, 0x55, 0xf2, 0xaa, 0x55,
    0x5a, 0xad, 0x55, 0x2a, 0xe5, 0x13, 0x42, 0x0,

    /* U+72F0 "狰" */
    0xa4, 0x8, 0xf1, 0x22, 0x57, 0xe2, 0x14, 0x7f,
    0xd8, 0x55, 0x7e, 0x21, 0x4, 0x23, 0x1c, 0x0,

    /* U+72F1 "狱" */
    0xa8, 0xa8, 0x95, 0x2, 0x51, 0xf3, 0x88, 0x51,
    0x1a, 0x55, 0x4a, 0x29, 0x45, 0xa7, 0x28, 0x80,

    /* U+72F8 "狸" */
    0xaf, 0xe9, 0x25, 0x24, 0xd7, 0xf2, 0x92, 0x52,
    0x5b, 0xfd, 0x8, 0x2f, 0xe4, 0x23, 0x3f, 0x80,

    /* U+72FC "狼" */
    0xa2, 0x9, 0xf9, 0x21, 0x57, 0xe2, 0x84, 0x5f,
    0x9a, 0x4d, 0x4a, 0x28, 0x85, 0x4b, 0x30, 0x80,

    /* U+730E "猎" */
    0xa4, 0x89, 0xf9, 0x12, 0x52, 0x43, 0xfe, 0x40,
    0x1b, 0xf5, 0x42, 0x2f, 0xc5, 0xb, 0x3f, 0x0,

    /* U+7316 "猖" */
    0xa7, 0xc8, 0x89, 0x1f, 0x52, 0x22, 0x7c, 0x40,
    0x1b, 0xfd, 0x41, 0x2f, 0xe5, 0x7, 0x3f, 0x80,

    /* U+731B "猛" */
    0xa7, 0xc8, 0x11, 0x4, 0x57, 0xf2, 0x10, 0x46,
    0x18, 0x5, 0x7f, 0x2a, 0xa5, 0x57, 0x7f, 0x80,

    /* U+731C "猜" */
    0xa1, 0x9, 0xf9, 0x4, 0x57, 0xe2, 0x10, 0x7f,
    0xda, 0x15, 0x7e, 0x28, 0x45, 0xfb, 0x21, 0x0,

    /* U+7329 "猩" */
    0xaf, 0xe9, 0x5, 0x3f, 0xd4, 0x12, 0xfe, 0x52,
    0x1b, 0xfd, 0x88, 0x2f, 0xe4, 0x23, 0x7f, 0x80,

    /* U+732A "猪" */
    0xa2, 0x9, 0xf5, 0x9, 0x51, 0x43, 0xfe, 0x44,
    0x19, 0xf5, 0x62, 0x37, 0xc4, 0x8b, 0x1f, 0x0,

    /* U+732B "猫" */
    0xa4, 0x49, 0xfd, 0x11, 0x50, 0x2, 0xfe, 0x52,
    0x5a, 0x4d, 0x7f, 0x29, 0x25, 0x27, 0x3f, 0x80,

    /* U+732E "献" */
    0x20, 0xbf, 0x94, 0x82, 0x7f, 0xfd, 0x49, 0x49,
    0x3f, 0x25, 0x2a, 0xfd, 0x54, 0xaa, 0xb8, 0x80,

    /* U+7334 "猴" */
    0xa5, 0xc8, 0x89, 0x2f, 0xd4, 0x83, 0x9e, 0x55,
    0x1a, 0x25, 0x5f, 0x28, 0x85, 0x2b, 0x28, 0x80,

    /* U+733E "猾" */
    0xa7, 0xc8, 0x89, 0x1d, 0x52, 0xa2, 0xfe, 0x50,
    0x59, 0xf5, 0x22, 0x27, 0xc4, 0x8b, 0x13, 0x0,

    /* U+733F "猿" */
    0xa1, 0x8, 0xf9, 0x4, 0x57, 0xf2, 0x44, 0x48,
    0x99, 0xf5, 0x14, 0x2c, 0xa4, 0xab, 0x18, 0x80,

    /* U+736D "獭" */
    0xa9, 0xb, 0xb9, 0x29, 0x5f, 0xf2, 0xa2, 0x55,
    0x5f, 0xad, 0x55, 0x38, 0x85, 0xab, 0x28, 0x80,

    /* U+7384 "玄" */
    0x8, 0x0, 0x83, 0xff, 0x84, 0x1, 0x10, 0x44,
    0x1f, 0x0, 0x44, 0x10, 0x84, 0x69, 0xf1, 0x0,

    /* U+7387 "率" */
    0x4, 0x1f, 0xfd, 0x11, 0x15, 0x40, 0x40, 0x94,
    0xa7, 0xc8, 0x20, 0xff, 0xe0, 0x80, 0x10, 0x0,

    /* U+7389 "玉" */
    0xff, 0xe0, 0x80, 0x10, 0x2, 0x0, 0x40, 0xff,
    0x81, 0x0, 0x24, 0x4, 0x40, 0x83, 0xff, 0x80,

    /* U+738B "王" */
    0xff, 0xe0, 0x80, 0x10, 0x2, 0x0, 0x40, 0xff,
    0x81, 0x0, 0x20, 0x4, 0x0, 0x83, 0xff, 0x80,

    /* U+7396 "玖" */
    0x2, 0x1c, 0x41, 0xf, 0x22, 0x24, 0x45, 0xd1,
    0x10, 0x22, 0x8, 0x62, 0x98, 0x88, 0x20, 0x80,

    /* U+739B "玛" */
    0xf, 0xdc, 0x9, 0x11, 0x22, 0x24, 0x45, 0xcf,
    0xd0, 0xa, 0x1, 0x6f, 0xb8, 0x4, 0x7, 0x0,

    /* U+73A9 "玩" */
    0xf, 0xdc, 0x1, 0x0, 0x20, 0x5, 0xff, 0xc9,
    0x11, 0x22, 0x24, 0x68, 0xb9, 0x14, 0x43, 0x80,

    /* U+73AB "玫" */
    0x2, 0x1e, 0x40, 0x8f, 0x92, 0x22, 0xa5, 0xe4,
    0x88, 0xa1, 0x14, 0x31, 0x18, 0x50, 0x31, 0x80,

    /* U+73AF "环" */
    0xf, 0xfe, 0x10, 0x84, 0x10, 0x82, 0x35, 0xea,
    0x4a, 0x49, 0x8, 0x31, 0x18, 0x20, 0x4, 0x0,

    /* U+73B0 "现" */
    0xf, 0xdd, 0x9, 0x25, 0x24, 0xa4, 0x95, 0xd2,
    0x92, 0x52, 0x8, 0x62, 0xb8, 0x94, 0x63, 0x80,

    /* U+73B2 "玲" */
    0x1, 0x1e, 0x50, 0x91, 0x14, 0x12, 0x11, 0xe1,
    0xb, 0xf9, 0x2, 0x34, 0x98, 0x60, 0x3, 0x0,

    /* U+73BB "玻" */
    0x1, 0x1d, 0xfd, 0x24, 0xa4, 0x84, 0xff, 0xd8,
    0x52, 0x8a, 0x4a, 0x68, 0x99, 0x28, 0x58, 0x80,

    /* U+73CA "珊" */
    0xe, 0xfd, 0x55, 0x2a, 0xa5, 0x54, 0xab, 0xff,
    0xd2, 0xaa, 0x55, 0x6a, 0xb9, 0x54, 0x5d, 0x80,

    /* U+73CD "珍" */
    0x1, 0x1c, 0x51, 0x11, 0x2c, 0x54, 0x31, 0xd8,
    0x90, 0x22, 0x19, 0x6c, 0x58, 0x30, 0x38, 0x0,

    /* U+73D0 "珐" */
    0x1, 0x1c, 0x21, 0x1f, 0x20, 0x84, 0x11, 0xdf,
    0xd0, 0x82, 0x22, 0x64, 0x59, 0x34, 0x38, 0x80,

    /* U+73E0 "珠" */
    0x9, 0x1d, 0x21, 0x3f, 0x28, 0x84, 0x11, 0xdf,
    0xd0, 0x42, 0x1c, 0x65, 0x5b, 0x24, 0x4, 0x0,

    /* U+73ED "班" */
    0xf3, 0xe8, 0x49, 0x29, 0x25, 0x24, 0xa5, 0xd7,
    0xd2, 0x92, 0x12, 0x42, 0x48, 0x8b, 0xd7, 0x80,

    /* U+7403 "球" */
    0x1, 0x5c, 0x25, 0x3f, 0xa0, 0x84, 0x93, 0xca,
    0x90, 0x62, 0x1a, 0x65, 0x39, 0x20, 0xc, 0x0,

    /* U+7405 "琅" */
    0x2, 0x1d, 0xf9, 0x21, 0x27, 0xe4, 0x85, 0xdf,
    0x92, 0x4a, 0x4a, 0x68, 0x99, 0x48, 0x30, 0x80,

    /* U+7406 "理" */
    0xf, 0xfd, 0x25, 0x24, 0xa7, 0xf4, 0x93, 0xd2,
    0x53, 0xfa, 0x8, 0x6f, 0xf8, 0x20, 0x7f, 0x80,

    /* U+7409 "琉" */
    0x1, 0x1d, 0xfd, 0x8, 0x22, 0x24, 0xfb, 0xc0,
    0x12, 0xa2, 0x54, 0x6a, 0x99, 0x54, 0x4b, 0x80,

    /* U+7410 "琐" */
    0x9, 0x3c, 0xa9, 0x4, 0x27, 0xf4, 0x83, 0xd2,
    0x52, 0x4a, 0x49, 0x62, 0x98, 0x88, 0x20, 0x80,

    /* U+7422 "琢" */
    0xf, 0xfc, 0x21, 0x18, 0xac, 0xa4, 0x99, 0xcd,
    0x17, 0x32, 0x2d, 0x66, 0xbb, 0x10, 0xc, 0x0,

    /* U+7433 "琳" */
    0x4, 0x9c, 0x91, 0x7f, 0xa2, 0x44, 0x49, 0xdb,
    0x13, 0x72, 0xb5, 0x64, 0x98, 0x90, 0x12, 0x0,

    /* U+7434 "琴" */
    0xfb, 0xe4, 0x13, 0xef, 0x90, 0x4f, 0xfe, 0x14,
    0xc, 0x66, 0x23, 0x3f, 0x80, 0x20, 0x8, 0x0,

    /* U+7435 "琵" */
    0xfb, 0xe4, 0x13, 0xef, 0x90, 0x4f, 0xbe, 0x0,
    0x10, 0x83, 0xd3, 0x43, 0x8b, 0x45, 0x87, 0x80,

    /* U+7436 "琶" */
    0xfb, 0xe4, 0x13, 0xef, 0x90, 0x4f, 0xbe, 0x0,
    0x1f, 0xf2, 0x22, 0x7f, 0xc8, 0x4, 0xff, 0x80,

    /* U+743C "琼" */
    0x1, 0x1d, 0xfd, 0x0, 0x23, 0xe4, 0x45, 0xc8,
    0x91, 0xf2, 0x8, 0x65, 0x59, 0x24, 0xc, 0x0,

    /* U+745A "瑚" */
    0x4, 0xfc, 0x95, 0x7e, 0xa2, 0x74, 0x4b, 0xc9,
    0x53, 0xba, 0x55, 0x6a, 0xb9, 0x54, 0x3d, 0x80,

    /* U+745E "瑞" */
    0x9, 0x3d, 0x25, 0x3f, 0xa0, 0x4, 0xff, 0xc2,
    0x13, 0xfa, 0x55, 0x6a, 0xb9, 0x54, 0x21, 0x80,

    /* U+745F "瑟" */
    0xfb, 0xe4, 0x13, 0xef, 0x90, 0x4f, 0xbe, 0x10,
    0x1, 0x22, 0x88, 0x96, 0x43, 0x17, 0xbe, 0x0,

    /* U+7470 "瑰" */
    0x4, 0x1d, 0xf9, 0x29, 0x27, 0xe4, 0xa5, 0xdf,
    0x90, 0xa2, 0x2a, 0x65, 0xd9, 0x24, 0x47, 0x80,

    /* U+7476 "瑶" */
    0xf, 0xfc, 0x5, 0x15, 0x22, 0xa4, 0x7f, 0xc2,
    0x13, 0xfa, 0x8, 0x49, 0x3d, 0x24, 0x3f, 0x80,

    /* U+7483 "璃" */
    0x1, 0x1d, 0xfd, 0xa, 0x24, 0x94, 0xab, 0xdf,
    0xd0, 0x42, 0x7f, 0x6a, 0xb9, 0xec, 0x20, 0x80,

    /* U+74DC "瓜" */
    0x3, 0xcf, 0x91, 0x12, 0x22, 0x44, 0x48, 0x89,
    0x12, 0x22, 0x44, 0x4a, 0x4a, 0x4a, 0x74, 0x80,

    /* U+74E2 "瓢" */
    0xfe, 0x25, 0x7b, 0xfa, 0xd5, 0x5f, 0xea, 0x5,
    0x5e, 0xa8, 0x15, 0xfe, 0xaa, 0x5e, 0xd6, 0x80,

    /* U+74E3 "瓣" */
    0x82, 0x89, 0x8b, 0xab, 0xd5, 0x54, 0xa5, 0xd5,
    0xd2, 0x92, 0x52, 0xea, 0xe9, 0x4a, 0x55, 0x0,

    /* U+74E4 "瓤" */
    0x20, 0x3f, 0xfa, 0xaa, 0xfd, 0x55, 0x2b, 0xf5,
    0x54, 0xaf, 0xf5, 0x56, 0xb9, 0x5d, 0x96, 0x80,

    /* U+74E6 "瓦" */
    0xff, 0xe2, 0x0, 0x40, 0xf, 0x82, 0x10, 0x52,
    0x9, 0x41, 0x18, 0x41, 0x29, 0xa5, 0xc7, 0x80,

    /* U+74EE "瓮" */
    0xf, 0x4, 0x13, 0x21, 0x88, 0x4f, 0xfe, 0x20,
    0x7, 0xe0, 0x84, 0x2c, 0x84, 0x77, 0xf3, 0x80,

    /* U+74F6 "瓶" */
    0x8b, 0xea, 0x23, 0xe4, 0x28, 0xe5, 0x24, 0xa4,
    0xbe, 0xd2, 0x96, 0x52, 0x4a, 0x6a, 0x49, 0x80,

    /* U+74F7 "瓷" */
    0x4, 0x1c, 0xfc, 0x24, 0x95, 0x44, 0x45, 0xff,
    0xc4, 0x0, 0xfc, 0x28, 0x84, 0xf7, 0xe3, 0x80,

    /* U+7504 "甄" */
    0xfb, 0xea, 0x23, 0xe4, 0x54, 0xea, 0xa5, 0xf4,
    0x88, 0xd7, 0xd6, 0x22, 0x47, 0x6b, 0x9, 0x80,

    /* U+7518 "甘" */
    0x20, 0x84, 0x13, 0xff, 0x90, 0x42, 0x8, 0x41,
    0xf, 0xe1, 0x4, 0x20, 0x84, 0x10, 0xfe, 0x0,

    /* U+751A "甚" */
    0x20, 0x9f, 0xfc, 0x82, 0x1f, 0xc2, 0x8, 0x7f,
    0x8, 0x27, 0xff, 0x49, 0xa, 0x11, 0xff, 0x0,

    /* U+751C "甜" */
    0x1a, 0x5c, 0x48, 0x9f, 0x91, 0x2f, 0xa4, 0x44,
    0x88, 0xf7, 0xd2, 0x8a, 0x51, 0x4b, 0xef, 0x0,

    /* U+751F "生" */
    0x44, 0x8, 0x81, 0xff, 0x22, 0x8, 0x40, 0x8,
    0x1f, 0xf0, 0x20, 0x4, 0x0, 0x83, 0xff, 0x80,

    /* U+7525 "甥" */
    0x27, 0xf4, 0xa7, 0xdf, 0xd2, 0x92, 0x7e, 0x42,
    0x3d, 0xf9, 0x11, 0x22, 0x26, 0x87, 0x23, 0x0,

    /* U+7528 "用" */
    0x7f, 0xd1, 0x14, 0x45, 0xff, 0x44, 0x51, 0x17,
    0xfd, 0x11, 0x44, 0x51, 0x18, 0x4c,

    /* U+7529 "甩" */
    0x7f, 0xc8, 0x89, 0x11, 0x3f, 0xe4, 0x44, 0x88,
    0x9f, 0xf2, 0x22, 0x44, 0xc8, 0x86, 0xf, 0x80,

    /* U+752B "甫" */
    0x4, 0x9f, 0xfc, 0x10, 0x3f, 0xe4, 0x44, 0xff,
    0x91, 0x13, 0xfe, 0x44, 0x48, 0x89, 0x13, 0x0,

    /* U+752D "甭" */
    0xff, 0xe1, 0x80, 0xd6, 0x62, 0x37, 0xfc, 0x88,
    0x9f, 0xf2, 0x22, 0x7f, 0xc8, 0x8a, 0x13, 0x0,

    /* U+7530 "田" */
    0xff, 0xf0, 0x86, 0x10, 0xc2, 0x18, 0x43, 0xff,
    0xe1, 0xc, 0x21, 0x84, 0x30, 0x87, 0xff, 0x80,

    /* U+7531 "由" */
    0x4, 0x0, 0x83, 0xff, 0xc2, 0x18, 0x43, 0x8,
    0x7f, 0xfc, 0x21, 0x84, 0x30, 0x87, 0xff, 0x80,

    /* U+7532 "甲" */
    0xff, 0xf0, 0x86, 0x10, 0xff, 0xf8, 0x43, 0x8,
    0x7f, 0xf8, 0x20, 0x4, 0x0, 0x80, 0x10, 0x0,

    /* U+7533 "申" */
    0x4, 0x0, 0x83, 0xff, 0xc2, 0x18, 0x43, 0xff,
    0xe1, 0xc, 0x21, 0xff, 0xe0, 0x80, 0x10, 0x0,

    /* U+7535 "电" */
    0x8, 0x1f, 0xf2, 0x22, 0x44, 0x4f, 0xf9, 0x11,
    0x22, 0x27, 0xfc, 0x8, 0x21, 0x4, 0x1f, 0x80,

    /* U+7537 "男" */
    0x7f, 0xc8, 0x89, 0xff, 0x22, 0x27, 0xfc, 0x8,
    0x3f, 0xf8, 0x41, 0x10, 0x24, 0x7, 0x7, 0x0,

    /* U+7538 "甸" */
    0x20, 0x7, 0xfd, 0x0, 0xdf, 0xd2, 0x4a, 0x7f,
    0x49, 0x29, 0x25, 0x3f, 0xa0, 0x4, 0x3, 0x0,

    /* U+753B "画" */
    0xff, 0xe0, 0x0, 0xfe, 0x52, 0x5a, 0x4b, 0x7f,
    0x69, 0x2d, 0x25, 0xbf, 0xb0, 0x7, 0xff, 0x80,

    /* U+7545 "畅" */
    0x27, 0xc4, 0x13, 0xe4, 0x55, 0xa, 0xff, 0xf5,
    0x6b, 0x2d, 0x49, 0xf9, 0x24, 0x44, 0x93, 0x0,

    /* U+754C "界" */
    0x7f, 0xc8, 0x89, 0xff, 0x22, 0x27, 0xfc, 0x22,
    0x8, 0x26, 0x8b, 0x11, 0x4, 0x23, 0x4, 0x0,

    /* U+754F "畏" */
    0x7f, 0xc8, 0x89, 0xff, 0x22, 0x27, 0xfc, 0x0,
    0x3f, 0xfa, 0x10, 0x41, 0x49, 0x91, 0xc1, 0x80,

    /* U+7554 "畔" */
    0x0, 0x9f, 0x96, 0xab, 0x54, 0x4a, 0xff, 0xf1,
    0x2a, 0x25, 0x7f, 0xa8, 0x9f, 0x10, 0x2, 0x0,

    /* U+7559 "留" */
    0x1b, 0xfc, 0x26, 0x4, 0xc5, 0x1f, 0x46, 0x0,
    0x1f, 0xf2, 0x22, 0x7f, 0xc8, 0x89, 0xff, 0x0,

    /* U+755C "畜" */
    0x4, 0x1f, 0xfc, 0x40, 0x10, 0x87, 0xe0, 0x10,
    0xbf, 0xfa, 0x22, 0x7f, 0xc8, 0x89, 0xff, 0x0,

    /* U+7565 "略" */
    0x1, 0x1f, 0x3e, 0xa8, 0xd6, 0xaa, 0x89, 0xf2,
    0xab, 0x8d, 0x5f, 0xaa, 0x3f, 0x44, 0xf, 0x80,

    /* U+7566 "畦" */
    0x0, 0x9f, 0x7e, 0xa2, 0x54, 0x4a, 0xbf, 0xf0,
    0x2a, 0x25, 0x5f, 0xa8, 0x9f, 0x10, 0xf, 0x80,

    /* U+756A "番" */
    0x0, 0xcf, 0xe0, 0x92, 0x7f, 0xf1, 0x50, 0x49,
    0x3f, 0xfa, 0x22, 0x7f, 0xc8, 0x89, 0xff, 0x0,

    /* U+7574 "畴" */
    0x0, 0x9f, 0x7e, 0xa2, 0x55, 0xfa, 0x91, 0xff,
    0xea, 0x95, 0x7f, 0xaa, 0x5f, 0x28, 0x3, 0x0,

    /* U+7578 "畸" */
    0x0, 0x9f, 0x7e, 0xa2, 0x54, 0xaa, 0xa3, 0xff,
    0xea, 0xd, 0x5d, 0xaa, 0xbf, 0x74, 0x1, 0x80,

    /* U+7586 "疆" */
    0xff, 0xe2, 0xab, 0xdf, 0x42, 0xaf, 0x7c, 0xa0,
    0x3f, 0xfa, 0xaa, 0xf7, 0xc2, 0xa9, 0xbf, 0x80,

    /* U+758F "疏" */
    0xf1, 0x3, 0xfc, 0x88, 0x12, 0x2a, 0xfb, 0x60,
    0x29, 0x55, 0x2a, 0xb5, 0x58, 0xa8, 0x25, 0x80,

    /* U+7591 "疑" */
    0x9b, 0xfc, 0x6, 0x25, 0x7c, 0x44, 0x3e, 0xf1,
    0x68, 0x27, 0xd7, 0x22, 0x8a, 0xb2, 0x31, 0x80,

    /* U+7597 "疗" */
    0x2, 0xf, 0xfd, 0x0, 0x6f, 0xe4, 0x8, 0x82,
    0x30, 0x82, 0x10, 0x42, 0x8, 0x42, 0x38, 0x0,

    /* U+7599 "疙" */
    0x2, 0xf, 0xfd, 0x20, 0x67, 0xf5, 0x0, 0xdf,
    0xb0, 0x22, 0x18, 0x4c, 0xa, 0x6, 0x3f, 0x80,

    /* U+759A "疚" */
    0x2, 0xf, 0xfd, 0x0, 0x62, 0x4, 0x78, 0x91,
    0x34, 0x22, 0x8, 0x42, 0x88, 0x8a, 0x60, 0x80,

    /* U+759F "疟" */
    0x2, 0xf, 0xfd, 0x0, 0x60, 0x5, 0xfc, 0xa0,
    0x34, 0x3, 0xff, 0x50, 0xa, 0x2, 0x7f, 0x0,

    /* U+75A1 "疡" */
    0x2, 0xf, 0xfd, 0x0, 0x6f, 0xc4, 0x10, 0x84,
    0x37, 0xfa, 0x25, 0x49, 0x2a, 0x46, 0x13, 0x0,

    /* U+75A4 "疤" */
    0x2, 0xf, 0xfd, 0x0, 0x6f, 0xe5, 0x24, 0xa4,
    0xb7, 0xf2, 0x80, 0x50, 0x2a, 0x6, 0x3f, 0x80,

    /* U+75A5 "疥" */
    0x2, 0xf, 0xfd, 0x8, 0x62, 0x84, 0x88, 0xe0,
    0xf2, 0x22, 0x44, 0x48, 0x89, 0x12, 0x42, 0x0,

    /* U+75AB "疫" */
    0x2, 0xf, 0xfd, 0x0, 0x67, 0xc4, 0x88, 0xe1,
    0xf0, 0x2, 0xfe, 0x48, 0x88, 0xe2, 0xe3, 0x80,

    /* U+75AE "疮" */
    0x2, 0xf, 0xfd, 0x8, 0x62, 0x84, 0x88, 0xe0,
    0xf3, 0xe2, 0x44, 0x4b, 0x89, 0x6, 0x1f, 0x80,

    /* U+75AF "疯" */
    0x2, 0xf, 0xfd, 0x0, 0x6f, 0xe5, 0x4, 0xb1,
    0xb5, 0x52, 0x92, 0x55, 0x4b, 0x1e, 0x80, 0x80,

    /* U+75B2 "疲" */
    0x2, 0xf, 0xfd, 0x4, 0x6f, 0xf5, 0x12, 0xa2,
    0x37, 0xfa, 0xa1, 0x52, 0x4a, 0x32, 0xb9, 0x80,

    /* U+75B5 "疵" */
    0x2, 0xf, 0xfd, 0x12, 0x62, 0x45, 0x4a, 0xaf,
    0xb5, 0x22, 0xa4, 0x54, 0x92, 0xf6, 0xe3, 0x80,

    /* U+75B9 "疹" */
    0x2, 0xf, 0xfd, 0x8, 0x62, 0x84, 0x88, 0xe6,
    0xf3, 0x22, 0x18, 0x5c, 0x48, 0x32, 0x78, 0x0,

    /* U+75BC "疼" */
    0x2, 0xf, 0xfd, 0x10, 0x63, 0xc5, 0x88, 0x8e,
    0x3e, 0x3a, 0x30, 0x41, 0x89, 0x82, 0xf, 0x0,

    /* U+75BD "疽" */
    0x2, 0xf, 0xfd, 0x0, 0x67, 0xe4, 0x84, 0x9f,
    0xb2, 0x12, 0x7e, 0x48, 0x49, 0xa, 0x7f, 0x80,

    /* U+75BE "疾" */
    0x2, 0xf, 0xfd, 0x0, 0x64, 0x4, 0xfc, 0xa4,
    0x30, 0x82, 0xff, 0x45, 0x9, 0x12, 0xc1, 0x80,

    /* U+75C5 "病" */
    0x2, 0xf, 0xfd, 0x0, 0x6f, 0xf4, 0x10, 0xbf,
    0xf4, 0x4a, 0x95, 0x5c, 0x6a, 0x6, 0x41, 0x80,

    /* U+75C7 "症" */
    0x2, 0xf, 0xfd, 0x0, 0x6f, 0xf4, 0x20, 0x84,
    0x34, 0xf2, 0x90, 0x52, 0xa, 0x42, 0xff, 0x80,

    /* U+75C8 "痈" */
    0x2, 0xf, 0xfd, 0x0, 0x6f, 0xe5, 0x24, 0xbf,
    0xb4, 0x92, 0xfe, 0x52, 0x4a, 0x4a, 0x8b, 0x0,

    /* U+75C9 "痉" */
    0x2, 0xf, 0xfd, 0x0, 0x6f, 0xc4, 0x10, 0x8d,
    0x36, 0x1a, 0x7e, 0x42, 0x8, 0x42, 0x7f, 0x80,

    /* U+75CA "痊" */
    0x2, 0xf, 0xfd, 0x8, 0x62, 0x84, 0x88, 0xe0,
    0xf3, 0xe2, 0x10, 0x5f, 0xc8, 0x42, 0xff, 0x80,

    /* U+75D2 "痒" */
    0x2, 0xf, 0xfd, 0x21, 0x62, 0x45, 0xfe, 0x82,
    0x33, 0xf2, 0x8, 0x5f, 0xe8, 0x22, 0x4, 0x0,

    /* U+75D4 "痔" */
    0x4, 0xf, 0xfd, 0x8, 0x6f, 0xe4, 0x20, 0xff,
    0xf0, 0x23, 0xff, 0x48, 0x88, 0x92, 0x6, 0x0,

    /* U+75D5 "痕" */
    0x2, 0xf, 0xfd, 0x0, 0x6f, 0xe5, 0x4, 0xbf,
    0xb4, 0x12, 0xfe, 0x51, 0x4a, 0x92, 0x61, 0x80,

    /* U+75D8 "痘" */
    0x2, 0xf, 0xfd, 0x0, 0x6f, 0xf4, 0x0, 0x9f,
    0xb2, 0x12, 0x7e, 0x48, 0x48, 0x92, 0x7f, 0x80,

    /* U+75DB "痛" */
    0x2, 0xf, 0xfd, 0x0, 0x6f, 0xc4, 0x50, 0xbf,
    0xb4, 0x92, 0xfe, 0x52, 0x4b, 0xfa, 0x49, 0x0,

    /* U+75DE "痞" */
    0x2, 0xf, 0xfd, 0x0, 0x6f, 0xe4, 0x20, 0x8d,
    0x36, 0x92, 0x10, 0x5f, 0xca, 0xa, 0x7f, 0x0,

    /* U+75E2 "痢" */
    0x2, 0xf, 0xfd, 0xc, 0x6e, 0x14, 0x4a, 0xbf,
    0x71, 0x2a, 0x65, 0x4e, 0xaa, 0xa6, 0x13, 0x80,

    /* U+75EA "痪" */
    0x2, 0xf, 0xfd, 0x10, 0x63, 0xc4, 0x88, 0xbf,
    0xb4, 0x92, 0x92, 0x7f, 0xe9, 0x12, 0xc1, 0x80,

    /* U+75F0 "痰" */
    0x2, 0xf, 0xfd, 0x0, 0x64, 0x95, 0x14, 0x8d,
    0x36, 0x1a, 0x8, 0x49, 0x50, 0xd2, 0xe1, 0x80,

    /* U+75F4 "痴" */
    0x2, 0xf, 0xfd, 0x40, 0x6e, 0xf6, 0x92, 0x92,
    0x7f, 0xca, 0x49, 0x55, 0x2a, 0xbe, 0x80, 0x0,

    /* U+75F9 "痹" */
    0x2, 0xf, 0xfd, 0x0, 0x6f, 0xe5, 0x24, 0xbf,
    0xb4, 0x93, 0xff, 0x48, 0x89, 0x12, 0x42, 0x0,

    /* U+7601 "瘁" */
    0x2, 0xf, 0xfd, 0x0, 0x61, 0x5, 0xfc, 0x91,
    0x35, 0x52, 0x10, 0x5f, 0xc8, 0x42, 0x8, 0x0,

    /* U+761F "瘟" */
    0x2, 0xf, 0xfd, 0x0, 0x67, 0xc4, 0x88, 0x9f,
    0x32, 0x22, 0xfe, 0x55, 0x4a, 0xaa, 0xff, 0x80,

    /* U+7624 "瘤" */
    0x2, 0xf, 0xfd, 0x10, 0x6c, 0xf5, 0xa, 0xaa,
    0x77, 0xfa, 0x49, 0x4f, 0xe9, 0x26, 0x3f, 0x80,

    /* U+7626 "瘦" */
    0x2, 0xf, 0xfd, 0x28, 0x69, 0x65, 0x24, 0xb5,
    0xb4, 0x92, 0xfe, 0x48, 0x88, 0xe2, 0xe3, 0x80,

    /* U+7629 "瘩" */
    0x2, 0xf, 0xfd, 0x22, 0x7f, 0xf4, 0x88, 0x84,
    0x33, 0x63, 0x83, 0x5f, 0xca, 0xa, 0x7f, 0x0,

    /* U+762A "瘪" */
    0x2, 0xf, 0xfd, 0x41, 0x6f, 0xe5, 0x4, 0xbf,
    0xb2, 0x23, 0x8b, 0x5e, 0xa, 0xa, 0x3f, 0x0,

    /* U+762B "瘫" */
    0x2, 0xf, 0xfd, 0x0, 0x6e, 0xa4, 0x5e, 0xae,
    0xb5, 0x7a, 0x4a, 0x49, 0xea, 0xaa, 0x97, 0x80,

    /* U+7634 "瘴" */
    0x2, 0xf, 0xfd, 0x8, 0x6f, 0xe4, 0x50, 0xbf,
    0xb2, 0x22, 0x7c, 0x48, 0x8b, 0xfe, 0x8, 0x0,

    /* U+7638 "瘸" */
    0x2, 0xf, 0xfd, 0x40, 0x7e, 0xf5, 0x52, 0xdb,
    0xf0, 0x82, 0xfe, 0x52, 0x4b, 0xba, 0x41, 0x0,

    /* U+764C "癌" */
    0x2, 0xf, 0xfd, 0x0, 0x67, 0xe4, 0x84, 0xbf,
    0xf4, 0xaa, 0xf7, 0x41, 0xa, 0x26, 0x7f, 0x80,

    /* U+7663 "癣" */
    0x2, 0xf, 0xfd, 0x65, 0x75, 0xf7, 0xc8, 0xaf,
    0xff, 0x22, 0xa4, 0x7f, 0xe8, 0x12, 0xf2, 0x0,

    /* U+7678 "癸" */
    0x7a, 0x41, 0x51, 0x44, 0x10, 0x55, 0xf5, 0x8,
    0x41, 0x3, 0xfe, 0xa, 0x2, 0x23, 0x83, 0x80,

    /* U+767B "登" */
    0x7a, 0x41, 0x51, 0x44, 0x10, 0x57, 0xfd, 0x0,
    0x4f, 0xe1, 0x4, 0x3f, 0x82, 0x23, 0xff, 0x80,

    /* U+767D "白" */
    0x8, 0x8, 0x3f, 0xf0, 0x18, 0xc, 0x7, 0xff,
    0x1, 0x80, 0xc0, 0x7f, 0xe0,

    /* U+767E "百" */
    0xff, 0xe0, 0x80, 0x20, 0x3f, 0xe4, 0x4, 0x80,
    0x9f, 0xf2, 0x2, 0x40, 0x48, 0x9, 0xff, 0x0,

    /* U+7682 "皂" */
    0x8, 0xf, 0xf9, 0x1, 0x3f, 0xe4, 0x4, 0xff,
    0x84, 0x0, 0xff, 0xf0, 0x2, 0x4, 0x3f, 0x80,

    /* U+7684 "的" */
    0x22, 0x8, 0x43, 0xef, 0xc6, 0x18, 0x83, 0x12,
    0x7e, 0x2c, 0x45, 0x88, 0x31, 0x7, 0xe3, 0x0,

    /* U+7686 "皆" */
    0x82, 0x1f, 0x4e, 0xe, 0x4d, 0x1e, 0x3e, 0x10,
    0x1f, 0xf2, 0x2, 0x7f, 0xc8, 0x9, 0xff, 0x0,

    /* U+7687 "皇" */
    0x8, 0x7, 0xf0, 0x82, 0x1f, 0xc2, 0x8, 0x41,
    0x1f, 0xf0, 0x20, 0x7f, 0xc0, 0x83, 0xff, 0x80,

    /* U+768B "皋" */
    0x8, 0xf, 0xf9, 0x1, 0x3f, 0xe4, 0x4, 0xff,
    0x84, 0x7, 0xff, 0x44, 0x57, 0xf4, 0x10, 0x0,

    /* U+7691 "皑" */
    0x49, 0x31, 0x27, 0xbf, 0xd0, 0xa, 0xff, 0xc0,
    0x68, 0xd, 0x7f, 0xa8, 0x1d, 0x4, 0x1f, 0x80,

    /* U+7696 "皖" */
    0x41, 0x11, 0xff, 0xa0, 0xd3, 0xea, 0x1, 0xc0,
    0x2b, 0xfd, 0x14, 0xa2, 0x9c, 0x94, 0x63, 0x80,

    /* U+76AE "皮" */
    0x2, 0xf, 0xfd, 0x8, 0xa1, 0x7, 0xfc, 0xa0,
    0x92, 0x12, 0x24, 0x43, 0x9, 0x92, 0xc1, 0x80,

    /* U+76B1 "皱" */
    0x40, 0x8f, 0x7e, 0x2a, 0x89, 0x4f, 0xbe, 0x14,
    0x42, 0xcf, 0xd5, 0xa, 0x41, 0x57, 0xf4, 0x80,

    /* U+76BF "皿" */
    0x7f, 0xc9, 0x49, 0x29, 0x25, 0x24, 0xa4, 0x94,
    0x92, 0x92, 0x52, 0xff, 0xe0,

    /* U+76C2 "盂" */
    0x7f, 0xc0, 0x80, 0x10, 0x7f, 0xf0, 0x40, 0x38,
    0x0, 0x3, 0xfe, 0x4a, 0x49, 0x4b, 0xff, 0x80,

    /* U+76C5 "盅" */
    0x4, 0xf, 0xf9, 0x11, 0x22, 0x27, 0xfc, 0x8,
    0x1, 0x3, 0xfe, 0x4a, 0x49, 0x4b, 0xff, 0x80,

    /* U+76C6 "盆" */
    0x11, 0x4, 0x13, 0x1, 0x9f, 0xc1, 0x8, 0xc3,
    0x0, 0x3, 0xfe, 0x4a, 0x49, 0x4b, 0xff, 0x80,

    /* U+76C8 "盈" */
    0x7f, 0x82, 0x10, 0x7b, 0x99, 0x14, 0xc3, 0x66,
    0xc0, 0x3, 0xfe, 0x4a, 0x49, 0x4b, 0xff, 0x80,

    /* U+76CA "益" */
    0x20, 0x82, 0x23, 0xff, 0x80, 0x3, 0x19, 0x80,
    0xc0, 0x3, 0xfe, 0x4a, 0x49, 0x4b, 0xff, 0x80,

    /* U+76CE "盎" */
    0x4, 0xf, 0xf9, 0x11, 0x7f, 0xf0, 0xa0, 0x63,
    0x30, 0x1b, 0xfe, 0x4a, 0x49, 0x4b, 0xff, 0x80,

    /* U+76CF "盏" */
    0x4, 0x9f, 0xfc, 0x10, 0x7f, 0xf0, 0x28, 0x3a,
    0x78, 0x3b, 0xfe, 0x4a, 0x49, 0x4b, 0xff, 0x80,

    /* U+76D0 "盐" */
    0x11, 0xf, 0xa0, 0x46, 0x8, 0xa1, 0xd3, 0xc2,
    0x0, 0x3, 0xfe, 0x4a, 0x49, 0x4b, 0xff, 0x80,

    /* U+76D1 "监" */
    0x11, 0x12, 0x22, 0x47, 0xc9, 0x9, 0x48, 0x20,
    0x80, 0x3, 0xfe, 0x4a, 0x49, 0x4b, 0xff, 0x80,

    /* U+76D2 "盒" */
    0x4, 0x1, 0x40, 0xc6, 0x6f, 0xb0, 0x0, 0x7f,
    0x8, 0x23, 0xfe, 0x4a, 0x49, 0x4b, 0xff, 0x80,

    /* U+76D4 "盔" */
    0x20, 0x1f, 0xfc, 0x88, 0x29, 0x25, 0x55, 0x11,
    0xc, 0x1b, 0xfe, 0x4a, 0x49, 0x4b, 0xff, 0x80,

    /* U+76D6 "盖" */
    0x11, 0x1f, 0xfc, 0x10, 0x3f, 0xe0, 0x41, 0xff,
    0xc0, 0x3, 0xfe, 0x4a, 0x49, 0x4b, 0xff, 0x80,

    /* U+76D7 "盗" */
    0x44, 0x4, 0xfc, 0x24, 0x90, 0x84, 0x29, 0x18,
    0xc0, 0x3, 0xfe, 0x4a, 0x49, 0x4b, 0xff, 0x80,

    /* U+76D8 "盘" */
    0x4, 0x7, 0xf8, 0x91, 0x11, 0x2f, 0xfe, 0x48,
    0x90, 0xb0, 0x0, 0x7f, 0xc9, 0x4b, 0xff, 0x80,

    /* U+76DB "盛" */
    0x2, 0x4f, 0xfd, 0x8, 0x3d, 0x24, 0x94, 0xb1,
    0x60, 0x5b, 0xfe, 0x4a, 0x49, 0x4b, 0xff, 0x80,

    /* U+76DF "盟" */
    0xf7, 0xf2, 0x87, 0xdf, 0xca, 0x1f, 0x7e, 0x10,
    0x44, 0x1b, 0xfe, 0x4a, 0x49, 0x4b, 0xff, 0x80,

    /* U+76EE "目" */
    0xff, 0xc0, 0x60, 0x3f, 0xf8, 0xc, 0x6, 0x3,
    0xff, 0x80, 0xc0, 0x7f, 0xe0,

    /* U+76EF "盯" */
    0xf7, 0xf2, 0x12, 0x42, 0x78, 0x49, 0x9, 0x21,
    0x3c, 0x24, 0x84, 0x90, 0x9e, 0x10, 0xe, 0x0,

    /* U+76F2 "盲" */
    0x4, 0x1f, 0xfd, 0x0, 0x20, 0x7, 0xfc, 0x41,
    0xf, 0xe1, 0x4, 0x3f, 0x84, 0x10, 0xfe, 0x0,

    /* U+76F4 "直" */
    0x4, 0xf, 0xf8, 0x10, 0x1f, 0xc2, 0x8, 0x7f,
    0x8, 0x21, 0xfc, 0x20, 0x84, 0x13, 0xff, 0x80,

    /* U+76F8 "相" */
    0x27, 0xe4, 0x87, 0xf0, 0x93, 0xf2, 0x42, 0xe8,
    0x5b, 0xd, 0x3f, 0x24, 0x24, 0x84, 0x9f, 0x80,

    /* U+76FC "盼" */
    0xe4, 0x94, 0x92, 0xa1, 0x74, 0x2b, 0x3, 0x5f,
    0xb9, 0x15, 0x22, 0xa8, 0x5d, 0x8, 0x46, 0x0,

    /* U+76FE "盾" */
    0x7f, 0xc8, 0x41, 0xff, 0xa1, 0x5, 0xfc, 0xa0,
    0x97, 0xf2, 0x82, 0x5f, 0xca, 0xa, 0x7f, 0x0,

    /* U+7701 "省" */
    0x24, 0x88, 0x8a, 0x12, 0x82, 0x81, 0xfd, 0xc0,
    0x8f, 0xf1, 0x2, 0x3f, 0xc4, 0x8, 0xff, 0x0,

    /* U+7709 "眉" */
    0x7f, 0xe8, 0x45, 0xff, 0xa0, 0x5, 0xfe, 0xa0,
    0x57, 0xfa, 0x81, 0x5f, 0xea, 0x6, 0x7f, 0x80,

    /* U+770B "看" */
    0x7f, 0xc0, 0x81, 0xff, 0x4, 0xf, 0xfe, 0x40,
    0x9f, 0xf5, 0x2, 0x3f, 0xc4, 0x8, 0xff, 0x0,

    /* U+771F "真" */
    0x4, 0xf, 0xf8, 0x10, 0x1f, 0xc2, 0x8, 0x7f,
    0x8, 0x21, 0x4, 0xff, 0xe4, 0x13, 0x1, 0x80,

    /* U+7720 "眠" */
    0xef, 0xf5, 0x6, 0xa0, 0xf7, 0xfa, 0x91, 0x52,
    0x3b, 0xfd, 0x48, 0xa8, 0x9d, 0x54, 0x31, 0x80,

    /* U+7728 "眨" */
    0xe0, 0x75, 0xf2, 0x88, 0x70, 0x8a, 0xff, 0x40,
    0x78, 0x15, 0x4, 0xa1, 0x1c, 0xc0, 0x27, 0x80,

    /* U+7729 "眩" */
    0xe2, 0x14, 0x22, 0xbf, 0xf0, 0x8a, 0x21, 0x48,
    0xbb, 0xe5, 0x8, 0xa2, 0x5c, 0x88, 0x3e, 0x80,

    /* U+772F "眯" */
    0xe1, 0x15, 0x26, 0x95, 0x70, 0x8a, 0xff, 0x42,
    0x38, 0xe5, 0x2a, 0xa9, 0x3c, 0x20, 0x4, 0x0,

    /* U+7736 "眶" */
    0xef, 0xf5, 0x2, 0xaf, 0xf4, 0x4a, 0x89, 0x57,
    0xfa, 0x25, 0x44, 0xab, 0xfd, 0x0, 0x3f, 0x80,

    /* U+7737 "眷" */
    0x24, 0x84, 0xa1, 0xff, 0x8, 0x8f, 0xfe, 0x41,
    0x1f, 0xf5, 0x5, 0x3f, 0x84, 0x10, 0xfe, 0x0,

    /* U+773A "眺" */
    0xe2, 0x94, 0x52, 0xaa, 0xf3, 0x6a, 0x29, 0x45,
    0x39, 0xb5, 0x55, 0xa2, 0x9c, 0x94, 0x63, 0x80,

    /* U+773C "眼" */
    0xef, 0xd5, 0xa, 0xbf, 0x74, 0x2a, 0x85, 0x5f,
    0xba, 0x4d, 0x4a, 0xa8, 0x9d, 0x48, 0x30, 0x80,

    /* U+7740 "着" */
    0x11, 0x1f, 0xfc, 0x20, 0x3f, 0xe1, 0x1, 0xff,
    0xc8, 0x13, 0x2, 0xbf, 0xc4, 0x8, 0xff, 0x0,

    /* U+7741 "睁" */
    0xe4, 0x14, 0xf2, 0xa2, 0x77, 0xea, 0x15, 0x7f,
    0xf8, 0x55, 0x7e, 0xa1, 0x1c, 0x20, 0x1c, 0x0,

    /* U+775B "睛" */
    0xe1, 0x15, 0xfa, 0x84, 0x77, 0xea, 0x11, 0x7f,
    0xfa, 0x15, 0x7e, 0xa8, 0x5d, 0xf8, 0x21, 0x0,

    /* U+7761 "睡" */
    0xe0, 0xd4, 0xe2, 0x84, 0x77, 0xfa, 0x55, 0x5f,
    0xf9, 0x55, 0x2a, 0xaf, 0xfc, 0x20, 0x1f, 0x0,

    /* U+7763 "督" */
    0x20, 0x7, 0x7c, 0x88, 0xfc, 0xa6, 0x9, 0x56,
    0xdf, 0xf2, 0x2, 0x7f, 0xc8, 0x9, 0xff, 0x0,

    /* U+7766 "睦" */
    0xe1, 0x15, 0xfe, 0x84, 0x7f, 0xfa, 0x29, 0x45,
    0x7b, 0x3d, 0x8, 0xaf, 0xfc, 0x20, 0x7f, 0x80,

    /* U+776B "睫" */
    0xe2, 0x17, 0xfe, 0x89, 0x7f, 0xfa, 0x25, 0x5f,
    0xb8, 0x85, 0x5e, 0xaa, 0x1e, 0xc0, 0x47, 0x80,

    /* U+776C "睬" */
    0xe0, 0x75, 0xf2, 0x88, 0xf4, 0x9a, 0x45, 0x42,
    0x3b, 0xfd, 0x1c, 0xa5, 0x5d, 0x24, 0x4, 0x0,

    /* U+7779 "睹" */
    0xe2, 0x15, 0xf6, 0x89, 0x71, 0x4b, 0xff, 0x44,
    0x39, 0xf5, 0x62, 0xb7, 0xdc, 0x88, 0x1f, 0x0,

    /* U+7784 "瞄" */
    0xe4, 0x55, 0xfe, 0x91, 0x70, 0xa, 0xff, 0x52,
    0x7a, 0x4d, 0x7f, 0xa9, 0x3d, 0x24, 0x3f, 0x80,

    /* U+7785 "瞅" */
    0xe2, 0x95, 0x92, 0x92, 0xf2, 0xdb, 0xed, 0x49,
    0x3b, 0x25, 0x7a, 0xb5, 0x5c, 0xa8, 0x18, 0x80,

    /* U+778E "瞎" */
    0xe1, 0x15, 0xfe, 0xa4, 0xf3, 0xea, 0x11, 0x4f,
    0xb8, 0x45, 0x7f, 0xa4, 0x5c, 0x88, 0x1f, 0x0,

    /* U+7792 "瞒" */
    0xe4, 0x55, 0xfe, 0x91, 0x77, 0xfa, 0x29, 0x5f,
    0xfa, 0xad, 0x55, 0xad, 0x7d, 0x4, 0x21, 0x80,

    /* U+77A5 "瞥" */
    0xaa, 0x1f, 0x7e, 0xb9, 0x7c, 0xca, 0xf6, 0x80,
    0x9f, 0xf2, 0x2, 0x7f, 0xc8, 0x9, 0xff, 0x0,

    /* U+77A7 "瞧" */
    0xe4, 0x95, 0xfe, 0xe2, 0x77, 0xfa, 0x89, 0x5f,
    0xfa, 0x25, 0x7f, 0xa0, 0x1d, 0x54, 0x2a, 0x80,

    /* U+77A9 "瞩" */
    0xef, 0xf5, 0x6, 0xbf, 0xf4, 0x4a, 0xbf, 0x55,
    0x7a, 0xfd, 0x44, 0xaf, 0xfe, 0x94, 0x57, 0x80,

    /* U+77AA "瞪" */
    0xee, 0xb4, 0x5a, 0xaa, 0xf2, 0x2a, 0x7d, 0x50,
    0x79, 0xf5, 0x22, 0xa7, 0xdc, 0x50, 0x3f, 0x80,

    /* U+77AC "瞬" */
    0xf, 0xfc, 0xa6, 0x95, 0x7f, 0xfa, 0x83, 0x5e,
    0xba, 0x7d, 0x7a, 0xb1, 0x5c, 0x7c, 0x31, 0x0,

    /* U+77B3 "瞳" */
    0xe1, 0x15, 0xfa, 0x92, 0x7f, 0xfa, 0x95, 0x5f,
    0xba, 0x55, 0x4a, 0xbf, 0xfc, 0x20, 0x7f, 0x80,

    /* U+77BB "瞻" */
    0xe7, 0x95, 0x12, 0xff, 0xf5, 0x2a, 0xc3, 0x51,
    0x3b, 0xfd, 0x40, 0xab, 0xfd, 0x44, 0x4f, 0x80,

    /* U+77D7 "矗" */
    0x4, 0xf, 0xf8, 0x82, 0x12, 0x4f, 0xfe, 0x22,
    0x3f, 0xfa, 0x52, 0x7b, 0xc9, 0x4b, 0xff, 0x80,

    /* U+77DB "矛" */
    0x7f, 0xc0, 0x10, 0x64, 0x3, 0xf, 0xfe, 0x18,
    0x45, 0x11, 0x24, 0xc4, 0x0, 0x80, 0x70, 0x0,

    /* U+77E2 "矢" */
    0x20, 0x7, 0xf9, 0x10, 0x42, 0x0, 0x41, 0xff,
    0xc1, 0x0, 0x50, 0x11, 0x4, 0x13, 0x1, 0x80,

    /* U+77E3 "矣" */
    0x10, 0x4, 0x11, 0xfd, 0x10, 0x3, 0xfc, 0x88,
    0x1, 0x7, 0xff, 0xa, 0x6, 0x33, 0x1, 0x80,

    /* U+77E5 "知" */
    0x40, 0xf, 0xbd, 0x44, 0xc8, 0x91, 0x13, 0xfa,
    0x44, 0x49, 0x49, 0x25, 0x28, 0xbe, 0x0, 0x0,

    /* U+77E9 "矩" */
    0x47, 0xee, 0x82, 0x90, 0x13, 0xf2, 0x43, 0xe8,
    0x49, 0x9, 0x3f, 0x54, 0xa, 0x82, 0x1f, 0x80,

    /* U+77EB "矫" */
    0x40, 0xce, 0xe2, 0x84, 0x17, 0xf2, 0x29, 0xe8,
    0x8a, 0x99, 0x12, 0x52, 0x4a, 0x8a, 0x21, 0x0,

    /* U+77ED "短" */
    0x4f, 0xee, 0x2, 0x9f, 0x12, 0x22, 0x45, 0xef,
    0x88, 0x1, 0x22, 0x52, 0x4a, 0x52, 0x3f, 0x80,

    /* U+77EE "矮" */
    0x40, 0xee, 0xe2, 0x84, 0x17, 0xf2, 0x55, 0xf2,
    0x48, 0x81, 0x7f, 0x52, 0x4a, 0x72, 0x31, 0x80,

    /* U+77F3 "石" */
    0xff, 0xe1, 0x0, 0x20, 0x8, 0x1, 0x0, 0x7f,
    0x98, 0x15, 0x2, 0x20, 0x44, 0x8, 0xff, 0x0,

    /* U+77FD "矽" */
    0x2, 0x1f, 0x7c, 0x88, 0x91, 0x12, 0x52, 0xf1,
    0x72, 0x12, 0x42, 0x48, 0x8f, 0x20, 0x18, 0x0,

    /* U+77FE "矾" */
    0xf7, 0x84, 0x90, 0x92, 0x22, 0x47, 0x69, 0xab,
    0x15, 0x22, 0xa4, 0x54, 0xae, 0x94, 0x23, 0x80,

    /* U+77FF "矿" */
    0xf0, 0x84, 0xfc, 0x90, 0x22, 0x7, 0x41, 0xa8,
    0x15, 0x2, 0xa0, 0x54, 0xe, 0x80, 0x20, 0x0,

    /* U+7801 "码" */
    0xf7, 0xc4, 0x8, 0x89, 0x21, 0x27, 0x25, 0xa7,
    0xd4, 0xa, 0x81, 0x57, 0xae, 0x4, 0x7, 0x0,

    /* U+7802 "砂" */
    0xf1, 0x4, 0x20, 0x95, 0x22, 0x97, 0x53, 0xb2,
    0x14, 0x4a, 0x82, 0x50, 0x8e, 0x60, 0x30, 0x0,

    /* U+780C "砌" */
    0xf5, 0xe4, 0x94, 0x92, 0xa7, 0x57, 0x4b, 0xa9,
    0x55, 0x2a, 0xb5, 0x55, 0x2e, 0x24, 0x9, 0x80,

    /* U+780D "砍" */
    0xf4, 0x4, 0x80, 0x9f, 0xa2, 0x17, 0x95, 0xa2,
    0x14, 0x42, 0x94, 0x52, 0x8e, 0x88, 0x20, 0x80,

    /* U+7812 "砒" */
    0xf4, 0x84, 0x90, 0x92, 0x22, 0x57, 0x6d, 0xa9,
    0x15, 0x22, 0xa4, 0x54, 0xae, 0xb4, 0x1b, 0x80,

    /* U+7814 "研" */
    0xf7, 0xe4, 0x48, 0x89, 0x21, 0x27, 0x25, 0xbf,
    0xd4, 0x92, 0x92, 0x54, 0x4e, 0x88, 0x21, 0x0,

    /* U+7816 "砖" */
    0xf1, 0x4, 0xf8, 0x84, 0x20, 0x87, 0xff, 0xa4,
    0x15, 0xf2, 0x82, 0x52, 0x8e, 0x20, 0x2, 0x0,

    /* U+781A "砚" */
    0xf7, 0xc4, 0x88, 0x95, 0x22, 0xa7, 0x55, 0xaa,
    0x95, 0x52, 0x88, 0x52, 0xae, 0x94, 0x23, 0x80,

    /* U+7827 "砧" */
    0xf1, 0x4, 0x20, 0x87, 0xa0, 0x87, 0x11, 0xa2,
    0x15, 0xfa, 0xa1, 0x54, 0x2e, 0x84, 0x1f, 0x80,

    /* U+7830 "砰" */
    0xef, 0xe4, 0x20, 0xa4, 0xa2, 0xa7, 0x11, 0xbf,
    0xd4, 0x42, 0x88, 0x51, 0xe, 0x20, 0x4, 0x0,

    /* U+7834 "破" */
    0xf0, 0x84, 0xfc, 0x92, 0xa2, 0x47, 0x7f, 0xa8,
    0x55, 0x8a, 0xaa, 0x54, 0x8e, 0xa8, 0x28, 0x80,

    /* U+7837 "砷" */
    0xe1, 0x8, 0x21, 0x3f, 0xc4, 0x9e, 0x93, 0x5f,
    0xea, 0x4d, 0x49, 0xaf, 0xfc, 0x20, 0x4, 0x0,

    /* U+7838 "砸" */
    0xef, 0xe9, 0x11, 0x22, 0x45, 0xfe, 0xab, 0x55,
    0x6a, 0xad, 0x57, 0xa8, 0x9d, 0x10, 0x3f, 0x80,

    /* U+783E "砾" */
    0xe0, 0xc8, 0xe1, 0x10, 0x44, 0x8e, 0x91, 0x5f,
    0xe8, 0x45, 0x2a, 0xa5, 0x3d, 0x24, 0xc, 0x0,

    /* U+7840 "础" */
    0xe1, 0x9, 0x25, 0x24, 0xc4, 0x9e, 0xff, 0x42,
    0x28, 0x45, 0x49, 0xa9, 0x3d, 0x24, 0x3f, 0x80,

    /* U+7845 "硅" */
    0xf1, 0x4, 0xf8, 0x84, 0x20, 0x87, 0x7f, 0xa0,
    0x14, 0x42, 0xbe, 0x51, 0xe, 0x20, 0x3f, 0x80,

    /* U+7852 "硒" */
    0xef, 0xe8, 0x51, 0xa, 0x47, 0xfe, 0xab, 0x55,
    0x6a, 0xad, 0x57, 0xac, 0x3d, 0x4, 0x3f, 0x80,

    /* U+7855 "硕" */
    0xf7, 0xe4, 0x20, 0x9f, 0xa2, 0x17, 0x53, 0xaa,
    0x55, 0x4a, 0xa9, 0x52, 0x8e, 0x88, 0x20, 0x80,

    /* U+785D "硝" */
    0xe9, 0x28, 0xa9, 0x4, 0x47, 0xfe, 0x83, 0x5f,
    0xea, 0xd, 0x7f, 0xa8, 0x3d, 0x4, 0x21, 0x80,

    /* U+786B "硫" */
    0xf1, 0x5, 0xfc, 0x88, 0x22, 0x27, 0xfb, 0xa0,
    0x15, 0x52, 0xaa, 0x55, 0x4e, 0xa8, 0x25, 0x80,

    /* U+786C "硬" */
    0xef, 0xe8, 0x21, 0x3f, 0xc4, 0x9e, 0xff, 0x52,
    0x6b, 0xfd, 0x28, 0xa2, 0x1c, 0xa0, 0x63, 0x80,

    /* U+786E "确" */
    0xf2, 0x4, 0x78, 0x91, 0x27, 0xf7, 0x53, 0xaf,
    0xd5, 0x4a, 0xbf, 0x55, 0x2e, 0xa4, 0x25, 0x80,

    /* U+7877 "硷" */
    0xf1, 0x4, 0x50, 0x91, 0x24, 0x17, 0x7d, 0xa0,
    0x16, 0x8a, 0xaa, 0x55, 0x4e, 0x10, 0x3f, 0x80,

    /* U+787C "硼" */
    0xee, 0xe9, 0x55, 0x2a, 0xc7, 0x7e, 0xab, 0x55,
    0x6b, 0xbd, 0x55, 0xaa, 0xbd, 0x54, 0x5d, 0x80,

    /* U+7889 "碉" */
    0xf7, 0xe4, 0xa4, 0x9e, 0xa2, 0x97, 0x7b, 0xa8,
    0x55, 0xea, 0xb5, 0x57, 0xae, 0x84, 0x21, 0x80,

    /* U+788C "碌" */
    0x7, 0xfe, 0x88, 0xbf, 0x10, 0x42, 0xfe, 0xe1,
    0x35, 0xaa, 0x86, 0x52, 0xaa, 0x95, 0xe6, 0x0,

    /* U+788D "碍" */
    0xf7, 0xc4, 0x88, 0x9f, 0x22, 0x27, 0x7d, 0xa0,
    0x17, 0xfa, 0x84, 0x5f, 0xee, 0x90, 0x6, 0x0,

    /* U+788E "碎" */
    0xf1, 0x5, 0xfc, 0x80, 0x22, 0x27, 0x45, 0xb5,
    0x54, 0x42, 0xff, 0x51, 0xe, 0x20, 0x4, 0x0,

    /* U+7891 "碑" */
    0xf2, 0x4, 0xfc, 0x94, 0xa3, 0xf7, 0x53, 0xaf,
    0xd4, 0xa2, 0xa4, 0x5f, 0xee, 0x10, 0x2, 0x0,

    /* U+7897 "碗" */
    0xe1, 0x9, 0xfd, 0x20, 0xc2, 0xe, 0x6f, 0x55,
    0x6a, 0xad, 0xb7, 0xa2, 0x9c, 0x94, 0x23, 0x80,

    /* U+7898 "碘" */
    0xe2, 0x89, 0xfd, 0x2a, 0xc5, 0x5e, 0xff, 0x55,
    0x6a, 0xad, 0xff, 0xa0, 0x1c, 0x88, 0x60, 0x80,

    /* U+789F "碟" */
    0xf5, 0x45, 0xfc, 0x95, 0x22, 0xe7, 0x41, 0xaf,
    0xd4, 0x42, 0xff, 0x53, 0x8e, 0xa8, 0x24, 0x80,

    /* U+78A7 "碧" */
    0x1, 0x1f, 0x7c, 0x88, 0xfd, 0xf2, 0x23, 0xff,
    0xc4, 0x1, 0xfe, 0x60, 0x54, 0x8, 0xff, 0x0,

    /* U+78B0 "碰" */
    0xf4, 0x44, 0x50, 0xbf, 0xa1, 0x47, 0x29, 0xa5,
    0x16, 0xaa, 0xb6, 0x52, 0x8e, 0x50, 0x3f, 0x80,

    /* U+78B1 "碱" */
    0xf0, 0xa4, 0x14, 0x9f, 0xa2, 0x47, 0x7b, 0xa9,
    0x55, 0xea, 0xaa, 0x57, 0x4e, 0x94, 0x24, 0x80,

    /* U+78B3 "碳" */
    0xe9, 0x29, 0x25, 0x3f, 0xc4, 0xf, 0xff, 0x51,
    0x2a, 0xad, 0x66, 0xa8, 0x9e, 0x28, 0x18, 0x80,

    /* U+78B4 "碴" */
    0xf1, 0x5, 0xfc, 0x95, 0x24, 0x97, 0x7d, 0xa8,
    0x95, 0xf2, 0xa2, 0x57, 0xce, 0x0, 0x3f, 0x80,

    /* U+78BE "碾" */
    0xef, 0xe9, 0x5, 0x3f, 0xc4, 0xae, 0xff, 0x52,
    0xab, 0xfd, 0x54, 0xaa, 0xbd, 0x48, 0x4c, 0x80,

    /* U+78C1 "磁" */
    0xe4, 0x48, 0x51, 0x3f, 0xc2, 0x2e, 0x45, 0x51,
    0x2b, 0xbd, 0x22, 0xa8, 0x9d, 0x54, 0x3b, 0x80,

    /* U+78C5 "磅" */
    0xf1, 0x5, 0xfc, 0x91, 0x27, 0xf7, 0x83, 0xa2,
    0x17, 0xfa, 0x90, 0x53, 0xee, 0x84, 0x23, 0x0,

    /* U+78CA "磊" */
    0xff, 0xe2, 0x0, 0xff, 0x30, 0x2b, 0xfc, 0x0,
    0x3e, 0xf9, 0x4, 0x79, 0xf9, 0x65, 0xe7, 0x80,

    /* U+78CB "磋" */
    0xf2, 0x44, 0xfc, 0x82, 0x23, 0xf7, 0x9, 0xaf,
    0xd4, 0x42, 0x9f, 0x54, 0x8f, 0x10, 0xf, 0x80,

    /* U+78D0 "磐" */
    0x23, 0xcf, 0x49, 0x31, 0xb5, 0xe4, 0xa5, 0xf3,
    0x12, 0x97, 0xff, 0x10, 0x46, 0xb, 0x7f, 0x0,

    /* U+78D5 "磕" */
    0xe1, 0x9, 0xfd, 0x4, 0x4f, 0xfe, 0x21, 0x48,
    0xab, 0xed, 0x0, 0xaf, 0xfd, 0x54, 0x7f, 0x80,

    /* U+78E8 "磨" */
    0x2, 0xf, 0xfd, 0x22, 0x3f, 0xf5, 0xdc, 0xd5,
    0x5f, 0xfa, 0x20, 0x4f, 0xeb, 0x6, 0xbf, 0x80,

    /* U+78F7 "磷" */
    0xf9, 0x24, 0xa8, 0xbf, 0xa2, 0xa7, 0x93, 0xa8,
    0x95, 0xfa, 0xca, 0x55, 0x4e, 0x5c, 0x31, 0x0,

    /* U+78FA "磺" */
    0xf2, 0x84, 0xf8, 0x8a, 0x27, 0xf7, 0x11, 0xaf,
    0x95, 0x52, 0xbe, 0x55, 0x4e, 0xf8, 0x31, 0x80,

    /* U+7901 "礁" */
    0xf2, 0x84, 0xfc, 0xb2, 0x23, 0xf7, 0x49, 0xaf,
    0xd5, 0x22, 0xbf, 0x50, 0xf, 0x54, 0x2a, 0x80,

    /* U+793A "示" */
    0x7f, 0xc0, 0x0, 0x0, 0x7f, 0xf0, 0x40, 0x8,
    0x9, 0x21, 0x22, 0x44, 0x30, 0x84, 0x70, 0x0,

    /* U+793C "礼" */
    0x42, 0x4, 0x43, 0xc8, 0x9, 0x2, 0x20, 0x64,
    0x1a, 0x85, 0x10, 0x22, 0x24, 0x44, 0x87, 0x80,

    /* U+793E "社" */
    0x41, 0x4, 0x23, 0xc4, 0x8, 0x82, 0x7c, 0x62,
    0x1a, 0x45, 0x8, 0x21, 0x4, 0x20, 0xbf, 0x80,

    /* U+7941 "祁" */
    0x43, 0xe4, 0x47, 0xe8, 0x85, 0x21, 0x24, 0x44,
    0x5c, 0x8d, 0x51, 0x22, 0xc4, 0x40, 0x88, 0x0,

    /* U+7948 "祈" */
    0x40, 0xc4, 0xe3, 0xd0, 0xa, 0x2, 0x7e, 0x69,
    0x1b, 0x25, 0x24, 0x24, 0x84, 0x90, 0xa2, 0x0,

    /* U+7956 "祖" */
    0x47, 0xc4, 0x8b, 0xd1, 0xb, 0xe2, 0x44, 0x68,
    0x9b, 0xf5, 0x22, 0x24, 0x44, 0x88, 0xbf, 0x80,

    /* U+795D "祝" */
    0x8f, 0xc9, 0xb, 0xa1, 0x14, 0x24, 0x84, 0xdf,
    0xb5, 0x22, 0x24, 0x44, 0xa9, 0x15, 0x43, 0x80,

    /* U+795E "神" */
    0x81, 0x8, 0x23, 0xbf, 0x94, 0x94, 0x92, 0xdf,
    0xf6, 0x4a, 0x49, 0x4f, 0xe8, 0x21, 0x4, 0x0,

    /* U+795F "祟" */
    0x44, 0x4f, 0xfa, 0x10, 0xff, 0xf0, 0x0, 0xff,
    0x80, 0x7, 0xff, 0x4, 0x4, 0x93, 0x31, 0x80,

    /* U+7965 "祥" */
    0x84, 0x48, 0x53, 0xbf, 0x90, 0x84, 0x10, 0xcf,
    0xb4, 0x42, 0x8, 0x4f, 0xe8, 0x21, 0x4, 0x0,

    /* U+7968 "票" */
    0xff, 0xe1, 0x41, 0xff, 0x25, 0x27, 0xfc, 0x0,
    0x1f, 0xf0, 0x0, 0xff, 0xe4, 0x93, 0x31, 0x80,

    /* U+796D "祭" */
    0x42, 0xf, 0x7e, 0xa8, 0xa8, 0xa2, 0x9, 0xbe,
    0xc0, 0x3, 0xfe, 0x4, 0x4, 0x93, 0x31, 0x80,

    /* U+7977 "祷" */
    0x81, 0x9, 0xff, 0x84, 0x17, 0xf4, 0x20, 0xdf,
    0xf5, 0x12, 0x7f, 0x54, 0x48, 0x49, 0x3, 0x0,

    /* U+7978 "祸" */
    0x87, 0xc8, 0x8b, 0x91, 0x13, 0xe4, 0x10, 0xdf,
    0xf6, 0x4a, 0x55, 0x4c, 0x69, 0x5, 0x21, 0x80,

    /* U+7981 "禁" */
    0x20, 0x9f, 0x7d, 0xc7, 0x55, 0x52, 0x8, 0xff,
    0x80, 0x7, 0xff, 0x4, 0x4, 0x93, 0x31, 0x80,

    /* U+7984 "禄" */
    0x87, 0xc8, 0xb, 0x9f, 0x10, 0x24, 0xfe, 0x82,
    0x3a, 0x4a, 0xaa, 0x43, 0x88, 0xa9, 0x2c, 0x80,

    /* U+798F "福" */
    0x8f, 0xe8, 0x3, 0x9f, 0x12, 0x24, 0x7c, 0xc0,
    0x37, 0xfa, 0x49, 0x4f, 0xe9, 0x25, 0x3f, 0x80,

    /* U+79B9 "禹" */
    0x3, 0xcf, 0x80, 0x10, 0x3f, 0xe4, 0x44, 0xff,
    0x81, 0x7, 0xff, 0x85, 0x37, 0xd6, 0x1, 0x80,

    /* U+79BB "离" */
    0x4, 0x1f, 0xfc, 0x44, 0x27, 0x25, 0x14, 0xff,
    0x81, 0x7, 0xff, 0x91, 0x37, 0xd6, 0x1, 0x80,

    /* U+79BD "禽" */
    0xe, 0x6, 0x33, 0x11, 0xbf, 0xe1, 0x10, 0x94,
    0x9f, 0xf0, 0x40, 0xff, 0xf2, 0x26, 0xfa, 0x80,

    /* U+79BE "禾" */
    0x3, 0xcf, 0x80, 0x10, 0x2, 0xf, 0xfe, 0x1c,
    0x5, 0x41, 0x24, 0x44, 0x50, 0x84, 0x10, 0x0,

    /* U+79C0 "秀" */
    0x7f, 0xc0, 0x83, 0xff, 0x8a, 0x82, 0x49, 0x88,
    0xdf, 0xe0, 0x84, 0x10, 0xe4, 0x7, 0x7, 0x0,

    /* U+79C1 "私" */
    0x19, 0x1c, 0x20, 0x84, 0x10, 0x8f, 0x90, 0x44,
    0x1c, 0x93, 0x52, 0xa4, 0x24, 0x9c, 0xbc, 0x80,

    /* U+79C3 "秃" */
    0x3, 0xcf, 0x80, 0x10, 0x7f, 0xf1, 0x50, 0x49,
    0x37, 0xd8, 0x88, 0x11, 0x4, 0x27, 0x7, 0x80,

    /* U+79C6 "秆" */
    0x17, 0xdc, 0x20, 0x84, 0x10, 0x8f, 0x10, 0x5f,
    0xd8, 0x43, 0x88, 0xa1, 0x4, 0x20, 0x84, 0x0,

    /* U+79C9 "秉" */
    0x3, 0xcf, 0x80, 0x10, 0x7f, 0xf0, 0x45, 0xff,
    0xc1, 0x13, 0xfe, 0x15, 0x4, 0x93, 0x11, 0x80,

    /* U+79CB "秋" */
    0x11, 0x1c, 0x20, 0x94, 0x92, 0x9e, 0x94, 0x42,
    0x18, 0x43, 0x94, 0xa2, 0x84, 0x88, 0xa0, 0x80,

    /* U+79CD "种" */
    0x11, 0x1c, 0x20, 0xbf, 0x94, 0x9f, 0x92, 0x52,
    0x5b, 0xfb, 0x88, 0xa1, 0x4, 0x20, 0x84, 0x0,

    /* U+79D1 "科" */
    0x10, 0x5c, 0x48, 0x85, 0x10, 0x2f, 0x44, 0x44,
    0x98, 0x1b, 0x8e, 0xa6, 0x44, 0x8, 0x81, 0x0,

    /* U+79D2 "秒" */
    0x11, 0x1c, 0x20, 0x95, 0x12, 0x9f, 0x52, 0x52,
    0x18, 0x4b, 0x82, 0xa0, 0x84, 0x60, 0xb0, 0x0,

    /* U+79D8 "秘" */
    0x12, 0x1c, 0x24, 0x80, 0x91, 0x2f, 0x24, 0x55,
    0x1a, 0xab, 0x99, 0xa2, 0x4, 0xc4, 0xa7, 0x80,

    /* U+79DF "租" */
    0x17, 0xdc, 0x88, 0x91, 0x13, 0xef, 0x44, 0x48,
    0x99, 0xf3, 0xa2, 0xa4, 0x44, 0x88, 0xbf, 0x80,

    /* U+79E4 "秤" */
    0x1f, 0xfc, 0x20, 0xa4, 0x92, 0xaf, 0x10, 0x5f,
    0xd8, 0x43, 0x88, 0xa1, 0x4, 0x20, 0x84, 0x0,

    /* U+79E6 "秦" */
    0x4, 0xf, 0xf8, 0x20, 0x3f, 0xe1, 0x1, 0xff,
    0xcb, 0xa2, 0x22, 0xbf, 0xa2, 0xa1, 0x93, 0x0,

    /* U+79E7 "秧" */
    0x11, 0x1c, 0x20, 0x9f, 0x12, 0xaf, 0x54, 0x4a,
    0x9b, 0xfb, 0x88, 0xa2, 0x84, 0x88, 0xa0, 0x80,

    /* U+79E9 "秩" */
    0x15, 0x1c, 0xa0, 0x9f, 0x14, 0x8f, 0x10, 0x42,
    0x1b, 0xfb, 0x88, 0xa2, 0x84, 0x88, 0xa0, 0x80,

    /* U+79EF "积" */
    0x17, 0xdc, 0x88, 0x91, 0x12, 0x2f, 0x44, 0x4f,
    0x98, 0x3, 0x80, 0xa2, 0x84, 0x88, 0xa0, 0x80,

    /* U+79F0 "称" */
    0x14, 0x1c, 0xfc, 0x90, 0x94, 0x9f, 0x10, 0x4a,
    0x9d, 0x53, 0x49, 0xa9, 0x24, 0x20, 0x8c, 0x0,

    /* U+79F8 "秸" */
    0x11, 0x1c, 0x20, 0xbf, 0x90, 0x8f, 0x10, 0x4f,
    0x98, 0x3, 0xbe, 0xa4, 0x44, 0x88, 0x9f, 0x0,

    /* U+79FB "移" */
    0x11, 0x1c, 0x7c, 0xb0, 0x91, 0x2f, 0x18, 0x5c,
    0x18, 0xfb, 0x61, 0xb2, 0x44, 0x30, 0xb8, 0x0,

    /* U+79FD "秽" */
    0x19, 0x3d, 0x24, 0xbf, 0x91, 0xf, 0x40, 0x5f,
    0xdd, 0xb, 0x12, 0xa1, 0x44, 0x30, 0xb8, 0x0,

    /* U+7A00 "稀" */
    0x16, 0x7c, 0x30, 0x99, 0x90, 0x8f, 0x7e, 0x45,
    0x19, 0xfb, 0x65, 0xb4, 0xa4, 0x9c, 0x82, 0x0,

    /* U+7A0B "程" */
    0x17, 0xdc, 0x88, 0x91, 0x13, 0xef, 0x0, 0x5f,
    0xd8, 0x43, 0xbe, 0xa1, 0x4, 0x20, 0xbf, 0x80,

    /* U+7A0D "稍" */
    0x19, 0x3c, 0xa8, 0x84, 0x17, 0xff, 0x82, 0x5f,
    0xda, 0xb, 0xff, 0xa8, 0x25, 0x4, 0xa1, 0x80,

    /* U+7A0E "税" */
    0x14, 0x5c, 0x50, 0x9f, 0x12, 0x2f, 0x44, 0x48,
    0x99, 0xf3, 0x94, 0xa2, 0xa4, 0x94, 0xa3, 0x80,

    /* U+7A17 "稗" */
    0x12, 0x1d, 0xfc, 0xa4, 0x97, 0xff, 0x92, 0x5f,
    0xd8, 0xa3, 0xa4, 0xaf, 0xe4, 0x10, 0x82, 0x0,

    /* U+7A1A "稚" */
    0x12, 0x9c, 0x50, 0x9f, 0x96, 0x4f, 0x7e, 0x49,
    0x19, 0x23, 0xbf, 0xa4, 0x84, 0x90, 0x9f, 0x80,

    /* U+7A20 "稠" */
    0x17, 0xfc, 0xa4, 0x9e, 0x92, 0x9f, 0x7a, 0x48,
    0x59, 0xeb, 0xb5, 0xa7, 0xa4, 0x84, 0xa1, 0x80,

    /* U+7A33 "稳" */
    0x13, 0xdc, 0x88, 0xbf, 0x90, 0x1f, 0xfe, 0x40,
    0x5b, 0xfb, 0x90, 0xa5, 0x45, 0x94, 0xde, 0x80,

    /* U+7A3B "稻" */
    0x10, 0x7d, 0xf0, 0x88, 0x94, 0xaf, 0x20, 0x59,
    0xda, 0xb, 0x77, 0xb8, 0x25, 0x4, 0xbf, 0x80,

    /* U+7A3C "稼" */
    0x11, 0x1d, 0xfc, 0xa0, 0x93, 0xef, 0x10, 0x45,
    0x5b, 0x73, 0x94, 0xad, 0xc4, 0x54, 0xb6, 0x0,

    /* U+7A3D "稽" */
    0x19, 0x5d, 0xfc, 0x8a, 0x16, 0x7f, 0x78, 0x48,
    0x59, 0xfb, 0x80, 0xa7, 0xf4, 0x84, 0x9f, 0x80,

    /* U+7A3F "稿" */
    0x11, 0x1d, 0xfc, 0x91, 0x13, 0xef, 0x0, 0x5f,
    0xda, 0xb, 0xdd, 0xaa, 0xa5, 0x74, 0xa1, 0x80,

    /* U+7A46 "穆" */
    0x1a, 0x1d, 0xfc, 0xa0, 0x97, 0xff, 0x10, 0x4a,
    0x9a, 0xcb, 0x86, 0xa7, 0x34, 0x18, 0xbc, 0x0,

    /* U+7A57 "穗" */
    0x11, 0x1d, 0xfc, 0x95, 0x13, 0xef, 0x54, 0x4f,
    0x98, 0x53, 0x7d, 0xb1, 0x5, 0x48, 0xae, 0x80,

    /* U+7A74 "穴" */
    0x8, 0x0, 0x83, 0xff, 0xc0, 0x18, 0x2, 0x22,
    0x4, 0x41, 0x4, 0x20, 0x88, 0xa, 0x0, 0x80,

    /* U+7A76 "究" */
    0x4, 0x1f, 0xfe, 0x44, 0x90, 0x4c, 0x86, 0x10,
    0x1f, 0xe0, 0x44, 0x10, 0xa4, 0x17, 0x3, 0x80,

    /* U+7A77 "穷" */
    0x4, 0x1f, 0xfe, 0x44, 0x90, 0x4c, 0x86, 0x10,
    0x3f, 0xf0, 0x42, 0x10, 0x44, 0xb, 0x6, 0x0,

    /* U+7A7A "空" */
    0x4, 0x1f, 0xfe, 0x0, 0x88, 0x82, 0x9, 0x80,
    0xdf, 0xf0, 0x20, 0x4, 0x0, 0x83, 0xff, 0x80,

    /* U+7A7F "穿" */
    0x4, 0x1f, 0xfe, 0x44, 0x90, 0x47, 0xfc, 0x42,
    0x10, 0x43, 0xff, 0x9, 0x6, 0x23, 0xc, 0x0,

    /* U+7A81 "突" */
    0x4, 0x1f, 0xfe, 0x44, 0x90, 0x4c, 0x56, 0x9,
    0x3f, 0xf8, 0x20, 0xa, 0x6, 0x33, 0x1, 0x80,

    /* U+7A83 "窃" */
    0x4, 0x1f, 0xfe, 0x44, 0xb0, 0x60, 0x0, 0x9f,
    0xdc, 0x8e, 0x11, 0x54, 0x2c, 0x84, 0x23, 0x0,

    /* U+7A84 "窄" */
    0x4, 0x1f, 0xfe, 0x44, 0xb0, 0x61, 0x0, 0x3f,
    0xca, 0x6, 0x7e, 0x8, 0x1, 0xf8, 0x20, 0x0,

    /* U+7A8D "窍" */
    0x4, 0x1f, 0xfe, 0x44, 0x90, 0x4f, 0x7e, 0x44,
    0x9, 0x1, 0x3f, 0x20, 0x26, 0x7, 0x7, 0x0,

    /* U+7A91 "窑" */
    0x4, 0x1f, 0xfe, 0x44, 0x90, 0x43, 0xfc, 0x88,
    0x1, 0x7, 0xff, 0x4, 0x8, 0x89, 0xff, 0x0,

    /* U+7A92 "窒" */
    0x4, 0x1f, 0xfe, 0x44, 0xb0, 0x60, 0x0, 0xff,
    0x82, 0x0, 0x84, 0x7f, 0x40, 0x83, 0xff, 0x80,

    /* U+7A96 "窖" */
    0x4, 0x1f, 0xfe, 0x44, 0xb2, 0x63, 0xf8, 0x88,
    0x3f, 0xf8, 0x0, 0x7f, 0xc8, 0x9, 0xff, 0x0,

    /* U+7A97 "窗" */
    0x4, 0x1f, 0xfe, 0x28, 0xb9, 0xe0, 0x40, 0xff,
    0x92, 0x53, 0x92, 0x4e, 0x4a, 0x29, 0xff, 0x0,

    /* U+7A98 "窘" */
    0x4, 0x1f, 0xfe, 0x28, 0x89, 0x7, 0xfc, 0x11,
    0x3f, 0xf8, 0x44, 0x3f, 0xdc, 0x8, 0xff, 0x0,

    /* U+7A9C "窜" */
    0x4, 0x1f, 0xfe, 0x44, 0x90, 0x4c, 0x46, 0x7f,
    0x9, 0x23, 0xfe, 0x44, 0x4f, 0xf8, 0x10, 0x0,

    /* U+7A9D "窝" */
    0x4, 0x1f, 0xfe, 0x82, 0xbf, 0xea, 0xa, 0x7f,
    0x1, 0x3, 0xfe, 0x4a, 0x4e, 0x39, 0x1, 0x0,

    /* U+7A9F "窟" */
    0x4, 0x1f, 0xfe, 0x44, 0x90, 0x47, 0xfe, 0x80,
    0x5f, 0xfa, 0x92, 0x5f, 0xd4, 0x46, 0xff, 0x80,

    /* U+7AA5 "窥" */
    0x4, 0x1f, 0xfe, 0x44, 0xb0, 0x42, 0x7d, 0xe8,
    0x89, 0x57, 0xaa, 0x21, 0xa, 0x56, 0x33, 0x80,

    /* U+7ABF "窿" */
    0x4, 0x1f, 0xfe, 0x44, 0x90, 0x4e, 0x3d, 0x58,
    0xb0, 0xe5, 0x6b, 0xa7, 0xdd, 0x22, 0x3f, 0x80,

    /* U+7ACB "立" */
    0x8, 0x0, 0x83, 0xff, 0x80, 0x2, 0x8, 0x41,
    0x4, 0x20, 0x88, 0x11, 0x0, 0x43, 0xff, 0x80,

    /* U+7AD6 "竖" */
    0x17, 0xf2, 0x86, 0x49, 0x48, 0xc9, 0x66, 0x20,
    0x1, 0x3, 0xfe, 0x20, 0x82, 0x23, 0xff, 0x80,

    /* U+7AD9 "站" */
    0x41, 0x4, 0x23, 0xe7, 0x80, 0x89, 0x10, 0xa2,
    0x15, 0xf9, 0x21, 0x3c, 0x38, 0x84, 0x1f, 0x80,

    /* U+7ADE "竞" */
    0x4, 0xf, 0xf8, 0x44, 0x7f, 0xf0, 0x0, 0x7f,
    0x8, 0x21, 0xfc, 0x11, 0x4, 0x27, 0x7, 0x80,

    /* U+7ADF "竟" */
    0x4, 0xf, 0xf8, 0x44, 0x7f, 0xf2, 0x8, 0x7f,
    0x8, 0x21, 0xfc, 0x11, 0x4, 0x27, 0x7, 0x80,

    /* U+7AE0 "章" */
    0x4, 0xf, 0xf8, 0x44, 0x7f, 0xf2, 0x8, 0x7f,
    0x8, 0x21, 0xfc, 0x4, 0x1f, 0xfc, 0x10, 0x0,

    /* U+7AE3 "竣" */
    0x42, 0x48, 0x8b, 0xff, 0x91, 0x4a, 0x2b, 0x58,
    0xe8, 0xf5, 0x62, 0x24, 0x9e, 0x70, 0x31, 0x80,

    /* U+7AE5 "童" */
    0x4, 0xf, 0xf8, 0x44, 0x7f, 0xf2, 0x48, 0x7f,
    0x9, 0x21, 0x24, 0x7f, 0xc0, 0x83, 0xff, 0x80,

    /* U+7AED "竭" */
    0x8f, 0xc9, 0xb, 0xbf, 0x4, 0x2a, 0xfd, 0x48,
    0x2b, 0xfa, 0x89, 0x6a, 0xb1, 0xf4, 0x1, 0x80,

    /* U+7AEF "端" */
    0x89, 0x29, 0x27, 0xbf, 0x80, 0xa, 0xff, 0x42,
    0x2b, 0xfa, 0x55, 0x6a, 0xb1, 0x54, 0x21, 0x80,

    /* U+7AF9 "竹" */
    0x21, 0x4, 0x20, 0xf7, 0xa9, 0x29, 0x44, 0x20,
    0x84, 0x10, 0x82, 0x10, 0x42, 0x8, 0x47, 0x0,

    /* U+7AFF "竿" */
    0x42, 0xf, 0x7e, 0x52, 0x0, 0x7, 0xfc, 0x8,
    0x1, 0x7, 0xff, 0x4, 0x0, 0x80, 0x10, 0x0,

    /* U+7B06 "笆" */
    0x42, 0xf, 0x7e, 0x52, 0x0, 0x7, 0xfc, 0x88,
    0x91, 0x13, 0xfe, 0x40, 0x8, 0x4, 0xff, 0x80,

    /* U+7B0B "笋" */
    0x42, 0xf, 0x7e, 0x52, 0x3f, 0xe0, 0x45, 0xff,
    0xc1, 0x13, 0xfe, 0x8, 0x6, 0x3, 0x0, 0x0,

    /* U+7B11 "笑" */
    0x42, 0xf, 0x7e, 0x52, 0x0, 0x0, 0x3c, 0xf8,
    0x1, 0x7, 0xff, 0xa, 0x6, 0x33, 0x1, 0x80,

    /* U+7B14 "笔" */
    0x42, 0xf, 0x7e, 0x52, 0x3, 0xe7, 0x80, 0x1f,
    0x9e, 0x0, 0x7f, 0xf8, 0x1, 0x4, 0x1f, 0x80,

    /* U+7B1B "笛" */
    0x42, 0xf, 0x7e, 0x52, 0x2, 0x7, 0xfc, 0x88,
    0x91, 0x13, 0xfe, 0x44, 0x48, 0x89, 0xff, 0x0,

    /* U+7B26 "符" */
    0x42, 0xf, 0x7e, 0x52, 0x10, 0x2, 0x8, 0x9f,
    0xf0, 0x22, 0x44, 0x44, 0x88, 0x11, 0xe, 0x0,

    /* U+7B28 "笨" */
    0x42, 0xf, 0x7e, 0x52, 0x0, 0x0, 0x41, 0xff,
    0xc3, 0x80, 0xa8, 0x24, 0x9b, 0xec, 0x10, 0x0,

    /* U+7B2C "第" */
    0x42, 0xf, 0x7e, 0x52, 0x3f, 0xe0, 0x44, 0xff,
    0x91, 0x3, 0xff, 0x14, 0x24, 0x87, 0x13, 0x0,

    /* U+7B3A "笺" */
    0x42, 0xf, 0x7e, 0x52, 0x2, 0x20, 0x7f, 0xf8,
    0x1, 0xff, 0xe2, 0x2, 0x81, 0xe7, 0xc3, 0x80,

    /* U+7B3C "笼" */
    0x42, 0xf, 0x7e, 0x52, 0x4, 0x80, 0x89, 0xff,
    0xc2, 0x80, 0x94, 0x13, 0x4, 0xc7, 0x2f, 0x80,

    /* U+7B49 "等" */
    0x42, 0xf, 0x7e, 0x52, 0x3f, 0xe0, 0x41, 0xff,
    0xc0, 0x27, 0xff, 0x10, 0x81, 0x10, 0xe, 0x0,

    /* U+7B4B "筋" */
    0x42, 0xf, 0x7e, 0x52, 0x0, 0x87, 0x90, 0x9f,
    0xde, 0x4a, 0x49, 0x7a, 0x29, 0x46, 0x73, 0x0,

    /* U+7B4F "筏" */
    0x42, 0xf, 0x7e, 0x52, 0x10, 0x82, 0x12, 0x9f,
    0xf0, 0x42, 0xa, 0x40, 0x88, 0x69, 0x30, 0x80,

    /* U+7B50 "筐" */
    0x42, 0xf, 0x7e, 0x52, 0x0, 0x7, 0xfc, 0x80,
    0x17, 0xf2, 0x10, 0x5f, 0xc8, 0x41, 0xff, 0x0,

    /* U+7B51 "筑" */
    0x42, 0xf, 0x7e, 0x52, 0x0, 0xf, 0x7c, 0x44,
    0x89, 0x91, 0x1a, 0x32, 0x58, 0x88, 0x61, 0x80,

    /* U+7B52 "筒" */
    0x42, 0xf, 0x7e, 0x52, 0x3f, 0xe4, 0x4, 0xbe,
    0x90, 0x12, 0xfa, 0x51, 0x4b, 0xe9, 0x3, 0x0,

    /* U+7B54 "答" */
    0x42, 0xf, 0x7e, 0x52, 0x7, 0x3, 0x19, 0xbe,
    0xc0, 0x3, 0xfe, 0x40, 0x48, 0x9, 0xff, 0x0,

    /* U+7B56 "策" */
    0x42, 0xf, 0x7e, 0x52, 0x7f, 0xf0, 0x40, 0xff,
    0x91, 0x12, 0x26, 0xe, 0x6, 0xb3, 0x11, 0x80,

    /* U+7B5B "筛" */
    0x42, 0xf, 0x7e, 0x52, 0x0, 0x2, 0xff, 0x42,
    0x2b, 0xfd, 0x49, 0x29, 0x29, 0x2e, 0x4, 0x0,

    /* U+7B77 "筷" */
    0x42, 0xf, 0x7e, 0x52, 0x10, 0x82, 0x7d, 0x42,
    0xac, 0x55, 0x7f, 0x21, 0x4, 0x50, 0xb1, 0x80,

    /* U+7B79 "筹" */
    0x42, 0xf, 0x7e, 0x52, 0x2, 0x7, 0xfc, 0x10,
    0x3f, 0xf8, 0x84, 0x3f, 0xe9, 0x12, 0x16, 0x0,

    /* U+7B7E "签" */
    0x42, 0xf, 0x7e, 0x52, 0x5, 0x3, 0x19, 0xbe,
    0xc0, 0x12, 0x44, 0x24, 0x80, 0x23, 0xff, 0x80,

    /* U+7B80 "简" */
    0x42, 0xf, 0x7e, 0x52, 0x2f, 0xe0, 0x4, 0xbe,
    0x94, 0x52, 0xfa, 0x51, 0x4b, 0xe9, 0x3, 0x0,

    /* U+7B8D "箍" */
    0x42, 0xf, 0x7e, 0x52, 0x0, 0x2, 0xff, 0xf1,
    0xa, 0xf9, 0xd5, 0xea, 0xe5, 0x11, 0xbf, 0x80,

    /* U+7B94 "箔" */
    0x42, 0xf, 0x7e, 0x52, 0x21, 0x2, 0xff, 0x10,
    0x52, 0x8, 0x7f, 0x28, 0x29, 0x6, 0x3f, 0x80,

    /* U+7B95 "箕" */
    0x42, 0xf, 0x7e, 0x52, 0x10, 0x4f, 0xfe, 0x41,
    0xf, 0xe1, 0x4, 0xff, 0xe4, 0x13, 0x1, 0x80,

    /* U+7B97 "算" */
    0x42, 0xf, 0x7e, 0x52, 0x3f, 0xe4, 0x4, 0xff,
    0x90, 0x13, 0xfe, 0x11, 0x1f, 0xfc, 0x84, 0x0,

    /* U+7BA1 "管" */
    0x42, 0xf, 0x7e, 0x52, 0x7f, 0xfa, 0xa, 0x7f,
    0x8, 0x1, 0xfe, 0x20, 0x44, 0x8, 0xff, 0x0,

    /* U+7BA9 "箩" */
    0x42, 0xf, 0x7e, 0x52, 0x3f, 0xe4, 0xa4, 0xff,
    0x82, 0x0, 0xfe, 0x64, 0x80, 0x60, 0xf0, 0x0,

    /* U+7BAD "箭" */
    0x42, 0xf, 0x7e, 0x52, 0x10, 0x8f, 0xfe, 0x0,
    0x1f, 0x52, 0x2a, 0x7d, 0x48, 0xa9, 0x33, 0x0,

    /* U+7BB1 "箱" */
    0x42, 0xf, 0x7e, 0x52, 0x0, 0x2, 0x3f, 0xf4,
    0x48, 0xfb, 0x91, 0x6b, 0xf4, 0x44, 0x8f, 0x80,

    /* U+7BC6 "篆" */
    0x42, 0xf, 0x7e, 0x52, 0xf, 0xc2, 0x11, 0xff,
    0xc5, 0x23, 0x28, 0x1a, 0x9c, 0x4c, 0x30, 0x0,

    /* U+7BC7 "篇" */
    0x42, 0xf, 0x7e, 0x52, 0x3f, 0xf4, 0x2, 0xff,
    0xd0, 0x2, 0xff, 0x54, 0xab, 0xfe, 0x52, 0x80,

    /* U+7BD3 "篓" */
    0x42, 0xf, 0x7e, 0x92, 0xa, 0x8f, 0xfe, 0x2a,
    0x19, 0x37, 0xff, 0x10, 0x83, 0xe3, 0x83, 0x80,

    /* U+7BD9 "篙" */
    0x42, 0xf, 0x7e, 0x52, 0x7f, 0xf2, 0x8, 0x7f,
    0x0, 0x7, 0xff, 0x91, 0x33, 0xe6, 0x1, 0x80,

    /* U+7BE1 "篡" */
    0x42, 0xf, 0x7e, 0x52, 0x3f, 0xe4, 0x4, 0xff,
    0x90, 0x17, 0xff, 0x28, 0x9a, 0x2c, 0xfa, 0x0,

    /* U+7BEE "篮" */
    0x42, 0xf, 0x7e, 0x92, 0x9, 0x9, 0x3f, 0x29,
    0x24, 0x13, 0xfe, 0x4a, 0x49, 0x4b, 0xff, 0x80,

    /* U+7BF1 "篱" */
    0x42, 0xf, 0x7e, 0x52, 0x7f, 0xf1, 0x10, 0x9c,
    0x94, 0x57, 0xff, 0x91, 0x37, 0xd6, 0x1, 0x80,

    /* U+7BF7 "篷" */
    0x42, 0xf, 0x7e, 0x51, 0x3, 0xc9, 0x88, 0x8e,
    0x6, 0x3e, 0x10, 0x5f, 0xc8, 0x42, 0xff, 0x80,

    /* U+7C07 "簇" */
    0x42, 0xf, 0x7e, 0x52, 0x23, 0xff, 0xa0, 0x87,
    0xdd, 0x24, 0xbf, 0x90, 0x82, 0x29, 0x98, 0x80,

    /* U+7C27 "簧" */
    0x42, 0xf, 0x7e, 0x54, 0x3f, 0xe1, 0x11, 0xff,
    0xd1, 0x13, 0xfe, 0x44, 0x4f, 0xfb, 0x1, 0x80,

    /* U+7C3F "簿" */
    0x42, 0xf, 0x7e, 0x52, 0x41, 0x25, 0xfe, 0x14,
    0xa3, 0xf2, 0x52, 0x1f, 0xe8, 0x8a, 0xb, 0x0,

    /* U+7C4D "籍" */
    0x42, 0xf, 0x7e, 0x52, 0x11, 0x2f, 0x7e, 0x44,
    0xbd, 0xf9, 0x21, 0x77, 0xf4, 0x84, 0x9f, 0x80,

    /* U+7C73 "米" */
    0x44, 0x44, 0x90, 0x54, 0x2, 0xf, 0xfe, 0x8,
    0x3, 0x80, 0xa8, 0x24, 0x98, 0x8c, 0x10, 0x0,

    /* U+7C7B "类" */
    0x44, 0x44, 0x93, 0xff, 0x87, 0x3, 0x59, 0x88,
    0xc1, 0x7, 0xff, 0xa, 0x6, 0x33, 0x1, 0x80,

    /* U+7C7D "籽" */
    0x27, 0xd6, 0x9, 0x82, 0x10, 0x8f, 0x10, 0x5f,
    0xd8, 0x43, 0x88, 0xa1, 0x4, 0x20, 0x9c, 0x0,

    /* U+7C89 "粉" */
    0x22, 0x96, 0x51, 0x91, 0x12, 0x2f, 0x82, 0x4f,
    0x98, 0x93, 0x92, 0xa4, 0x44, 0x88, 0xa6, 0x0,

    /* U+7C92 "粒" */
    0x22, 0x16, 0x21, 0xbf, 0x90, 0xf, 0x44, 0x48,
    0x98, 0x93, 0x92, 0xa2, 0x84, 0x10, 0xbf, 0x80,

    /* U+7C95 "粕" */
    0x20, 0x96, 0x21, 0x9f, 0x92, 0x1f, 0x42, 0x48,
    0x59, 0xfb, 0xa1, 0xa4, 0x24, 0x84, 0x9f, 0x80,

    /* U+7C97 "粗" */
    0x27, 0xd6, 0x89, 0x91, 0x13, 0xef, 0x44, 0x48,
    0x99, 0xf3, 0xa2, 0xa4, 0x44, 0x88, 0xbf, 0x80,

    /* U+7C98 "粘" */
    0x21, 0x15, 0x21, 0xc7, 0x90, 0x8f, 0x90, 0x42,
    0x19, 0xfb, 0xa1, 0xac, 0x24, 0x84, 0x9f, 0x80,

    /* U+7C9F "粟" */
    0xff, 0xe1, 0x41, 0xff, 0x25, 0x24, 0xa4, 0xff,
    0x89, 0x27, 0xff, 0x15, 0x4, 0x93, 0x11, 0x80,

    /* U+7CA4 "粤" */
    0x8, 0xf, 0xf9, 0x55, 0x3f, 0xe5, 0x54, 0xc9,
    0xbf, 0xf9, 0x0, 0x3f, 0xc0, 0x8, 0xe, 0x0,

    /* U+7CA5 "粥" */
    0xe4, 0xe6, 0xa4, 0xb8, 0xf2, 0x79, 0xf9, 0x9,
    0x39, 0x39, 0x71, 0x35, 0x24, 0x87, 0x13, 0x0,

    /* U+7CAA "粪" */
    0x44, 0x44, 0x93, 0xff, 0x8a, 0x8e, 0x4e, 0x22,
    0x1f, 0xf0, 0x88, 0xff, 0xe4, 0x13, 0x1, 0x80,

    /* U+7CAE "粮" */
    0x21, 0x16, 0xfd, 0x90, 0x93, 0xff, 0x42, 0x4f,
    0xd9, 0x23, 0xa5, 0xa4, 0x44, 0xa8, 0x98, 0x80,

    /* U+7CB1 "粱" */
    0x27, 0xd2, 0x29, 0x15, 0x94, 0xa4, 0x25, 0x49,
    0x85, 0x47, 0xff, 0xd, 0x6, 0x93, 0x11, 0x80,

    /* U+7CB3 "粳" */
    0x2f, 0xf6, 0x21, 0xbf, 0x94, 0x9f, 0xfe, 0x52,
    0x5b, 0xfb, 0xa8, 0xa2, 0x4, 0xa0, 0xa3, 0x80,

    /* U+7CB9 "粹" */
    0x21, 0x15, 0xfd, 0xc0, 0x12, 0x2f, 0x44, 0x55,
    0x58, 0x43, 0x7f, 0xb1, 0x4, 0x20, 0x84, 0x0,

    /* U+7CBE "精" */
    0x21, 0x16, 0xf9, 0x84, 0x13, 0xef, 0x10, 0x5f,
    0xd9, 0x13, 0xbe, 0xa4, 0x44, 0xf8, 0x91, 0x0,

    /* U+7CCA "糊" */
    0x24, 0xf4, 0x95, 0xfe, 0x92, 0x7f, 0x4a, 0x49,
    0x5b, 0xbb, 0xd5, 0xaa, 0xa5, 0x54, 0xbd, 0x80,

    /* U+7CD5 "糕" */
    0x24, 0x56, 0x51, 0xbf, 0x90, 0x8f, 0x10, 0x4f,
    0x98, 0x43, 0x7f, 0xb0, 0x4, 0xa8, 0xa2, 0x80,

    /* U+7CD6 "糖" */
    0x21, 0x15, 0xfd, 0xe2, 0x15, 0xff, 0x8a, 0x5f,
    0xda, 0x2b, 0xdf, 0xaa, 0x25, 0x44, 0xcf, 0x80,

    /* U+7CD9 "糙" */
    0x29, 0x56, 0xbd, 0x89, 0x10, 0x2f, 0xde, 0x48,
    0x19, 0x7b, 0xa9, 0xa5, 0xe5, 0x40, 0xa7, 0x80,

    /* U+7CDC "糜" */
    0x2, 0xf, 0xfd, 0x22, 0x3f, 0xf5, 0xdc, 0xd5,
    0x54, 0x92, 0x54, 0x7f, 0xe9, 0x52, 0xc9, 0x80,

    /* U+7CDF "糟" */
    0x22, 0x95, 0xfd, 0xca, 0x17, 0xff, 0xaa, 0x5f,
    0xda, 0xab, 0x7f, 0xb4, 0x44, 0x88, 0x9f, 0x0,

    /* U+7CE0 "糠" */
    0x21, 0x15, 0xfd, 0xe2, 0x15, 0xff, 0x8a, 0x5f,
    0xda, 0x2b, 0xdf, 0xac, 0xa5, 0x58, 0xd6, 0x80,

    /* U+7CEF "糯" */
    0x2f, 0xf6, 0x21, 0xbf, 0x94, 0x9f, 0x54, 0x40,
    0x1b, 0xfb, 0x88, 0xaf, 0xe5, 0x54, 0xaa, 0x80,

    /* U+7CFB "系" */
    0x1, 0xcf, 0xc0, 0x22, 0x19, 0x80, 0xc0, 0x60,
    0xbf, 0xe8, 0x20, 0x24, 0x98, 0x8c, 0x70, 0x0,

    /* U+7D0A "紊" */
    0x4, 0x1f, 0xfc, 0x82, 0xf, 0x8e, 0xe, 0x22,
    0x19, 0x80, 0xc2, 0xff, 0xa4, 0x93, 0x31, 0x80,

    /* U+7D20 "素" */
    0x4, 0xf, 0xf8, 0x10, 0x1f, 0xc0, 0x41, 0xff,
    0xc4, 0x81, 0x22, 0xff, 0xa4, 0x93, 0x31, 0x80,

    /* U+7D22 "索" */
    0x4, 0x1f, 0xfc, 0x10, 0x7f, 0xf9, 0x12, 0xcc,
    0x6, 0x17, 0xfd, 0x4, 0x4, 0x93, 0x31, 0x80,

    /* U+7D27 "紧" */
    0x17, 0xf2, 0x6, 0x49, 0x48, 0xc9, 0x66, 0x12,
    0x4, 0x97, 0xff, 0x4, 0x4, 0x93, 0x11, 0x80,

    /* U+7D2B "紫" */
    0x22, 0x17, 0x7e, 0x88, 0x5f, 0x1e, 0x3e, 0x24,
    0x9, 0x17, 0xff, 0x4, 0x8, 0x8a, 0x10, 0x80,

    /* U+7D2F "累" */
    0x7f, 0xc8, 0x89, 0xff, 0x22, 0x27, 0xfc, 0x22,
    0x19, 0x80, 0xc2, 0xff, 0xa4, 0x93, 0x31, 0x80,

    /* U+7D6E "絮" */
    0x20, 0x1f, 0x7d, 0x28, 0x99, 0x1c, 0xbe, 0x22,
    0x19, 0x80, 0xc2, 0xff, 0xa4, 0x93, 0x31, 0x80,

    /* U+7E41 "繁" */
    0x40, 0x9f, 0xdd, 0x56, 0xff, 0x55, 0x44, 0xfb,
    0x44, 0x81, 0x22, 0xff, 0xa4, 0x93, 0x31, 0x80,

    /* U+7E82 "纂" */
    0x42, 0xf, 0x7e, 0x52, 0x3f, 0xe4, 0x4, 0xff,
    0x90, 0x17, 0xff, 0x24, 0x9a, 0xac, 0xb2, 0x0,

    /* U+7EA0 "纠" */
    0x20, 0x24, 0x45, 0x8, 0xc9, 0x1e, 0x22, 0x44,
    0x50, 0x8f, 0x97, 0x3, 0x26, 0x7, 0x0, 0x80,

    /* U+7EA2 "红" */
    0x2f, 0xe4, 0x21, 0x4, 0x48, 0x8e, 0x10, 0x42,
    0x10, 0x47, 0x88, 0x1, 0x6, 0x23, 0x3f, 0x80,

    /* U+7EA4 "纤" */
    0x20, 0xc4, 0xe1, 0x4, 0x48, 0x8e, 0x10, 0x5f,
    0xd0, 0x47, 0x88, 0x1, 0x6, 0x23, 0x4, 0x0,

    /* U+7EA6 "约" */
    0x44, 0x8, 0x82, 0x1f, 0xd4, 0x1d, 0x2, 0x84,
    0x60, 0x4f, 0x9, 0x0, 0x24, 0x7, 0x3, 0x0,

    /* U+7EA7 "级" */
    0x4f, 0xc8, 0x8a, 0x11, 0x52, 0x4c, 0x4e, 0x88,
    0x61, 0x8f, 0x2a, 0x8, 0x85, 0x2b, 0x58, 0x80,

    /* U+7EAA "纪" */
    0x4f, 0xc8, 0xa, 0x1, 0x50, 0x2c, 0x4, 0x9f,
    0xa2, 0x7, 0x40, 0x8, 0x25, 0x7, 0x1f, 0x80,

    /* U+7EAB "纫" */
    0x27, 0xe8, 0x26, 0x44, 0xfa, 0x92, 0x52, 0x92,
    0x60, 0x8f, 0x91, 0x4, 0x26, 0x8b, 0x6, 0x0,

    /* U+7EAC "纬" */
    0x42, 0x8, 0x42, 0x7f, 0xd1, 0xc, 0xfc, 0x84,
    0x27, 0xff, 0x11, 0x2, 0x24, 0x5b, 0x8, 0x0,

    /* U+7EAF "纯" */
    0x41, 0x9, 0xfe, 0x4, 0x54, 0x9c, 0x92, 0x92,
    0x63, 0xff, 0x8, 0x1, 0x4, 0x27, 0x3, 0x80,

    /* U+7EB1 "纱" */
    0x41, 0x8, 0x22, 0x25, 0x54, 0x9c, 0x92, 0xa2,
    0x20, 0x4f, 0x2, 0x0, 0x84, 0x63, 0x30, 0x0,

    /* U+7EB2 "纲" */
    0x4f, 0xe9, 0x6, 0x20, 0xd6, 0x3c, 0xaa, 0x92,
    0x62, 0xaf, 0x63, 0x8, 0x25, 0x7, 0x21, 0x80,

    /* U+7EB3 "纳" */
    0x41, 0x8, 0x22, 0x3f, 0xd4, 0x9c, 0x92, 0x95,
    0x62, 0xaf, 0x63, 0x8, 0x25, 0x7, 0x21, 0x80,

    /* U+7EB5 "纵" */
    0x24, 0x88, 0x92, 0x52, 0x7a, 0x42, 0x48, 0x89,
    0x22, 0xa7, 0xca, 0x9, 0x46, 0x47, 0x48, 0x80,

    /* U+7EB6 "纶" */
    0x41, 0x8, 0x52, 0x11, 0x54, 0x1c, 0x40, 0x88,
    0xa1, 0x27, 0x38, 0x4, 0x24, 0x87, 0xf, 0x80,

    /* U+7EB7 "纷" */
    0x44, 0x88, 0x92, 0x21, 0x54, 0x2d, 0x2, 0x9f,
    0xa1, 0x17, 0x22, 0x8, 0x45, 0xb, 0x46, 0x0,

    /* U+7EB8 "纸" */
    0x40, 0xc9, 0xe2, 0x24, 0x54, 0x8c, 0x90, 0x9f,
    0xe2, 0x47, 0x44, 0x8, 0xa5, 0x4f, 0x30, 0x80,

    /* U+7EB9 "纹" */
    0x22, 0x4, 0x21, 0x3f, 0xca, 0x2e, 0x44, 0x48,
    0x90, 0xa7, 0x94, 0x1, 0x6, 0x53, 0x31, 0x80,

    /* U+7EBA "纺" */
    0x42, 0x8, 0x22, 0x7f, 0xd2, 0xc, 0x40, 0x8f,
    0xa1, 0x17, 0x22, 0x8, 0x45, 0xb, 0x46, 0x0,

    /* U+7EBD "纽" */
    0x4f, 0xc8, 0x4a, 0x9, 0x51, 0x2c, 0x24, 0x9f,
    0xa1, 0x17, 0x22, 0x4, 0x44, 0x8b, 0x7f, 0x80,

    /* U+7EBF "线" */
    0x21, 0x44, 0x25, 0x7, 0xcb, 0x8e, 0x10, 0x43,
    0xd1, 0xc7, 0x89, 0x0, 0xc6, 0x37, 0x39, 0x80,

    /* U+7EC3 "练" */
    0x42, 0xb, 0xfe, 0x10, 0x4f, 0x8e, 0x90, 0x9f,
    0xe0, 0x47, 0x2a, 0x5, 0x25, 0x27, 0xc, 0x0,

    /* U+7EC4 "组" */
    0x4f, 0xc9, 0xa, 0x21, 0x57, 0xec, 0x84, 0x90,
    0xa3, 0xf7, 0x42, 0x8, 0x45, 0xb, 0x7f, 0x80,

    /* U+7EC5 "绅" */
    0x41, 0x8, 0x22, 0x3f, 0xd4, 0x9c, 0x92, 0x9f,
    0xe2, 0x4f, 0x49, 0xf, 0xe4, 0x23, 0x4, 0x0,

    /* U+7EC6 "细" */
    0x4f, 0xe9, 0x26, 0x24, 0xd4, 0x9c, 0x92, 0x9f,
    0xe2, 0x4f, 0x49, 0x9, 0x25, 0x27, 0x3f, 0x80,

    /* U+7EC7 "织" */
    0x27, 0xc4, 0x89, 0x11, 0x4a, 0x2e, 0x44, 0x4f,
    0x90, 0x7, 0x80, 0x2, 0x86, 0x8b, 0x20, 0x80,

    /* U+7EC8 "终" */
    0x44, 0x8, 0xfa, 0x21, 0x5a, 0x4c, 0x30, 0x89,
    0x26, 0x1f, 0x30, 0x1, 0x85, 0x83, 0xf, 0x0,

    /* U+7ECA "绊" */
    0x21, 0x5, 0x25, 0x15, 0x48, 0x8e, 0xfe, 0x42,
    0x10, 0x47, 0x7f, 0x1, 0x6, 0x23, 0x4, 0x0,

    /* U+7ECD "绍" */
    0x27, 0xe4, 0x25, 0x4, 0xc9, 0x1e, 0x46, 0x40,
    0x11, 0xff, 0xa1, 0x4, 0x26, 0x87, 0x1f, 0x80,

    /* U+7ECE "绎" */
    0x4f, 0xe9, 0x6, 0x11, 0x51, 0xcc, 0xc6, 0x82,
    0x21, 0xf7, 0x8, 0xf, 0xe4, 0x23, 0x4, 0x0,

    /* U+7ECF "经" */
    0x4f, 0xc8, 0xa, 0x2, 0x50, 0x8c, 0x68, 0xb0,
    0xe1, 0xf7, 0x8, 0x1, 0x4, 0x23, 0x3f, 0x80,

    /* U+7ED1 "绑" */
    0x44, 0xeb, 0xd6, 0x12, 0xd2, 0x5d, 0xec, 0x89,
    0x61, 0x2e, 0xf5, 0x4, 0xe4, 0x93, 0x22, 0x0,

    /* U+7ED2 "绒" */
    0x41, 0x48, 0x26, 0x3f, 0xd0, 0x8c, 0x52, 0x8a,
    0x67, 0xd7, 0x24, 0x4, 0xa5, 0x2f, 0x48, 0x80,

    /* U+7ED3 "结" */
    0x21, 0x4, 0x21, 0x3f, 0xc8, 0x8e, 0x10, 0x4f,
    0x90, 0x7, 0xbe, 0x4, 0x46, 0x8b, 0x1f, 0x0,

    /* U+7ED5 "绕" */
    0x42, 0x8, 0x4e, 0x3e, 0x51, 0x2c, 0x1a, 0x9c,
    0xe0, 0x7, 0x7f, 0x2, 0x84, 0x97, 0x63, 0x80,

    /* U+7ED8 "绘" */
    0x41, 0x8, 0x52, 0x11, 0x54, 0x1c, 0x7c, 0x80,
    0x20, 0x7, 0x7f, 0x2, 0x4, 0x8b, 0x3e, 0x80,

    /* U+7ED9 "给" */
    0x41, 0x8, 0x52, 0x11, 0x54, 0x1c, 0x7c, 0x80,
    0x23, 0xff, 0x41, 0x8, 0x25, 0x7, 0x3f, 0x80,

    /* U+7EDA "绚" */
    0x48, 0x9, 0xfe, 0x40, 0xd7, 0xdc, 0x8a, 0x9f,
    0x62, 0x2f, 0x45, 0xf, 0xa4, 0x7, 0x3, 0x0,

    /* U+7EDC "络" */
    0x44, 0x8, 0xfa, 0x21, 0x5a, 0x4c, 0x30, 0x89,
    0x26, 0x1f, 0x7e, 0x8, 0x45, 0xb, 0x3f, 0x0,

    /* U+7EDD "绝" */
    0x44, 0x8, 0xf2, 0x22, 0x4f, 0xfe, 0x92, 0x92,
    0x63, 0xff, 0x40, 0x8, 0x25, 0x7, 0x1f, 0x80,

    /* U+7EDE "绞" */
    0x41, 0x9, 0xfe, 0x0, 0x52, 0x2c, 0x82, 0xa8,
    0xa1, 0x17, 0x14, 0x1, 0x4, 0x53, 0x31, 0x80,

    /* U+7EDF "统" */
    0x42, 0xb, 0xfe, 0x10, 0x52, 0x2c, 0x84, 0xbf,
    0x61, 0x27, 0x24, 0x4, 0x85, 0x17, 0x43, 0x80,

    /* U+7EE2 "绢" */
    0x47, 0xc8, 0x8a, 0x1f, 0x50, 0xc, 0xfe, 0x90,
    0x63, 0xff, 0x41, 0xf, 0xe5, 0x7, 0x21, 0x80,

    /* U+7EE3 "绣" */
    0x47, 0xc8, 0x22, 0x3f, 0xd1, 0xcc, 0x54, 0xb2,
    0x61, 0xf7, 0x12, 0x2, 0x64, 0x87, 0x63, 0x0,

    /* U+7EE5 "绥" */
    0x40, 0xe9, 0xe2, 0x28, 0xd2, 0x9c, 0x54, 0x84,
    0x23, 0xff, 0x12, 0x6, 0x84, 0x33, 0x39, 0x80,

    /* U+7EE6 "绦" */
    0x44, 0x8, 0xfa, 0x21, 0x5a, 0x4c, 0x30, 0xb9,
    0xe0, 0x47, 0x7f, 0x1, 0x4, 0xab, 0x2c, 0x80,

    /* U+7EE7 "继" */
    0x48, 0x89, 0x56, 0x27, 0x54, 0x4c, 0xbe, 0x91,
    0x22, 0x77, 0x55, 0x8, 0x85, 0x3, 0x3f, 0x80,

    /* U+7EE9 "绩" */
    0x41, 0xb, 0xfe, 0x4, 0x57, 0xec, 0x10, 0xbf,
    0xe2, 0x17, 0x4a, 0x9, 0x44, 0x53, 0x31, 0x80,

    /* U+7EEA "绪" */
    0x42, 0x9, 0xf6, 0x9, 0x51, 0x4d, 0xfe, 0x84,
    0x21, 0xf7, 0x62, 0x7, 0xc4, 0x8b, 0x1f, 0x0,

    /* U+7EED "续" */
    0x41, 0x8, 0xfa, 0x4, 0x57, 0xfc, 0x42, 0x95,
    0x21, 0x27, 0x7f, 0x1, 0x4, 0x4b, 0x30, 0x80,

    /* U+7EF0 "绰" */
    0x41, 0x8, 0x3e, 0x4, 0x57, 0xec, 0x84, 0x9f,
    0xa2, 0x17, 0x7e, 0x1, 0x5, 0xff, 0x4, 0x0,

    /* U+7EF3 "绳" */
    0x4f, 0x89, 0x12, 0x3e, 0x51, 0xd, 0xfc, 0xa4,
    0xa7, 0xf7, 0x92, 0x1f, 0xc4, 0x47, 0x7, 0x80,

    /* U+7EF4 "维" */
    0x45, 0x8, 0x92, 0x3f, 0xd4, 0x4d, 0xfe, 0x91,
    0x22, 0x27, 0x7f, 0x8, 0x85, 0x13, 0x3f, 0x80,

    /* U+7EF5 "绵" */
    0x42, 0x9, 0xfe, 0x20, 0xd7, 0xfc, 0x82, 0x9f,
    0xe0, 0x47, 0x7f, 0x9, 0x25, 0x2f, 0x4, 0x0,

    /* U+7EF7 "绷" */
    0x4e, 0xe9, 0x56, 0x2a, 0xd7, 0x7c, 0xaa, 0x95,
    0x63, 0xbf, 0x55, 0xa, 0xa5, 0x57, 0x5d, 0x80,

    /* U+7EF8 "绸" */
    0x4f, 0xe9, 0x26, 0x2e, 0xd4, 0x9c, 0xba, 0x90,
    0x62, 0xef, 0x55, 0xb, 0xa5, 0x7, 0x41, 0x80,

    /* U+7EFC "综" */
    0x41, 0x9, 0xfe, 0x20, 0xd0, 0xc, 0x7c, 0x80,
    0x23, 0xff, 0x8, 0x5, 0x45, 0x27, 0xc, 0x0,

    /* U+7EFD "绽" */
    0x41, 0x9, 0xfe, 0x20, 0xd0, 0xc, 0xfe, 0x82,
    0x21, 0x47, 0x2f, 0x5, 0x5, 0x63, 0x23, 0x80,

    /* U+7EFF "绿" */
    0x4f, 0xc8, 0xa, 0x3f, 0x50, 0x2d, 0xfe, 0x82,
    0x22, 0x4f, 0x2a, 0x3, 0x84, 0xab, 0x6c, 0x80,

    /* U+7F00 "缀" */
    0x4e, 0xe8, 0x46, 0x2a, 0xd2, 0x2c, 0xaa, 0x80,
    0x23, 0xbf, 0x15, 0xa, 0xa4, 0x8b, 0x2a, 0x80,

    /* U+7F04 "缄" */
    0x40, 0xa8, 0x16, 0x3f, 0xd4, 0x4c, 0xea, 0x91,
    0x63, 0xaf, 0x52, 0xe, 0x45, 0x17, 0x4c, 0x80,

    /* U+7F05 "缅" */
    0x4f, 0xe8, 0x22, 0x8, 0x57, 0xfc, 0xaa, 0x97,
    0x62, 0xaf, 0x55, 0xb, 0xa5, 0x57, 0x3f, 0x80,

    /* U+7F06 "缆" */
    0x45, 0xa, 0xbe, 0x55, 0x5b, 0x1c, 0xfc, 0x90,
    0xa2, 0x57, 0x4a, 0x1, 0x4, 0x57, 0x33, 0x80,

    /* U+7F09 "缉" */
    0x47, 0xc8, 0x8a, 0x1f, 0x50, 0xc, 0xfe, 0x88,
    0xa1, 0xf7, 0x22, 0x5, 0xe5, 0xcb, 0x1, 0x0,

    /* U+7F0E "缎" */
    0x42, 0xe9, 0x96, 0x22, 0xd7, 0x5c, 0x92, 0x9c,
    0x22, 0x7f, 0x49, 0x1e, 0xa5, 0xb, 0x26, 0x80,

    /* U+7F13 "缓" */
    0x40, 0xe9, 0xe6, 0x15, 0x57, 0xfc, 0x20, 0x9f,
    0xe1, 0x7, 0x3e, 0xa, 0x46, 0x33, 0x39, 0x80,

    /* U+7F14 "缔" */
    0x21, 0x5, 0xfd, 0x11, 0x49, 0x4e, 0xfe, 0x52,
    0x51, 0xf7, 0xaa, 0x5, 0x46, 0xbb, 0x4, 0x0,

    /* U+7F15 "缕" */
    0x49, 0x28, 0xaa, 0x3f, 0xd1, 0xcc, 0x54, 0x92,
    0x60, 0x87, 0x7f, 0x2, 0x44, 0x73, 0x31, 0x80,

    /* U+7F16 "编" */
    0x41, 0x9, 0xfe, 0x20, 0xd7, 0xfc, 0x80, 0x9f,
    0xe2, 0xaf, 0x55, 0xf, 0xe5, 0x57, 0x4a, 0x80,

    /* U+7F18 "缘" */
    0x27, 0xe8, 0x8a, 0x3f, 0x78, 0x42, 0xfe, 0x8a,
    0x20, 0xef, 0x66, 0x3, 0xa5, 0x97, 0xc, 0x0,

    /* U+7F1A "缚" */
    0x41, 0x49, 0xfe, 0x4, 0x57, 0xfc, 0x92, 0x9f,
    0xe2, 0x4f, 0x2, 0xf, 0xe4, 0x8b, 0xb, 0x0,

    /* U+7F1D "缝" */
    0x51, 0x9, 0x3e, 0x8, 0xd0, 0xed, 0xa2, 0x91,
    0x22, 0xff, 0x44, 0xb, 0xe6, 0x93, 0x4f, 0x80,

    /* U+7F20 "缠" */
    0x41, 0x9, 0xfe, 0x2a, 0xd5, 0x5c, 0xbe, 0x95,
    0x62, 0xff, 0x44, 0xb, 0xe5, 0x13, 0x5f, 0x80,

    /* U+7F28 "缨" */
    0x4e, 0xe9, 0x56, 0x2a, 0xd5, 0x5c, 0x44, 0x95,
    0x60, 0x47, 0x7f, 0x2, 0x44, 0x73, 0x31, 0x80,

    /* U+7F29 "缩" */
    0x42, 0xb, 0xfe, 0x40, 0xd2, 0xec, 0x48, 0x92,
    0x26, 0xff, 0x51, 0xb, 0xe5, 0x47, 0x2f, 0x80,

    /* U+7F2E "缮" */
    0x44, 0x49, 0xfe, 0x4, 0x53, 0xec, 0x10, 0x9f,
    0xe1, 0x57, 0x7f, 0x4, 0x44, 0x8b, 0x1f, 0x0,

    /* U+7F34 "缴" */
    0x48, 0x8b, 0xd2, 0x4b, 0xdf, 0x9d, 0x2a, 0xbd,
    0x61, 0x2e, 0xfd, 0xa, 0x45, 0x57, 0x5c, 0x80,

    /* U+7F38 "缸" */
    0x43, 0xef, 0x12, 0x82, 0x10, 0x42, 0x9, 0xf1,
    0x8, 0x25, 0x44, 0xa8, 0x95, 0x13, 0xef, 0x80,

    /* U+7F3A "缺" */
    0x41, 0xf, 0x22, 0x9f, 0x10, 0xa2, 0x15, 0xf2,
    0x89, 0xfd, 0x48, 0xa9, 0x15, 0x53, 0xf1, 0x80,

    /* U+7F50 "罐" */
    0x42, 0x4e, 0xfe, 0x89, 0x12, 0xd2, 0x7f, 0xf2,
    0x88, 0xfd, 0x52, 0xaf, 0xf5, 0x4b, 0xef, 0x80,

    /* U+7F51 "网" */
    0xff, 0xf0, 0x6, 0x22, 0xd5, 0x59, 0x13, 0x22,
    0x6a, 0xad, 0x55, 0xc4, 0x30, 0x6, 0x3, 0x80,

    /* U+7F55 "罕" */
    0xff, 0xf0, 0x4, 0x44, 0x10, 0x4c, 0x6, 0xff,
    0x81, 0x0, 0x20, 0xff, 0xe0, 0x80, 0x10, 0x0,

    /* U+7F57 "罗" */
    0xff, 0xf2, 0x26, 0x44, 0xff, 0xf0, 0x80, 0x1f,
    0x8c, 0x16, 0x44, 0x5, 0x0, 0xc1, 0xe0, 0x0,

    /* U+7F5A "罚" */
    0xff, 0xf2, 0x27, 0xff, 0x90, 0x1, 0x2, 0x2,
    0x78, 0x49, 0x9, 0x29, 0x26, 0x4, 0x83, 0x80,

    /* U+7F62 "罢" */
    0xff, 0xf2, 0x26, 0x44, 0xff, 0xf0, 0x40, 0xff,
    0x81, 0x7, 0xff, 0x10, 0x4, 0x11, 0xfd, 0x0,

    /* U+7F69 "罩" */
    0xff, 0xf2, 0x27, 0xff, 0x82, 0x7, 0xfe, 0x80,
    0x9f, 0xf2, 0x2, 0xff, 0xe0, 0x80, 0x10, 0x0,

    /* U+7F6A "罪" */
    0xff, 0xf2, 0x27, 0xff, 0x80, 0x1, 0x11, 0xe3,
    0xc4, 0x47, 0x8f, 0x11, 0x1e, 0x3c, 0x44, 0x0,

    /* U+7F6E "置" */
    0xff, 0xf2, 0x27, 0xff, 0x82, 0xf, 0xfe, 0x8,
    0xf, 0xe1, 0x4, 0x3f, 0x84, 0x13, 0xff, 0x80,

    /* U+7F72 "署" */
    0x7f, 0xc9, 0x49, 0xff, 0x4, 0x17, 0xf4, 0x11,
    0x3f, 0xf9, 0x2, 0x7f, 0xd4, 0x8, 0xff, 0x0,

    /* U+7F8A "羊" */
    0x20, 0x82, 0x21, 0xff, 0x2, 0x0, 0x40, 0x7f,
    0x1, 0x0, 0x20, 0xff, 0xe0, 0x80, 0x10, 0x0,

    /* U+7F8C "羌" */
    0x20, 0x82, 0x21, 0xff, 0x2, 0x3, 0xf8, 0x8,
    0x3f, 0xf8, 0x50, 0x12, 0x4, 0x47, 0xf, 0x80,

    /* U+7F8E "美" */
    0x11, 0x1f, 0xfc, 0x10, 0x3f, 0xe0, 0x41, 0xff,
    0xc1, 0x7, 0xff, 0xa, 0x6, 0x33, 0x1, 0x80,

    /* U+7F94 "羔" */
    0x20, 0x82, 0x21, 0xff, 0x2, 0x0, 0x40, 0x7f,
    0x1, 0x7, 0xff, 0x0, 0xa, 0x4a, 0x24, 0x80,

    /* U+7F9A "羚" */
    0xa1, 0x8, 0x53, 0x91, 0x2c, 0x1e, 0x10, 0x81,
    0x13, 0xff, 0x2, 0x44, 0x88, 0x62, 0x3, 0x0,

    /* U+7F9E "羞" */
    0x11, 0x1f, 0xfc, 0x10, 0x3f, 0xe0, 0x81, 0xff,
    0xc4, 0x91, 0x12, 0xdf, 0xc0, 0x88, 0xff, 0x80,

    /* U+7FA1 "羡" */
    0x11, 0x1f, 0xfc, 0x10, 0x3f, 0xe0, 0x41, 0xff,
    0xc1, 0x4f, 0x4a, 0x1, 0x4, 0x53, 0x31, 0x80,

    /* U+7FA4 "群" */
    0x7a, 0x25, 0x2b, 0xef, 0x94, 0x47, 0x88, 0x47,
    0xd0, 0x23, 0xc4, 0xcb, 0xe9, 0x11, 0xe2, 0x0,

    /* U+7FB9 "羹" */
    0x11, 0xf, 0xf8, 0x10, 0x7f, 0xf5, 0x25, 0x12,
    0x7f, 0xf8, 0x20, 0xff, 0xe2, 0x23, 0x83, 0x80,

    /* U+7FBD "羽" */
    0xfb, 0xe1, 0x6, 0x28, 0xa4, 0x92, 0x8a, 0x10,
    0x46, 0x19, 0x45, 0xcb, 0x21, 0x4, 0xc3, 0x0,

    /* U+7FC1 "翁" */
    0xf, 0x4, 0x13, 0x21, 0x88, 0x47, 0xf8, 0x0,
    0x3e, 0xfa, 0x49, 0x28, 0xa9, 0x26, 0x69, 0x80,

    /* U+7FC5 "翅" */
    0x4e, 0xe8, 0x47, 0xaa, 0xa3, 0x34, 0x23, 0xcc,
    0xea, 0xad, 0x11, 0x46, 0x74, 0x2, 0x7f, 0x80,

    /* U+7FCC "翌" */
    0xfb, 0xe9, 0x24, 0xa2, 0xa4, 0x98, 0xa2, 0x8,
    0x3f, 0xf9, 0x4, 0x10, 0x82, 0x23, 0xff, 0x80,

    /* U+7FD4 "翔" */
    0x9e, 0xf4, 0x47, 0xcc, 0xa5, 0x5e, 0x66, 0x84,
    0x51, 0x9f, 0x55, 0x53, 0x30, 0x46, 0x19, 0x80,

    /* U+7FD8 "翘" */
    0x47, 0xeb, 0x27, 0x96, 0xa9, 0xb2, 0x93, 0xb6,
    0xc1, 0x6f, 0xc9, 0x53, 0x6a, 0x2, 0x7f, 0x80,

    /* U+7FDF "翟" */
    0xfb, 0xe9, 0x24, 0xa2, 0xe5, 0x90, 0x82, 0x44,
    0x1f, 0xfe, 0x10, 0x7f, 0xc8, 0x41, 0xff, 0x80,

    /* U+7FE0 "翠" */
    0xfb, 0xe9, 0x24, 0xa2, 0xe5, 0x90, 0x41, 0xff,
    0xc8, 0x22, 0x8a, 0x4, 0x1f, 0xfc, 0x10, 0x0,

    /* U+7FF0 "翰" */
    0x20, 0x9f, 0x28, 0x88, 0xfc, 0x8, 0xb7, 0xf2,
    0x62, 0xef, 0xcb, 0x23, 0xbf, 0x24, 0x8d, 0x80,

    /* U+7FF1 "翱" */
    0x47, 0x7f, 0x26, 0x36, 0xfd, 0xb8, 0x93, 0xf2,
    0x48, 0xdf, 0xed, 0x51, 0x35, 0x24, 0x8d, 0x80,

    /* U+7FFB "翻" */
    0x1b, 0x7c, 0x26, 0xb6, 0xfd, 0xb7, 0x13, 0x52,
    0x7e, 0xdd, 0x6d, 0xf9, 0x35, 0x27, 0xed, 0x80,

    /* U+7FFC "翼" */
    0xfb, 0xe9, 0x24, 0xa2, 0xe5, 0x93, 0xf8, 0x49,
    0x1f, 0xf1, 0x24, 0xff, 0xe4, 0x13, 0x1, 0x80,

    /* U+8000 "耀" */
    0x27, 0x74, 0xb6, 0xad, 0xba, 0xd2, 0x13, 0xf2,
    0x94, 0xfa, 0xb2, 0x53, 0xeb, 0x4a, 0x4f, 0x80,

    /* U+8001 "老" */
    0x8, 0x4f, 0xd0, 0x24, 0x5, 0xf, 0xfe, 0x10,
    0xc, 0x16, 0x8c, 0x1e, 0x2, 0x4, 0x3f, 0x80,

    /* U+8003 "考" */
    0x8, 0x4f, 0xd0, 0x24, 0x7f, 0xf0, 0x40, 0x3f,
    0x8c, 0x6, 0xfe, 0x0, 0x40, 0x8, 0xe, 0x0,

    /* U+8005 "者" */
    0x8, 0x2f, 0xe8, 0x22, 0x4, 0x8f, 0xfe, 0x20,
    0xf, 0xf3, 0x2, 0xbf, 0xc4, 0x8, 0xff, 0x0,

    /* U+800C "而" */
    0xff, 0xe0, 0x80, 0x20, 0x7f, 0xf9, 0x13, 0x22,
    0x64, 0x4c, 0x89, 0x91, 0x32, 0x26, 0x1, 0x80,

    /* U+800D "耍" */
    0xff, 0xe0, 0x81, 0xff, 0x25, 0x24, 0xa4, 0x10,
    0x3f, 0xf8, 0x84, 0x31, 0x1, 0xc3, 0xc7, 0x80,

    /* U+8010 "耐" */
    0xfe, 0x42, 0x8, 0x87, 0xff, 0x2a, 0xa5, 0x56,
    0xaa, 0xb5, 0x52, 0xaa, 0x55, 0x4a, 0x1b, 0x0,

    /* U+8015 "耕" */
    0x22, 0x44, 0x4b, 0xdf, 0x91, 0x2f, 0x24, 0x44,
    0xbd, 0xf9, 0x12, 0x72, 0x54, 0x88, 0xa1, 0x0,

    /* U+8017 "耗" */
    0x20, 0xe4, 0xe3, 0xe4, 0x10, 0xff, 0x70, 0x42,
    0x3e, 0x79, 0x38, 0x71, 0x15, 0x24, 0x83, 0x80,

    /* U+8018 "耘" */
    0x27, 0xc4, 0x3, 0xc0, 0x10, 0xf, 0xfe, 0x44,
    0x3c, 0x81, 0x22, 0x74, 0x55, 0x34, 0xb8, 0x80,

    /* U+8019 "耙" */
    0x27, 0xe4, 0x97, 0xd2, 0x92, 0x5f, 0x4a, 0x4f,
    0xfd, 0x1, 0x20, 0x64, 0x36, 0x84, 0x8f, 0x80,

    /* U+802A "耪" */
    0x21, 0x4, 0xff, 0xc9, 0x13, 0xff, 0x42, 0x42,
    0x3d, 0xf9, 0x10, 0x63, 0xf6, 0x84, 0xa3, 0x0,

    /* U+8033 "耳" */
    0xff, 0xe4, 0x10, 0xfe, 0x10, 0x42, 0x8, 0x7f,
    0x8, 0x21, 0x4, 0x23, 0xff, 0x90, 0x2, 0x0,

    /* U+8036 "耶" */
    0xfd, 0xe9, 0x25, 0xe4, 0xa4, 0xa4, 0x94, 0xf2,
    0x52, 0x4a, 0x49, 0x5d, 0xdd, 0x20, 0x24, 0x0,

    /* U+8038 "耸" */
    0x11, 0x2, 0x20, 0xaa, 0x62, 0x30, 0x1, 0xff,
    0xc8, 0x21, 0xfc, 0x20, 0x9f, 0xfc, 0x2, 0x0,

    /* U+803B "耻" */
    0xf8, 0x8a, 0x11, 0xc2, 0x29, 0x45, 0x2e, 0xe5,
    0x14, 0xa2, 0x94, 0x7a, 0x9a, 0x50, 0x5f, 0x80,

    /* U+803D "耽" */
    0xf9, 0xa, 0x21, 0xdf, 0xaa, 0x95, 0x52, 0xe2,
    0x14, 0xa2, 0x94, 0x7a, 0xba, 0x94, 0x63, 0x80,

    /* U+803F "耿" */
    0xf9, 0xa, 0x21, 0xd4, 0xaa, 0x95, 0x94, 0xe2,
    0x14, 0xa2, 0x94, 0x74, 0x5a, 0x88, 0x60, 0x80,

    /* U+8042 "聂" */
    0xff, 0xe4, 0x10, 0xfe, 0x10, 0x42, 0x7f, 0xf1,
    0x0, 0x7, 0xdf, 0x8a, 0x2e, 0x3a, 0x28, 0x80,

    /* U+804A "聊" */
    0xf2, 0x15, 0x9f, 0xaa, 0xd5, 0x5a, 0xab, 0xd5,
    0x6a, 0xad, 0x75, 0xea, 0xf4, 0x90, 0xe2, 0x0,

    /* U+804B "聋" */
    0x8, 0x9f, 0xfc, 0x4a, 0x11, 0x84, 0xe3, 0xff,
    0xc8, 0x21, 0xfc, 0x20, 0x9f, 0xfc, 0x2, 0x0,

    /* U+804C "职" */
    0xfb, 0xea, 0x45, 0xc8, 0xa9, 0x15, 0x22, 0xe7,
    0xd4, 0x2, 0x80, 0x7a, 0x5a, 0x44, 0x50, 0x80,

    /* U+8054 "联" */
    0xf4, 0x4a, 0x51, 0xdf, 0x28, 0x85, 0x10, 0xe2,
    0x17, 0xfa, 0x88, 0x7a, 0x9a, 0x88, 0x60, 0x80,

    /* U+8058 "聘" */
    0xf9, 0xa, 0xf9, 0xd5, 0x2b, 0xe5, 0x54, 0xff,
    0xd4, 0x82, 0x9e, 0x78, 0x5a, 0x8, 0x46, 0x0,

    /* U+805A "聚" */
    0xff, 0xe9, 0x5, 0xe8, 0xa5, 0x27, 0x99, 0x94,
    0x83, 0x9, 0x24, 0x24, 0x8a, 0xaa, 0x10, 0x80,

    /* U+806A "聪" */
    0xfa, 0x52, 0x53, 0xdf, 0xca, 0x19, 0x43, 0xe8,
    0x65, 0xfc, 0x88, 0xf4, 0x53, 0x44, 0x47, 0x0,

    /* U+8083 "肃" */
    0x4, 0xf, 0xf8, 0x11, 0x7f, 0xf0, 0x44, 0xff,
    0x81, 0x2, 0x72, 0x55, 0x48, 0x8a, 0x11, 0x0,

    /* U+8084 "肄" */
    0x98, 0x9c, 0x7e, 0x22, 0xfd, 0xf4, 0xa, 0xf7,
    0xe8, 0x27, 0xdf, 0x20, 0x8a, 0x7e, 0x22, 0x0,

    /* U+8086 "肆" */
    0x71, 0x8, 0xf9, 0xc5, 0x27, 0xf7, 0x14, 0x8f,
    0xbc, 0x42, 0x3e, 0x81, 0x15, 0xff, 0x44, 0x0,

    /* U+8087 "肇" */
    0x11, 0xf, 0x3d, 0x29, 0x3c, 0xc4, 0x67, 0x7f,
    0x81, 0x17, 0xff, 0x4, 0x5f, 0xfc, 0x10, 0x0,

    /* U+8089 "肉" */
    0x4, 0x0, 0x83, 0xff, 0xc2, 0x18, 0xa3, 0x63,
    0x61, 0xc, 0x51, 0xb1, 0xb0, 0x6, 0x3, 0x80,

    /* U+808B "肋" */
    0xe2, 0x14, 0x42, 0xbf, 0xf1, 0x1a, 0x23, 0x44,
    0x78, 0x8d, 0x11, 0xa4, 0x34, 0x86, 0xa3, 0x0,

    /* U+808C "肌" */
    0xe7, 0x94, 0x92, 0x92, 0x72, 0x4a, 0x49, 0x49,
    0x39, 0x25, 0x24, 0xa8, 0xb5, 0x16, 0xc3, 0x80,

    /* U+8096 "肖" */
    0x88, 0xa4, 0x82, 0x1f, 0xf8, 0xf, 0xfe, 0x3,
    0xff, 0x80, 0xc0, 0x60, 0xe0,

    /* U+8098 "肘" */
    0x70, 0x4a, 0x9, 0x5f, 0xb8, 0x25, 0x4, 0xa8,
    0x9c, 0x92, 0x92, 0x50, 0x4a, 0xa, 0xc7, 0x0,

    /* U+809A "肚" */
    0xe1, 0x14, 0x22, 0x84, 0x70, 0x8a, 0x7d, 0x42,
    0x38, 0x45, 0x8, 0xa1, 0x14, 0x22, 0xbf, 0x80,

    /* U+809B "肛" */
    0xef, 0xf4, 0x22, 0x84, 0x70, 0x8a, 0x11, 0x42,
    0x38, 0x45, 0x8, 0xa1, 0x14, 0x22, 0xbf, 0x80,

    /* U+809D "肝" */
    0x77, 0xca, 0x21, 0x44, 0x38, 0x85, 0x10, 0xbf,
    0xdc, 0x42, 0x88, 0x51, 0xa, 0x22, 0xc4, 0x0,

    /* U+80A0 "肠" */
    0xef, 0xd4, 0x12, 0x84, 0x71, 0xa, 0xff, 0x45,
    0x79, 0x2d, 0x49, 0xa1, 0x34, 0x46, 0x93, 0x0,

    /* U+80A1 "股" */
    0xe7, 0x94, 0x92, 0x92, 0x72, 0x4b, 0x8f, 0x40,
    0x3b, 0xf5, 0x42, 0xa4, 0x94, 0x62, 0xb3, 0x80,

    /* U+80A2 "肢" */
    0xe1, 0x14, 0x22, 0xff, 0xf0, 0x8a, 0x11, 0x5f,
    0xba, 0x15, 0x42, 0xa4, 0x94, 0x62, 0xf3, 0x80,

    /* U+80A4 "肤" */
    0xe1, 0x14, 0x22, 0x9f, 0x70, 0x8a, 0x11, 0x5f,
    0xf8, 0x45, 0x14, 0xa2, 0x94, 0x8a, 0xa0, 0x80,

    /* U+80A5 "肥" */
    0xef, 0xf5, 0x26, 0xa4, 0xf4, 0x9a, 0x93, 0x5f,
    0xfa, 0x5, 0x40, 0xa8, 0x35, 0x6, 0x9f, 0x80,

    /* U+80A9 "肩" */
    0x2, 0xf, 0xfd, 0x0, 0xbf, 0xf4, 0x0, 0xbf,
    0xd4, 0xa, 0xff, 0x50, 0x2b, 0xfe, 0x40, 0x80,

    /* U+80AA "肪" */
    0xe2, 0x14, 0x22, 0xff, 0xf2, 0xa, 0x41, 0x4f,
    0xb9, 0x15, 0x22, 0xa8, 0x55, 0xa, 0xc6, 0x0,

    /* U+80AE "肮" */
    0x72, 0xa, 0x21, 0x7f, 0xb8, 0x5, 0x78, 0xa9,
    0x1d, 0x22, 0xa4, 0x54, 0xaa, 0x96, 0xe3, 0x80,

    /* U+80AF "肯" */
    0x4, 0x4, 0xf8, 0x90, 0x7f, 0xf0, 0x0, 0x7f,
    0x8, 0x21, 0xfc, 0x20, 0x87, 0xf0, 0x82, 0x0,

    /* U+80B2 "育" */
    0x4, 0x1f, 0xfc, 0x40, 0x10, 0x47, 0xf4, 0x41,
    0xf, 0xe1, 0x4, 0x3f, 0x84, 0x10, 0x86, 0x0,

    /* U+80BA "肺" */
    0xe1, 0x14, 0x22, 0xbf, 0xf0, 0x8a, 0xff, 0x52,
    0x7a, 0x4d, 0x49, 0xa9, 0x74, 0x22, 0x84, 0x0,

    /* U+80BE "肾" */
    0x17, 0xf2, 0x86, 0x49, 0x48, 0xc1, 0x66, 0xff,
    0x90, 0x13, 0xfe, 0x40, 0x4f, 0xf9, 0x1, 0x0,

    /* U+80BF "肿" */
    0xe1, 0x14, 0x22, 0xbf, 0xf4, 0x9a, 0x93, 0x52,
    0x7b, 0xfd, 0x8, 0xa1, 0x14, 0x22, 0x84, 0x0,

    /* U+80C0 "胀" */
    0xe4, 0x54, 0x8a, 0x92, 0x72, 0x8a, 0x41, 0x5f,
    0xf9, 0x45, 0x24, 0xa4, 0x94, 0xaa, 0x98, 0x80,

    /* U+80C1 "胁" */
    0xe4, 0x14, 0x82, 0xfe, 0x72, 0x4a, 0x49, 0x59,
    0xbd, 0x2d, 0x25, 0xa8, 0x95, 0x12, 0xcc, 0x0,

    /* U+80C3 "胃" */
    0xff, 0xc4, 0x7f, 0xf1, 0x1f, 0xfa, 0x9, 0xfc,
    0x82, 0x7f, 0x20, 0x90, 0xc0,

    /* U+80C6 "胆" */
    0xe7, 0xd4, 0x8a, 0x91, 0x72, 0x2a, 0x7d, 0x48,
    0xb9, 0x15, 0x22, 0xa7, 0xd4, 0x2, 0xbf, 0x80,

    /* U+80CC "背" */
    0x12, 0x1e, 0x4c, 0x4e, 0x19, 0x1d, 0x1e, 0x7f,
    0x8, 0x21, 0xfc, 0x20, 0x87, 0xf0, 0x82, 0x0,

    /* U+80CE "胎" */
    0x71, 0xa, 0x21, 0x49, 0x3a, 0x25, 0xfa, 0xa0,
    0x1d, 0xfa, 0xa1, 0x54, 0x2a, 0x86, 0xdf, 0x80,

    /* U+80D6 "胖" */
    0xe1, 0x15, 0x26, 0x95, 0x70, 0x8a, 0xff, 0x42,
    0x38, 0x45, 0x7f, 0xa1, 0x14, 0x22, 0x84, 0x0,

    /* U+80DA "胚" */
    0xef, 0xf4, 0x12, 0x84, 0x70, 0x8a, 0x35, 0x4a,
    0x7a, 0x4d, 0x8, 0xa1, 0x14, 0x2, 0xbf, 0x80,

    /* U+80DC "胜" */
    0xe9, 0x15, 0x22, 0xbf, 0x74, 0x8b, 0x11, 0x42,
    0x3b, 0xf5, 0x8, 0xa1, 0x14, 0x22, 0xbf, 0x80,

    /* U+80DE "胞" */
    0xe8, 0x15, 0xfa, 0xc1, 0x77, 0xaa, 0x95, 0x52,
    0xbb, 0xd5, 0x46, 0xa8, 0x15, 0x6, 0x9f, 0x80,

    /* U+80E1 "胡" */
    0x23, 0xe4, 0x47, 0xe8, 0x91, 0xf2, 0x22, 0x44,
    0x7e, 0xfc, 0x51, 0x8a, 0x31, 0x47, 0xf1, 0x80,

    /* U+80EF "胯" */
    0xe2, 0x17, 0xfe, 0x92, 0x74, 0x2b, 0x7b, 0x40,
    0x3f, 0xfd, 0x20, 0xa7, 0xd4, 0xa, 0x86, 0x0,

    /* U+80F0 "胰" */
    0xe1, 0x15, 0xfe, 0x84, 0x77, 0xfa, 0x13, 0x5f,
    0xfa, 0x45, 0x7f, 0xa1, 0x34, 0x52, 0xb1, 0x80,

    /* U+80F3 "胳" */
    0xe4, 0x14, 0xfa, 0xa1, 0x7a, 0x4a, 0x31, 0x49,
    0x3e, 0x1d, 0x7e, 0xa8, 0x55, 0xa, 0xbf, 0x0,

    /* U+80F6 "胶" */
    0xe1, 0x15, 0xfe, 0x80, 0x72, 0x2a, 0x83, 0x68,
    0xb9, 0x15, 0x14, 0xa1, 0x14, 0x52, 0xb1, 0x80,

    /* U+80F8 "胸" */
    0xe4, 0x14, 0xfe, 0xa0, 0xf8, 0x5a, 0xdb, 0x55,
    0x7b, 0x6d, 0x45, 0xaf, 0xb4, 0x6, 0x83, 0x0,

    /* U+80FA "胺" */
    0xe1, 0x15, 0xfe, 0xa0, 0xf0, 0x8a, 0x11, 0x5f,
    0xf8, 0x95, 0x22, 0xa2, 0x94, 0x32, 0xb9, 0x80,

    /* U+80FD "能" */
    0x42, 0x72, 0x73, 0xa8, 0x1, 0x1f, 0x9f, 0x10,
    0x3e, 0x9c, 0x5c, 0xfa, 0x11, 0x46, 0x67, 0x80,

    /* U+8102 "脂" */
    0x74, 0x2a, 0x99, 0x5c, 0x3a, 0x15, 0x3e, 0xa0,
    0x1d, 0xfa, 0xa1, 0x57, 0xea, 0x86, 0xdf, 0x80,

    /* U+8106 "脆" */
    0xe4, 0x14, 0xf2, 0xa2, 0x77, 0xfb, 0x81, 0x57,
    0xba, 0x95, 0x56, 0xaa, 0x15, 0x46, 0xc7, 0x80,

    /* U+8109 "脉" */
    0xe3, 0x14, 0x12, 0xbc, 0x70, 0x9b, 0xdb, 0x4b,
    0x79, 0x55, 0x4a, 0xa9, 0x36, 0x26, 0x8c, 0x0,

    /* U+810A "脊" */
    0x44, 0x44, 0x91, 0x29, 0x48, 0x92, 0x8, 0xff,
    0xa8, 0x29, 0xfc, 0x20, 0x87, 0xf0, 0x82, 0x0,

    /* U+810F "脏" */
    0xe1, 0x15, 0xfe, 0xa0, 0x74, 0x4a, 0x89, 0x57,
    0xfa, 0x25, 0x44, 0xa8, 0x95, 0x12, 0xdf, 0x80,

    /* U+8110 "脐" */
    0xe1, 0x15, 0xfe, 0x91, 0x71, 0x4a, 0x11, 0x45,
    0x3b, 0x1d, 0x22, 0xa4, 0x54, 0x8a, 0xa1, 0x0,

    /* U+8111 "脑" */
    0xe1, 0x15, 0xfe, 0x80, 0x74, 0x1a, 0xc7, 0x55,
    0x7a, 0x4d, 0x55, 0xac, 0x75, 0x6, 0xbf, 0x80,

    /* U+8113 "脓" */
    0xe1, 0x15, 0xfe, 0xa4, 0xf1, 0xa, 0x21, 0x4a,
    0x7a, 0x55, 0xa4, 0xa4, 0x94, 0xaa, 0x98, 0x80,

    /* U+8116 "脖" */
    0xe1, 0x15, 0xfe, 0x84, 0x77, 0xfa, 0x83, 0x4f,
    0xb8, 0x25, 0x8, 0xaf, 0xf4, 0x22, 0x8c, 0x0,

    /* U+811A "脚" */
    0xe4, 0xf4, 0x96, 0xfe, 0xf2, 0x5a, 0x4b, 0x7f,
    0x79, 0x2d, 0x45, 0xaa, 0xf6, 0x52, 0xf6, 0x0,

    /* U+812F "脯" */
    0xe1, 0x55, 0xfe, 0x84, 0x77, 0xfa, 0x93, 0x5f,
    0xfa, 0x4d, 0x7f, 0xa9, 0x35, 0x26, 0xa5, 0x80,

    /* U+8131 "脱" */
    0xe8, 0x54, 0x92, 0xbf, 0x74, 0x2a, 0x85, 0x50,
    0xbb, 0xf5, 0x24, 0xa4, 0xb5, 0x16, 0xc3, 0x80,

    /* U+8138 "脸" */
    0xe1, 0x14, 0x52, 0x91, 0x7c, 0x1a, 0x7d, 0x40,
    0x3a, 0x8d, 0x2a, 0xa5, 0x54, 0x12, 0xbf, 0x80,

    /* U+813E "脾" */
    0xe2, 0x15, 0xfe, 0xa4, 0xf7, 0xfa, 0x93, 0x5f,
    0xf8, 0xa5, 0x24, 0xaf, 0xf4, 0x12, 0x82, 0x0,

    /* U+8146 "腆" */
    0xe2, 0x95, 0xfe, 0xaa, 0xf5, 0x5a, 0xff, 0x55,
    0x7a, 0xad, 0xff, 0xa0, 0x14, 0x8a, 0xa0, 0x80,

    /* U+814A "腊" */
    0x72, 0x8a, 0xf9, 0x4a, 0x39, 0x45, 0xfe, 0xa0,
    0x1d, 0xf2, 0xa2, 0x57, 0xca, 0x8a, 0xdf, 0x0,

    /* U+814B "腋" */
    0xe2, 0x15, 0xfe, 0x94, 0x72, 0xfa, 0x93, 0x55,
    0x7e, 0x95, 0x6a, 0xa8, 0x95, 0x2a, 0xa8, 0x80,

    /* U+8150 "腐" */
    0x2, 0xf, 0xfd, 0x11, 0x25, 0xf7, 0x94, 0x91,
    0x97, 0xfa, 0x89, 0x56, 0xea, 0x26, 0x5b, 0x80,

    /* U+8151 "腑" */
    0xe1, 0x15, 0xfe, 0xa0, 0x74, 0xaa, 0x95, 0x55,
    0xfb, 0x95, 0x5a, 0xaa, 0xd5, 0x4a, 0xcb, 0x0,

    /* U+8154 "腔" */
    0xe1, 0x15, 0xfe, 0xa0, 0xf1, 0x4a, 0x45, 0x50,
    0x79, 0xf5, 0x8, 0xa1, 0x14, 0x22, 0xbf, 0x80,

    /* U+8155 "腕" */
    0xe1, 0x15, 0xfe, 0xa0, 0xf2, 0xa, 0x6f, 0x55,
    0x7a, 0xad, 0xb7, 0xa2, 0x94, 0x96, 0xa3, 0x80,

    /* U+8165 "腥" */
    0xef, 0xf5, 0x6, 0xbf, 0xf4, 0x1a, 0xff, 0x52,
    0x3b, 0xfd, 0x88, 0xaf, 0xf4, 0x22, 0xff, 0x80,

    /* U+816E "腮" */
    0xef, 0xf5, 0x26, 0xbf, 0xf4, 0x9a, 0x93, 0x5f,
    0xf8, 0x85, 0x2a, 0xac, 0x36, 0x96, 0x8e, 0x0,

    /* U+8170 "腰" */
    0xef, 0xf4, 0x52, 0xbf, 0xf5, 0x5a, 0xff, 0x42,
    0x3b, 0xfd, 0x12, 0xa6, 0x94, 0x32, 0xb9, 0x80,

    /* U+8179 "腹" */
    0x74, 0xa, 0xfd, 0x71, 0x3b, 0xe5, 0x44, 0xaf,
    0x9c, 0x82, 0xbe, 0x5a, 0x4a, 0x32, 0xd9, 0x80,

    /* U+817A "腺" */
    0xe1, 0x15, 0xfe, 0xa0, 0xf7, 0xfa, 0x83, 0x5f,
    0xf8, 0x45, 0xeb, 0xa5, 0x95, 0x2a, 0xcc, 0x80,

    /* U+817B "腻" */
    0xe0, 0xb5, 0xfe, 0x82, 0x77, 0xca, 0x9, 0x7f,
    0x3a, 0x55, 0x5a, 0xaa, 0x54, 0xa6, 0xa2, 0x80,

    /* U+817E "腾" */
    0xe5, 0x55, 0xfe, 0x88, 0x77, 0xfa, 0x45, 0x5f,
    0x79, 0x25, 0x3f, 0xa0, 0x35, 0xf6, 0x81, 0x80,

    /* U+817F "腿" */
    0xf3, 0xf5, 0x46, 0x8f, 0xf1, 0x1b, 0xbf, 0x55,
    0x3a, 0xad, 0x52, 0xab, 0x36, 0x82, 0x8f, 0x80,

    /* U+8180 "膀" */
    0xe1, 0x15, 0xfe, 0x91, 0x77, 0xfa, 0x83, 0x42,
    0x3b, 0xfd, 0x10, 0xa3, 0xf4, 0x86, 0xa3, 0x0,

    /* U+818A "膊" */
    0xe1, 0x55, 0xfe, 0x84, 0x77, 0xfa, 0x93, 0x5f,
    0xfa, 0x4d, 0x2, 0xaf, 0xf4, 0x8a, 0x8b, 0x0,

    /* U+818F "膏" */
    0x4, 0x1f, 0xfc, 0x82, 0x1f, 0xc0, 0x1, 0xff,
    0xe8, 0x29, 0xfc, 0x20, 0x87, 0xf0, 0x82, 0x0,

    /* U+8198 "膘" */
    0xef, 0xf4, 0x52, 0xbf, 0xf5, 0x5a, 0xff, 0x40,
    0x39, 0xf5, 0x0, 0xaf, 0xf4, 0xaa, 0xac, 0x80,

    /* U+819B "膛" */
    0xe9, 0x34, 0xaa, 0xbf, 0xf4, 0x1a, 0x7d, 0x48,
    0xb9, 0xf5, 0x8, 0xa7, 0xd4, 0x22, 0xbf, 0x80,

    /* U+819C "膜" */
    0xe4, 0x97, 0xfe, 0x92, 0x77, 0xea, 0x85, 0x5f,
    0xba, 0x15, 0xff, 0xa3, 0x14, 0x92, 0xe1, 0x80,

    /* U+819D "膝" */
    0xe1, 0x15, 0xfe, 0x95, 0x74, 0x9a, 0x29, 0x58,
    0xfa, 0x4d, 0x2a, 0xa3, 0x94, 0xaa, 0xac, 0x80,

    /* U+81A8 "膨" */
    0xe4, 0x35, 0xea, 0x92, 0x77, 0x8a, 0x3, 0x5e,
    0xba, 0x65, 0x78, 0xa9, 0x34, 0xaa, 0xba, 0x0,

    /* U+81B3 "膳" */
    0xe4, 0x55, 0xfe, 0x84, 0x73, 0xea, 0x11, 0x5f,
    0xf9, 0x55, 0x7f, 0xa4, 0x54, 0x8a, 0x9f, 0x0,

    /* U+81C0 "臀" */
    0xfd, 0xd0, 0xab, 0xf9, 0xd5, 0xef, 0xe5, 0x53,
    0x31, 0x9b, 0xfe, 0x40, 0x4f, 0xf9, 0x1, 0x0,

    /* U+81C2 "臂" */
    0x78, 0x89, 0x7d, 0xe5, 0x35, 0xfa, 0x88, 0xff,
    0x90, 0x13, 0xfe, 0x40, 0x4f, 0xf9, 0x1, 0x0,

    /* U+81C3 "臃" */
    0xe2, 0x17, 0xfe, 0x95, 0x74, 0xab, 0xbf, 0x4c,
    0xba, 0xfd, 0xd2, 0xa7, 0xf5, 0x4a, 0xcf, 0x80,

    /* U+81C6 "臆" */
    0xe1, 0x15, 0xfa, 0x92, 0x7f, 0xfa, 0x85, 0x5f,
    0xba, 0x15, 0x7e, 0xa5, 0x15, 0x8a, 0xce, 0x80,

    /* U+81E3 "臣" */
    0xff, 0xf0, 0x82, 0x10, 0x7f, 0xe8, 0x5, 0x0,
    0xa0, 0x17, 0xfe, 0x84, 0x10, 0x83, 0xff, 0x80,

    /* U+81EA "自" */
    0x8, 0x8, 0x3f, 0xf0, 0x1f, 0xfc, 0x6, 0x3,
    0xff, 0x80, 0xc0, 0x7f, 0xe0,

    /* U+81ED "臭" */
    0x8, 0xf, 0xf9, 0x1, 0x3f, 0xe4, 0x4, 0xff,
    0x81, 0x27, 0xff, 0xa, 0x6, 0x33, 0x1, 0x80,

    /* U+81F3 "至" */
    0xff, 0xe1, 0x0, 0x44, 0x10, 0x47, 0xf4, 0x8,
    0x81, 0x3, 0xfe, 0x4, 0x0, 0x83, 0xff, 0x80,

    /* U+81F4 "致" */
    0xfa, 0x4, 0x41, 0xf, 0xca, 0x2e, 0xa4, 0x44,
    0x88, 0x97, 0xca, 0x20, 0x87, 0x2b, 0x18, 0x80,

    /* U+81FB "臻" */
    0xf1, 0x4, 0xf9, 0x4, 0x4b, 0xef, 0x20, 0x5f,
    0xc9, 0x57, 0xc9, 0x2f, 0xe6, 0xab, 0x24, 0x80,

    /* U+81FC "臼" */
    0x8, 0x6, 0x3, 0xf, 0xc0, 0x18, 0x3, 0x0,
    0x7e, 0xfc, 0x1, 0x80, 0x30, 0x7, 0xff, 0x80,

    /* U+8200 "舀" */
    0x3, 0xfe, 0x24, 0x29, 0x21, 0x7, 0x3e, 0x3,
    0xef, 0x80, 0xc0, 0x7f, 0xe0,

    /* U+8205 "舅" */
    0xfb, 0xf0, 0x7, 0xef, 0xc0, 0x1f, 0xfe, 0x88,
    0x9f, 0xf2, 0x22, 0xff, 0xe2, 0x7, 0x87, 0x0,

    /* U+8206 "舆" */
    0x24, 0x9, 0xd9, 0x21, 0x37, 0x64, 0x44, 0xdd,
    0x91, 0x17, 0xff, 0x0, 0x4, 0x13, 0x1, 0x80,

    /* U+820C "舌" */
    0x3, 0xcf, 0x80, 0x10, 0x2, 0xf, 0xfe, 0x8,
    0x1, 0x3, 0xfe, 0x40, 0x48, 0x9, 0xff, 0x0,

    /* U+820D "舍" */
    0xe, 0x6, 0x33, 0x1, 0x9f, 0xc0, 0x41, 0xff,
    0xc1, 0x3, 0xfe, 0x40, 0x48, 0x9, 0xff, 0x0,

    /* U+8212 "舒" */
    0x33, 0xe9, 0x6, 0x15, 0x3c, 0x42, 0x3f, 0xf9,
    0x48, 0x37, 0xc4, 0x88, 0x91, 0x13, 0xe6, 0x0,

    /* U+8214 "舔" */
    0x17, 0xdc, 0x40, 0x88, 0x17, 0xff, 0x48, 0x50,
    0x88, 0x8f, 0x9a, 0x9a, 0xb2, 0x57, 0xd8, 0x0,

    /* U+821C "舜" */
    0x7f, 0xc4, 0x88, 0x92, 0x7f, 0xf8, 0x2, 0xf1,
    0x12, 0xf3, 0xd4, 0x8a, 0x82, 0xfd, 0x82, 0x0,

    /* U+821E "舞" */
    0x40, 0xf, 0xfe, 0xaa, 0x7f, 0xf2, 0xa9, 0xff,
    0xd0, 0x23, 0xff, 0xaa, 0x82, 0x7f, 0x82, 0x0,

    /* U+821F "舟" */
    0x8, 0x7, 0xf0, 0x82, 0x14, 0x42, 0x49, 0xff,
    0xc8, 0x21, 0x44, 0x44, 0x88, 0x12, 0xe, 0x0,

    /* U+822A "航" */
    0x22, 0xe, 0x21, 0x7f, 0xb8, 0x5, 0x79, 0xe9,
    0x15, 0x23, 0xa4, 0x54, 0xaa, 0x96, 0xe3, 0x80,

    /* U+822C "般" */
    0x21, 0xcf, 0x29, 0x25, 0x34, 0xa5, 0xe7, 0xf0,
    0x12, 0xfb, 0x51, 0x59, 0x49, 0x12, 0x6d, 0x80,

    /* U+8230 "舰" */
    0x27, 0xce, 0x89, 0x51, 0x3a, 0xa5, 0x55, 0xea,
    0x95, 0x53, 0xa8, 0x52, 0xaa, 0x96, 0xe3, 0x80,

    /* U+8231 "舱" */
    0x21, 0xe, 0x51, 0x51, 0x3c, 0x15, 0x7d, 0xe8,
    0x95, 0x13, 0xae, 0x54, 0xa, 0x86, 0xcf, 0x80,

    /* U+8235 "舵" */
    0x21, 0xf, 0xfd, 0x40, 0xba, 0x5, 0x45, 0xe9,
    0x15, 0xc3, 0xa0, 0x54, 0x2a, 0x86, 0xcf, 0x80,

    /* U+8236 "舶" */
    0x20, 0x8e, 0x21, 0x5f, 0xba, 0x15, 0x43, 0xe8,
    0x55, 0xfb, 0xa1, 0x54, 0x2a, 0x86, 0xdf, 0x80,

    /* U+8237 "舷" */
    0x22, 0xe, 0x21, 0x7f, 0xb8, 0x85, 0x21, 0xe8,
    0x97, 0xe3, 0x88, 0x52, 0x4a, 0x8a, 0xfe, 0x80,

    /* U+8239 "船" */
    0x23, 0xcf, 0x49, 0x29, 0x35, 0x25, 0xc7, 0xf0,
    0x12, 0xfb, 0x51, 0x5a, 0x29, 0x46, 0x6f, 0x80,

    /* U+8247 "艇" */
    0x26, 0x2e, 0x59, 0x49, 0x3a, 0x25, 0x6f, 0xe4,
    0x94, 0x93, 0xb2, 0x52, 0xea, 0xa2, 0xd3, 0x80,

    /* U+8258 "艘" */
    0x22, 0x8e, 0x9d, 0x52, 0xbb, 0x75, 0x4b, 0xef,
    0xd4, 0x23, 0xbf, 0x52, 0x2a, 0x3a, 0xd8, 0x80,

    /* U+826F "良" */
    0x8, 0x3f, 0xe8, 0xb, 0xfe, 0x80, 0xbf, 0xe8,
    0x82, 0x11, 0x82, 0xac, 0x4c, 0xc,

    /* U+8270 "艰" */
    0x7, 0xfe, 0x84, 0x5f, 0xca, 0x15, 0x42, 0xaf,
    0xc9, 0x21, 0x25, 0x54, 0x4a, 0xaa, 0x18, 0x80,

    /* U+8272 "色" */
    0x20, 0x7, 0xe1, 0x4, 0x7f, 0xe4, 0x44, 0x88,
    0x9f, 0xf2, 0x0, 0x40, 0x28, 0x4, 0xff, 0x80,

    /* U+8273 "艳" */
    0x44, 0x8, 0xf3, 0xa2, 0x2f, 0xf4, 0x93, 0xd2,
    0x53, 0xfa, 0x40, 0xe8, 0x29, 0x5, 0x1f, 0x80,

    /* U+827A "艺" */
    0x11, 0x1f, 0xfc, 0x44, 0x0, 0x7, 0xf8, 0x2,
    0x1, 0x80, 0xc0, 0x20, 0x8, 0x4, 0xff, 0x80,

    /* U+827E "艾" */
    0x11, 0x1f, 0xfc, 0x44, 0x0, 0x2, 0x8, 0x41,
    0x4, 0x40, 0x50, 0x4, 0x3, 0x63, 0x83, 0x80,

    /* U+8282 "节" */
    0x11, 0x1f, 0xfc, 0x44, 0x0, 0x7, 0xfc, 0x10,
    0x82, 0x10, 0x42, 0x9, 0x81, 0x0, 0x20, 0x0,

    /* U+828B "芋" */
    0x11, 0x1f, 0xfc, 0x44, 0x0, 0x7, 0xfc, 0x8,
    0x1, 0x7, 0xff, 0x4, 0x0, 0x80, 0x70, 0x0,

    /* U+828D "芍" */
    0x11, 0x1f, 0xfc, 0x44, 0x10, 0x3, 0xfe, 0x80,
    0x62, 0x8, 0x21, 0x4, 0x20, 0x4, 0x3, 0x0,

    /* U+8292 "芒" */
    0x11, 0x1f, 0xfc, 0x44, 0x2, 0x0, 0x21, 0xff,
    0xc8, 0x1, 0x0, 0x20, 0x4, 0x0, 0xff, 0x0,

    /* U+829C "芜" */
    0x11, 0x1f, 0xfc, 0x44, 0x3f, 0xe0, 0x40, 0x8,
    0x3f, 0xf8, 0x50, 0xa, 0x2, 0x47, 0x8f, 0x80,

    /* U+829D "芝" */
    0x11, 0x1f, 0xfc, 0x44, 0x2, 0xf, 0xfc, 0x1,
    0x0, 0x40, 0x30, 0x18, 0xc, 0x2, 0x7f, 0x80,

    /* U+82A5 "芥" */
    0x11, 0x1f, 0xfc, 0x44, 0x2, 0x0, 0xa0, 0x63,
    0x34, 0x58, 0x88, 0x11, 0x4, 0x21, 0x4, 0x0,

    /* U+82A6 "芦" */
    0x11, 0x1f, 0xfc, 0x44, 0x2, 0x7, 0xfc, 0x80,
    0x90, 0x13, 0xfe, 0x40, 0x8, 0x2, 0x0, 0x0,

    /* U+82AC "芬" */
    0x11, 0x1f, 0xfc, 0x44, 0x0, 0x1, 0x10, 0x41,
    0x30, 0x19, 0xfc, 0x8, 0x82, 0x11, 0x86, 0x0,

    /* U+82AD "芭" */
    0x11, 0x1f, 0xfc, 0x44, 0x0, 0x7, 0xfc, 0x88,
    0x91, 0x13, 0xfe, 0x40, 0x8, 0x4, 0xff, 0x80,

    /* U+82AF "芯" */
    0x11, 0x1f, 0xfc, 0x44, 0x0, 0x0, 0x40, 0x24,
    0x14, 0x92, 0x81, 0x50, 0xb2, 0x14, 0x3e, 0x0,

    /* U+82B1 "花" */
    0x11, 0x1f, 0xfc, 0x44, 0x0, 0x1, 0x20, 0x44,
    0x58, 0xb5, 0x78, 0x22, 0x4, 0x44, 0x87, 0x80,

    /* U+82B3 "芳" */
    0x11, 0x1f, 0xfc, 0x44, 0x2, 0xf, 0xfe, 0x10,
    0x3, 0xf0, 0x42, 0x10, 0x44, 0xb, 0x6, 0x0,

    /* U+82B9 "芹" */
    0x11, 0x1f, 0xfc, 0x44, 0x0, 0x63, 0xf0, 0x40,
    0xf, 0xf9, 0x8, 0x21, 0x8, 0x22, 0x4, 0x0,

    /* U+82BD "芽" */
    0x11, 0x1f, 0xfc, 0x44, 0x0, 0x7, 0xfc, 0x42,
    0x10, 0x43, 0xff, 0x9, 0x6, 0x23, 0xc, 0x0,

    /* U+82C7 "苇" */
    0x11, 0x1f, 0xfc, 0x44, 0x2, 0x7, 0xfc, 0x8,
    0xf, 0xe0, 0x20, 0xff, 0xe0, 0x84, 0x13, 0x0,

    /* U+82CD "苍" */
    0x11, 0x1f, 0xfc, 0x44, 0x2, 0x1, 0xb1, 0xc1,
    0xcf, 0xe1, 0x4, 0x23, 0x84, 0x4, 0x7f, 0x80,

    /* U+82CF "苏" */
    0x11, 0x1f, 0xfc, 0x44, 0x4, 0x7, 0xf8, 0x11,
    0x12, 0x34, 0x85, 0x10, 0x84, 0x13, 0xc, 0x0,

    /* U+82D1 "苑" */
    0x11, 0x1f, 0xfc, 0x44, 0x10, 0x3, 0xbc, 0x94,
    0xaa, 0x90, 0x96, 0x12, 0x4, 0x47, 0x7, 0x80,

    /* U+82D4 "苔" */
    0x11, 0x1f, 0xfc, 0x20, 0x8, 0x82, 0x8, 0xff,
    0x80, 0x9, 0xfc, 0x20, 0x84, 0x10, 0xfe, 0x0,

    /* U+82D7 "苗" */
    0x11, 0x1f, 0xfc, 0x44, 0x0, 0x7, 0xfc, 0x88,
    0x91, 0x13, 0xfe, 0x44, 0x48, 0x89, 0xff, 0x0,

    /* U+82DB "苛" */
    0x11, 0x1f, 0xfc, 0x44, 0x0, 0xf, 0xfe, 0x0,
    0x8f, 0x91, 0x12, 0x22, 0x47, 0xc8, 0x7, 0x0,

    /* U+82DE "苞" */
    0x11, 0x1f, 0xfc, 0x44, 0x10, 0x3, 0xfc, 0x80,
    0xaf, 0x91, 0x12, 0x3e, 0xc4, 0x4, 0x7f, 0x80,

    /* U+82DF "苟" */
    0x11, 0x1f, 0xfc, 0x44, 0x10, 0x3, 0xfe, 0x80,
    0x6f, 0xc9, 0x9, 0x21, 0x27, 0xe4, 0x3, 0x0,

    /* U+82E5 "若" */
    0x11, 0x1f, 0xfc, 0x44, 0x4, 0xf, 0xfe, 0x20,
    0x8, 0x3, 0xfe, 0xa0, 0x44, 0x8, 0xff, 0x0,

    /* U+82E6 "苦" */
    0x11, 0x1f, 0xfc, 0x44, 0x2, 0xf, 0xfe, 0x8,
    0x1, 0x3, 0xfe, 0x40, 0x48, 0x9, 0xff, 0x0,

    /* U+82EB "苫" */
    0x11, 0x1f, 0xfc, 0x44, 0x2, 0x0, 0x7e, 0x8,
    0x1, 0x3, 0xfe, 0x40, 0x48, 0x9, 0xff, 0x0,

    /* U+82EF "苯" */
    0x11, 0x1f, 0xfc, 0x44, 0x2, 0xf, 0xfe, 0x8,
    0x3, 0x80, 0xa8, 0x24, 0x9b, 0xec, 0x10, 0x0,

    /* U+82F1 "英" */
    0x11, 0x1f, 0xfc, 0x44, 0x2, 0x7, 0xfc, 0x88,
    0x91, 0x17, 0xff, 0xa, 0x6, 0x33, 0x1, 0x80,

    /* U+82F9 "苹" */
    0x11, 0x1f, 0xfc, 0x44, 0x3f, 0xe0, 0x40, 0x88,
    0x89, 0x27, 0xff, 0x4, 0x0, 0x80, 0x10, 0x0,

    /* U+8301 "茁" */
    0x11, 0x1f, 0xfc, 0x44, 0x2, 0x2, 0x48, 0x49,
    0xf, 0xe0, 0x20, 0x44, 0x48, 0x89, 0xff, 0x0,

    /* U+8302 "茂" */
    0x11, 0x1f, 0xfc, 0x44, 0x2, 0x27, 0xfe, 0x88,
    0x10, 0x92, 0x14, 0x41, 0x8, 0x56, 0x31, 0x80,

    /* U+8303 "范" */
    0x11, 0x1f, 0xfc, 0x44, 0x20, 0x2, 0xfd, 0x10,
    0x92, 0x10, 0x4e, 0x28, 0x9, 0x6, 0x1f, 0x80,

    /* U+8304 "茄" */
    0x11, 0x1f, 0xfc, 0x44, 0x10, 0xf, 0xde, 0x4a,
    0x49, 0x49, 0x29, 0x45, 0x28, 0xa6, 0x67, 0x80,

    /* U+8305 "茅" */
    0x11, 0x1f, 0xfc, 0x44, 0x3f, 0xe0, 0x8, 0x12,
    0x3f, 0xf8, 0xa2, 0x24, 0x98, 0x80, 0x70, 0x0,

    /* U+830E "茎" */
    0x11, 0x1f, 0xfc, 0x44, 0x3f, 0xe0, 0x8, 0x1e,
    0x3c, 0x39, 0xfc, 0x4, 0x0, 0x83, 0xff, 0x80,

    /* U+8327 "茧" */
    0x11, 0x1f, 0xfc, 0x44, 0x2, 0x7, 0xfc, 0x88,
    0x91, 0x13, 0xfe, 0x4, 0x0, 0x8b, 0xfe, 0x80,

    /* U+8328 "茨" */
    0x11, 0x1f, 0xfc, 0x44, 0x2, 0x4, 0x7e, 0x52,
    0x44, 0x50, 0x8, 0x22, 0x88, 0x8a, 0x60, 0x80,

    /* U+832B "茫" */
    0x11, 0x1f, 0xfc, 0x44, 0x21, 0x2, 0x11, 0x1f,
    0xd1, 0x0, 0x20, 0x24, 0x8, 0x82, 0x1f, 0x80,

    /* U+832C "茬" */
    0x11, 0x1f, 0xfc, 0x44, 0x4, 0xf, 0xfe, 0x22,
    0x8, 0x43, 0x7f, 0xa1, 0x4, 0x20, 0xbf, 0x80,

    /* U+8335 "茵" */
    0x11, 0x1f, 0xfc, 0x44, 0x3f, 0xe4, 0x4, 0x88,
    0x97, 0xd2, 0x22, 0x4a, 0x4a, 0x29, 0xff, 0x0,

    /* U+8336 "茶" */
    0x11, 0x1f, 0xfc, 0x44, 0x2, 0x1, 0xb1, 0xc1,
    0xc1, 0x3, 0xfe, 0x4, 0x4, 0x93, 0x31, 0x80,

    /* U+8338 "茸" */
    0x11, 0x1f, 0xfc, 0x44, 0x7f, 0xf2, 0x8, 0x7f,
    0x8, 0x21, 0xfc, 0x20, 0x9f, 0xfc, 0x2, 0x0,

    /* U+8339 "茹" */
    0x11, 0x1f, 0xfc, 0x44, 0x10, 0x2, 0x3f, 0xf4,
    0x52, 0x8c, 0x51, 0x52, 0x24, 0x7f, 0x60, 0x0,

    /* U+8346 "荆" */
    0x24, 0x3f, 0xd4, 0x92, 0x80, 0x5f, 0xea, 0x49,
    0x49, 0x2f, 0xf5, 0x24, 0x28, 0x86, 0x13, 0x80,

    /* U+8349 "草" */
    0x11, 0x1f, 0xfc, 0x44, 0x3f, 0xe4, 0x4, 0xff,
    0x90, 0x13, 0xfe, 0x4, 0x1f, 0xfc, 0x10, 0x0,

    /* U+8350 "荐" */
    0x11, 0x1f, 0xfc, 0x44, 0x7f, 0xf1, 0x0, 0x4f,
    0x98, 0x25, 0x8, 0x2f, 0xe4, 0x20, 0x8c, 0x0,

    /* U+8352 "荒" */
    0x11, 0x1f, 0xfc, 0x44, 0x2, 0xf, 0xfe, 0x40,
    0xf, 0xf0, 0x0, 0x24, 0x84, 0x97, 0x13, 0x80,

    /* U+8354 "荔" */
    0x11, 0x1f, 0xfc, 0x54, 0x3f, 0xe0, 0x84, 0xe3,
    0x88, 0x27, 0xdf, 0x28, 0xa9, 0x26, 0x69, 0x80,

    /* U+835A "荚" */
    0x11, 0x1f, 0xfc, 0x44, 0x2, 0x7, 0xfc, 0x49,
    0x5, 0x47, 0xff, 0xa, 0x6, 0x33, 0x1, 0x80,

    /* U+8361 "荡" */
    0x11, 0x1f, 0xfc, 0x44, 0x27, 0xe2, 0x9, 0x2,
    0x13, 0xf8, 0x15, 0x24, 0xa9, 0x26, 0x9, 0x80,

    /* U+8363 "荣" */
    0x11, 0x1f, 0xfc, 0x44, 0x7f, 0xf8, 0x2, 0x8,
    0x3f, 0xf8, 0xa8, 0x24, 0x98, 0x8c, 0x10, 0x0,

    /* U+8364 "荤" */
    0x11, 0x1f, 0xfc, 0x44, 0x7f, 0xf8, 0x82, 0xff,
    0x89, 0x3, 0xfe, 0x4, 0x1f, 0xfc, 0x10, 0x0,

    /* U+8367 "荧" */
    0x11, 0x1f, 0xfc, 0x44, 0x7f, 0xf8, 0x2, 0x8,
    0x9, 0x12, 0x24, 0xa, 0x6, 0x33, 0x1, 0x80,

    /* U+836B "荫" */
    0x11, 0x1f, 0xfc, 0x44, 0x0, 0xf, 0x7f, 0x28,
    0x69, 0xfc, 0xa1, 0x97, 0xfc, 0x86, 0x21, 0x80,

    /* U+836F "药" */
    0x11, 0x1f, 0xfc, 0x94, 0x22, 0xf, 0x7e, 0x48,
    0x50, 0xf, 0xd1, 0x1, 0x23, 0x7, 0x83, 0x0,

    /* U+8377 "荷" */
    0x11, 0x1f, 0xfc, 0x44, 0x0, 0x2, 0xfe, 0x40,
    0x93, 0xd6, 0x4a, 0x49, 0x49, 0xe9, 0x3, 0x0,

    /* U+8386 "莆" */
    0x11, 0x1f, 0xfc, 0x44, 0x2, 0x4f, 0xfe, 0x88,
    0x9f, 0xf2, 0x22, 0x7f, 0xc8, 0x89, 0x13, 0x0,

    /* U+8389 "莉" */
    0x11, 0x1f, 0xfc, 0x44, 0x6, 0x17, 0x12, 0x22,
    0x7f, 0x49, 0x89, 0x59, 0x32, 0x84, 0x41, 0x80,

    /* U+838E "莎" */
    0x11, 0x1f, 0xfc, 0x44, 0x20, 0x2, 0x11, 0xa,
    0x92, 0x48, 0x9, 0x20, 0x48, 0x32, 0x38, 0x0,

    /* U+83AB "莫" */
    0x11, 0x1f, 0xfc, 0x44, 0x3f, 0xe4, 0x4, 0xff,
    0x90, 0x17, 0xff, 0xa, 0x6, 0x33, 0x1, 0x80,

    /* U+83B1 "莱" */
    0x11, 0x1f, 0xfc, 0x44, 0x2, 0x7, 0xfc, 0x49,
    0x5, 0x47, 0xff, 0xe, 0x6, 0xb3, 0x11, 0x80,

    /* U+83B2 "莲" */
    0x11, 0x1f, 0xfc, 0x44, 0x41, 0x5, 0xfe, 0x12,
    0x33, 0xfa, 0x8, 0x5f, 0xf4, 0x22, 0x7f, 0x80,

    /* U+83B7 "获" */
    0x11, 0x1f, 0xfc, 0x44, 0x50, 0x4, 0x15, 0x42,
    0x4b, 0xfb, 0x8, 0xa2, 0x84, 0x8b, 0x20, 0x80,

    /* U+83B9 "莹" */
    0x11, 0x1f, 0xfc, 0x44, 0x7f, 0xf8, 0x2, 0xff,
    0x81, 0x3, 0xfe, 0x4, 0x80, 0x8b, 0xff, 0x80,

    /* U+83BD "莽" */
    0x11, 0x1f, 0xfc, 0x44, 0x2, 0x4f, 0xfe, 0x22,
    0x38, 0x38, 0x88, 0xff, 0xe2, 0x21, 0x84, 0x0,

    /* U+83C7 "菇" */
    0x11, 0x1f, 0xfc, 0x44, 0x0, 0x2, 0x11, 0xef,
    0xd4, 0x44, 0xbe, 0x54, 0x44, 0x8b, 0x5f, 0x0,

    /* U+83CA "菊" */
    0x11, 0x1f, 0xfd, 0x44, 0x3f, 0xf4, 0x3, 0x49,
    0x45, 0x4b, 0xfd, 0xe, 0x22, 0xa5, 0x93, 0x0,

    /* U+83CC "菌" */
    0x11, 0x1f, 0xfc, 0x44, 0x3f, 0xe4, 0x14, 0xbc,
    0x91, 0x12, 0xfa, 0x4e, 0x4a, 0xa9, 0xff, 0x0,

    /* U+83CF "菏" */
    0x11, 0x1f, 0xfc, 0x44, 0x27, 0xf2, 0x5, 0x1e,
    0x92, 0x50, 0x4a, 0x2f, 0x48, 0xa, 0x3, 0x0,

    /* U+83DC "菜" */
    0x11, 0x1f, 0xfc, 0x44, 0x0, 0xe7, 0xe0, 0x90,
    0x89, 0x27, 0xff, 0x15, 0x4, 0x93, 0x11, 0x80,

    /* U+83E0 "菠" */
    0x11, 0x1f, 0xfc, 0x44, 0x20, 0x82, 0xff, 0x12,
    0x53, 0xf0, 0x62, 0x2a, 0x49, 0x32, 0x59, 0x80,

    /* U+83E9 "菩" */
    0x11, 0x1f, 0xfc, 0x44, 0x2, 0x7, 0xfc, 0x22,
    0x3f, 0xf8, 0x0, 0x3f, 0x84, 0x10, 0xfe, 0x0,

    /* U+83F1 "菱" */
    0x11, 0x1f, 0xfc, 0x54, 0x3f, 0xe0, 0x41, 0xff,
    0xc4, 0x47, 0xff, 0x20, 0x83, 0xe3, 0x83, 0x80,

    /* U+83F2 "菲" */
    0x11, 0x1f, 0xfc, 0x44, 0x5, 0x7, 0xbc, 0x14,
    0x1e, 0xf0, 0x50, 0xfb, 0xe1, 0x40, 0x28, 0x0,

    /* U+8404 "萄" */
    0x11, 0x1f, 0xfd, 0x44, 0x3f, 0xfa, 0x2, 0x7e,
    0x52, 0xb, 0xf9, 0x8, 0x29, 0x25, 0xfd, 0x80,

    /* U+840C "萌" */
    0x11, 0x1f, 0xfc, 0x44, 0x0, 0xf, 0x7f, 0x28,
    0x7d, 0xfc, 0xa1, 0x97, 0xfe, 0x84, 0x21, 0x80,

    /* U+840D "萍" */
    0x11, 0x1f, 0xfc, 0x44, 0x20, 0x2, 0xff, 0x2,
    0x12, 0x48, 0x2a, 0x2f, 0xe8, 0x22, 0x4, 0x0,

    /* U+840E "萎" */
    0x11, 0x1f, 0xfc, 0x54, 0x7f, 0xf2, 0x49, 0x88,
    0xc2, 0x7, 0xff, 0x10, 0x83, 0xe3, 0x83, 0x80,

    /* U+841D "萝" */
    0x11, 0x1f, 0xfc, 0x44, 0x3f, 0xe4, 0xa4, 0xff,
    0x82, 0x0, 0xfe, 0x64, 0x80, 0x60, 0xf0, 0x0,

    /* U+8424 "萤" */
    0x11, 0x1f, 0xfc, 0x44, 0x7f, 0xf8, 0x42, 0xff,
    0x91, 0x12, 0x22, 0x7f, 0xc0, 0x8b, 0xfe, 0x80,

    /* U+8425 "营" */
    0x11, 0x1f, 0xfc, 0x44, 0x7f, 0xfa, 0xa, 0x7f,
    0x0, 0x3, 0xfe, 0x40, 0x48, 0x9, 0xff, 0x0,

    /* U+8427 "萧" */
    0x11, 0x1f, 0xfc, 0x54, 0x3f, 0xe0, 0x45, 0xff,
    0xc1, 0x13, 0xfe, 0x44, 0x49, 0xca, 0x55, 0x0,

    /* U+8428 "萨" */
    0x11, 0x1f, 0xfc, 0x44, 0x70, 0x4a, 0xff, 0x48,
    0xb0, 0xa5, 0x7f, 0xa8, 0x1d, 0x2, 0x40, 0x0,

    /* U+843D "落" */
    0x11, 0x1f, 0xfc, 0x44, 0x21, 0x2, 0x7d, 0x18,
    0x90, 0xe0, 0x63, 0x27, 0xc8, 0x8a, 0x1f, 0x0,

    /* U+8457 "著" */
    0x11, 0x1f, 0xfc, 0x44, 0x4, 0x17, 0xf4, 0x11,
    0x3f, 0xf9, 0x2, 0x7f, 0xd4, 0x8, 0xff, 0x0,

    /* U+845B "葛" */
    0x11, 0x1f, 0xfc, 0x44, 0x3f, 0xe4, 0x4, 0xff,
    0x90, 0x13, 0xff, 0x88, 0x2a, 0x85, 0xfb, 0x0,

    /* U+8461 "葡" */
    0x11, 0x1f, 0xfd, 0x44, 0x3f, 0xf8, 0xa2, 0xff,
    0x52, 0x4b, 0xf9, 0x49, 0x2f, 0xe5, 0x25, 0x80,

    /* U+8463 "董" */
    0x11, 0x1f, 0xfc, 0x44, 0x2, 0xf, 0xfe, 0x49,
    0xf, 0xe1, 0x24, 0x7f, 0xc0, 0x83, 0xff, 0x80,

    /* U+846B "葫" */
    0x11, 0x1f, 0xfc, 0x44, 0x11, 0xff, 0xa2, 0x47,
    0xc8, 0x8f, 0xd1, 0x8b, 0xf1, 0x47, 0xf1, 0x80,

    /* U+846C "葬" */
    0x11, 0x1f, 0xfc, 0x44, 0x7f, 0xf4, 0xa5, 0x57,
    0x4, 0x8f, 0xf, 0x11, 0x1f, 0xfc, 0x84, 0x0,

    /* U+8471 "葱" */
    0x11, 0x1f, 0xfc, 0x44, 0x1f, 0xe4, 0x95, 0x2a,
    0x88, 0x90, 0x24, 0x12, 0x4a, 0x6, 0x3e, 0x0,

    /* U+8475 "葵" */
    0x11, 0x1f, 0xfc, 0x44, 0x3d, 0x20, 0x98, 0xa1,
    0x4f, 0xd6, 0x21, 0x7f, 0xc2, 0x23, 0x83, 0x80,

    /* U+8482 "蒂" */
    0x11, 0x1f, 0xfc, 0x44, 0x2, 0xf, 0xfe, 0x22,
    0x3f, 0xfc, 0x21, 0x7f, 0xc8, 0x89, 0x13, 0x0,

    /* U+848B "蒋" */
    0x11, 0x1f, 0xfc, 0x44, 0x10, 0xfa, 0xe2, 0xc5,
    0x88, 0x51, 0x7f, 0x64, 0x54, 0x48, 0x83, 0x0,

    /* U+8499 "蒙" */
    0x11, 0x1f, 0xfc, 0x44, 0x7f, 0xf8, 0x2, 0xff,
    0x83, 0x9, 0xb6, 0xcb, 0x6, 0x53, 0x31, 0x80,

    /* U+849C "蒜" */
    0x11, 0x1f, 0xfc, 0x44, 0x0, 0x7, 0xbc, 0x0,
    0x3e, 0xf9, 0x4, 0x71, 0xd5, 0x55, 0x86, 0x0,

    /* U+84B2 "蒲" */
    0x11, 0x1f, 0xfc, 0x44, 0x20, 0xa2, 0xff, 0x2,
    0x13, 0xf8, 0x49, 0x2f, 0xe9, 0x26, 0x25, 0x80,

    /* U+84B8 "蒸" */
    0x11, 0x1f, 0xfc, 0x44, 0x3f, 0xc0, 0x23, 0xea,
    0x89, 0x26, 0x63, 0x3f, 0x8a, 0x4a, 0x24, 0x80,

    /* U+84C4 "蓄" */
    0x11, 0x1f, 0xfc, 0x54, 0x7f, 0xf1, 0x20, 0x48,
    0xbf, 0xfa, 0x22, 0x7f, 0xc8, 0x89, 0xff, 0x0,

    /* U+84C9 "蓉" */
    0x11, 0x1f, 0xfc, 0x54, 0x7f, 0xf9, 0x12, 0xc9,
    0x86, 0xc7, 0x7, 0x3f, 0x84, 0x10, 0xfe, 0x0,

    /* U+84D1 "蓑" */
    0x11, 0x1f, 0xfc, 0x54, 0x7f, 0xf2, 0x9, 0xff,
    0xc8, 0x21, 0xfd, 0x11, 0x5d, 0x90, 0xc1, 0x80,

    /* U+84D6 "蓖" */
    0x11, 0x1f, 0xfd, 0x55, 0x25, 0x25, 0x54, 0xff,
    0x90, 0x83, 0xdf, 0x42, 0x9, 0xc7, 0xcf, 0x80,

    /* U+84DD "蓝" */
    0x11, 0x1f, 0xfc, 0x44, 0x1, 0x9, 0x3f, 0x29,
    0x24, 0x13, 0xfe, 0x4a, 0x49, 0x4b, 0xff, 0x80,

    /* U+84DF "蓟" */
    0x11, 0x1f, 0xfc, 0xc4, 0x24, 0x1f, 0xd3, 0x4a,
    0x7f, 0x4d, 0x29, 0xfd, 0x20, 0x7, 0xf3, 0x80,

    /* U+84EC "蓬" */
    0x11, 0x1f, 0xfc, 0x44, 0x43, 0xc5, 0x88, 0xe,
    0x36, 0x3a, 0x10, 0x5f, 0xc8, 0x42, 0xff, 0x80,

    /* U+8511 "蔑" */
    0x11, 0x1f, 0xfc, 0x44, 0x3f, 0xe4, 0xa4, 0xff,
    0x80, 0x93, 0xff, 0x42, 0x8c, 0x26, 0x5b, 0x80,

    /* U+8513 "蔓" */
    0x11, 0x1f, 0xfc, 0x44, 0x1f, 0xc2, 0x9, 0xff,
    0xe4, 0x4f, 0xff, 0x20, 0x83, 0xe3, 0x83, 0x80,

    /* U+8517 "蔗" */
    0x11, 0x1f, 0xfc, 0x54, 0x3f, 0xf4, 0x88, 0xff,
    0xd2, 0x22, 0x7c, 0x40, 0xa, 0xaa, 0x8a, 0x80,

    /* U+851A "蔚" */
    0x11, 0x1f, 0xfc, 0x44, 0x7e, 0x28, 0x45, 0xfb,
    0xe0, 0x17, 0xea, 0x90, 0xda, 0x8a, 0xcb, 0x0,

    /* U+8521 "蔡" */
    0x11, 0x1f, 0xfc, 0x44, 0x1d, 0xee, 0xa4, 0xa3,
    0x3b, 0xd8, 0x0, 0x7f, 0xc4, 0x93, 0x31, 0x80,

    /* U+852B "蔫" */
    0x11, 0x1f, 0xfc, 0x44, 0x7f, 0xf0, 0x40, 0x4f,
    0x89, 0x7, 0xff, 0x20, 0xf, 0xfe, 0x54, 0x80,

    /* U+852C "蔬" */
    0x11, 0x1f, 0xfc, 0x44, 0x0, 0x4f, 0x7e, 0x24,
    0x89, 0xed, 0x80, 0xa5, 0x56, 0xab, 0x25, 0x80,

    /* U+8537 "蔷" */
    0x11, 0x1f, 0xfc, 0x54, 0x3f, 0xe2, 0x48, 0x2a,
    0x3f, 0xfa, 0x2, 0x5f, 0x4a, 0x29, 0xff, 0x0,

    /* U+853C "蔼" */
    0x11, 0x1f, 0xfc, 0x44, 0x27, 0xe2, 0x84, 0x1f,
    0xb2, 0x12, 0x7f, 0x51, 0x2d, 0x55, 0x3f, 0x0,

    /* U+853D "蔽" */
    0x11, 0x1f, 0xfc, 0x44, 0x55, 0xa, 0xbe, 0x44,
    0xbf, 0x15, 0x4a, 0xf9, 0x55, 0x32, 0xb9, 0x80,

    /* U+8549 "蕉" */
    0x11, 0x1f, 0xfc, 0x44, 0x11, 0x7, 0xff, 0x84,
    0x1f, 0xf2, 0x10, 0x7f, 0xea, 0x4a, 0x24, 0x80,

    /* U+854A "蕊" */
    0x11, 0x1f, 0xfc, 0x10, 0x9, 0x25, 0x3, 0x1f,
    0x0, 0x1, 0x4a, 0xa5, 0x34, 0x20, 0x73, 0x80,

    /* U+8574 "蕴" */
    0x11, 0x1f, 0xfc, 0x44, 0x23, 0xe4, 0x45, 0x4f,
    0x91, 0x14, 0x7f, 0xea, 0xa1, 0x57, 0x7f, 0x80,

    /* U+857E "蕾" */
    0x11, 0x1f, 0xfc, 0x44, 0x7f, 0xfb, 0x5a, 0x8,
    0x1f, 0xf2, 0x22, 0x7f, 0xc8, 0x89, 0xff, 0x0,

    /* U+8584 "薄" */
    0x11, 0x1f, 0xfc, 0x44, 0x41, 0x45, 0xfe, 0x14,
    0xa3, 0xf2, 0x52, 0x1f, 0xe8, 0x8a, 0xb, 0x0,

    /* U+859B "薛" */
    0x11, 0x1f, 0xfd, 0x4, 0x7b, 0xf9, 0x25, 0xe4,
    0xa3, 0xff, 0x84, 0x97, 0xf2, 0x13, 0xc2, 0x0,

    /* U+85AA "薪" */
    0x11, 0x1f, 0xfc, 0x44, 0x10, 0x3f, 0xb8, 0xa4,
    0x3e, 0xf9, 0x12, 0xfa, 0x4e, 0x4a, 0xb1, 0x0,

    /* U+85AF "薯" */
    0x11, 0x1f, 0xfd, 0x29, 0x3f, 0xe0, 0x82, 0xfe,
    0x82, 0x27, 0xff, 0x60, 0x54, 0x8, 0xff, 0x0,

    /* U+85C9 "藉" */
    0x11, 0x1f, 0xfc, 0x44, 0x11, 0x2f, 0x7e, 0x44,
    0xbd, 0xf9, 0x21, 0x77, 0xf4, 0x84, 0x9f, 0x80,

    /* U+85CF "藏" */
    0x11, 0x1f, 0xfc, 0x44, 0x0, 0x5b, 0xff, 0x55,
    0x3b, 0xe9, 0x4d, 0xef, 0x55, 0x4a, 0xbe, 0x80,

    /* U+85D0 "藐" */
    0x11, 0x1f, 0xfc, 0x44, 0x73, 0xe5, 0x44, 0x4f,
    0xb5, 0x11, 0xbe, 0x52, 0x92, 0x55, 0xb3, 0x80,

    /* U+85D5 "藕" */
    0x11, 0x1f, 0xfc, 0x44, 0x13, 0xef, 0x54, 0x4f,
    0xbd, 0x51, 0x7f, 0x79, 0x35, 0xf4, 0xa1, 0x80,

    /* U+85E4 "藤" */
    0x11, 0x1f, 0xfc, 0x44, 0xfa, 0xa9, 0x7f, 0xe5,
    0x27, 0xff, 0xaa, 0x93, 0xb3, 0xaa, 0xcc, 0x80,

    /* U+85E9 "藩" */
    0x11, 0x1f, 0xfc, 0x44, 0x4f, 0xe4, 0xa9, 0x3f,
    0xd2, 0xa1, 0x93, 0x1f, 0xca, 0x4a, 0x7f, 0x0,

    /* U+85FB "藻" */
    0x11, 0x1f, 0xfc, 0x44, 0x23, 0xe2, 0x45, 0xf,
    0x93, 0xb8, 0x55, 0x2f, 0xe8, 0xaa, 0x24, 0x80,

    /* U+8611 "蘑" */
    0x11, 0x1f, 0xfd, 0x22, 0x3e, 0xf4, 0xa8, 0xd5,
    0x57, 0xec, 0x40, 0x9f, 0xe6, 0x5, 0x7f, 0x80,

    /* U+8638 "蘸" */
    0x11, 0x1f, 0xfc, 0x44, 0x7d, 0x25, 0x3f, 0xfc,
    0xaa, 0xfd, 0x52, 0xdb, 0xf1, 0x3, 0xea, 0x80,

    /* U+864E "虎" */
    0x7, 0xc0, 0x81, 0xff, 0xa2, 0x14, 0x78, 0xb8,
    0x51, 0xfa, 0x0, 0x4f, 0x89, 0x16, 0xc3, 0x80,

    /* U+864F "虏" */
    0x7, 0xc0, 0x81, 0xff, 0xa2, 0x14, 0x78, 0xb8,
    0x51, 0xfa, 0x20, 0x7f, 0xe9, 0x6, 0xc7, 0x0,

    /* U+8650 "虐" */
    0x7, 0xc0, 0x81, 0xff, 0xa2, 0x15, 0xf8, 0x88,
    0x57, 0xfa, 0x80, 0x7f, 0xea, 0x2, 0x7f, 0x0,

    /* U+8651 "虑" */
    0x7, 0xc0, 0x81, 0xff, 0xa2, 0x14, 0x78, 0xb8,
    0x51, 0xfa, 0x20, 0x4a, 0x4b, 0x16, 0x9e, 0x80,

    /* U+865A "虚" */
    0x7, 0xc0, 0x81, 0xff, 0xa2, 0x14, 0x78, 0xb8,
    0x51, 0xfa, 0x28, 0x55, 0x49, 0xb2, 0xff, 0x80,

    /* U+865E "虞" */
    0x7, 0xc0, 0x81, 0xff, 0xa2, 0x14, 0xfc, 0xa9,
    0x17, 0xf2, 0x12, 0xbf, 0xf1, 0x10, 0xc1, 0x80,

    /* U+866B "虫" */
    0x4, 0x0, 0x81, 0xff, 0x22, 0x24, 0x44, 0x88,
    0x9f, 0xf0, 0x20, 0x4, 0x40, 0xf7, 0xe0, 0x80,

    /* U+8671 "虱" */
    0xff, 0x80, 0x10, 0x3a, 0x78, 0x41, 0x9, 0xfd,
    0x24, 0xa7, 0xf4, 0x10, 0xa2, 0x97, 0xe9, 0x0,

    /* U+8679 "虹" */
    0x23, 0xe4, 0x13, 0xe2, 0x54, 0x4a, 0x89, 0x51,
    0x3e, 0x21, 0x4, 0x28, 0x87, 0x13, 0x2f, 0x80,

    /* U+867D "虽" */
    0x3f, 0x84, 0x10, 0xfe, 0x2, 0x7, 0xfc, 0x88,
    0x91, 0x13, 0xfe, 0x4, 0x0, 0x8b, 0xfe, 0x80,

    /* U+867E "虾" */
    0x27, 0xe4, 0x23, 0xe4, 0x54, 0x8a, 0x99, 0x52,
    0xbe, 0x49, 0x8, 0x29, 0x7, 0x23, 0x24, 0x0,

    /* U+8680 "蚀" */
    0x41, 0xc, 0x22, 0xbf, 0x84, 0x94, 0x92, 0x92,
    0x53, 0xfa, 0x8, 0x51, 0x4c, 0x35, 0x38, 0x80,

    /* U+8681 "蚁" */
    0x21, 0x4, 0x17, 0xea, 0xd5, 0x1a, 0xa3, 0x54,
    0x7e, 0x51, 0xa, 0x28, 0x87, 0x2b, 0x28, 0x80,

    /* U+8682 "蚂" */
    0x27, 0xc4, 0xb, 0xe9, 0x55, 0x2a, 0xa5, 0x57,
    0xfe, 0x9, 0x1, 0x2b, 0xa7, 0x7, 0x27, 0x0,

    /* U+868A "蚊" */
    0x21, 0x4, 0x13, 0xff, 0xd5, 0x2a, 0xa5, 0x54,
    0xbe, 0x51, 0xa, 0x28, 0x87, 0x2b, 0x38, 0x80,

    /* U+868C "蚌" */
    0x20, 0x84, 0x13, 0xef, 0xd4, 0x4a, 0x89, 0x57,
    0xfe, 0x21, 0x4, 0x2b, 0xe7, 0x13, 0x22, 0x0,

    /* U+8695 "蚕" */
    0x7f, 0xc1, 0x3, 0xff, 0x88, 0x82, 0x9, 0x88,
    0xdf, 0xf2, 0x22, 0x7f, 0xc0, 0x8b, 0xfe, 0x80,

    /* U+869C "蚜" */
    0x23, 0xe4, 0x2b, 0xe5, 0x55, 0x2a, 0xbf, 0x52,
    0xbe, 0x51, 0x12, 0x2a, 0x47, 0x8b, 0x23, 0x0,

    /* U+86A4 "蚤" */
    0x7f, 0xc8, 0x88, 0xc6, 0x7, 0xf, 0x1e, 0x8,
    0x1f, 0xf2, 0x22, 0x7f, 0xc0, 0x8b, 0xfe, 0x80,

    /* U+86C0 "蛀" */
    0x21, 0x4, 0x13, 0xef, 0xd4, 0x4a, 0x89, 0x51,
    0x3e, 0xf9, 0x4, 0x28, 0x87, 0x13, 0x2f, 0x80,

    /* U+86C6 "蛆" */
    0x23, 0xc4, 0x4b, 0xe9, 0x55, 0xea, 0xa5, 0x54,
    0xbe, 0xf1, 0x12, 0x2a, 0x47, 0x4b, 0x3f, 0x80,

    /* U+86C7 "蛇" */
    0x21, 0x4, 0xff, 0xf0, 0xd5, 0xa, 0xa5, 0x55,
    0x3e, 0xc1, 0x10, 0x2a, 0x27, 0x47, 0x27, 0x80,

    /* U+86CA "蛊" */
    0x4, 0xf, 0xf9, 0x11, 0x3f, 0xe0, 0x45, 0xff,
    0x40, 0x3, 0xfe, 0x4a, 0x49, 0x4b, 0xff, 0x80,

    /* U+86CB "蛋" */
    0xff, 0xe0, 0x84, 0x9f, 0x12, 0xd, 0xfe, 0x8,
    0x1f, 0xf2, 0x22, 0x7f, 0xc0, 0x8b, 0xfe, 0x80,

    /* U+86D4 "蛔" */
    0x2f, 0xe5, 0x7, 0xe0, 0xd5, 0xda, 0xab, 0x55,
    0x7e, 0xa9, 0x5d, 0x28, 0x27, 0x7, 0x3f, 0x80,

    /* U+86D9 "蛙" */
    0x20, 0x84, 0x7f, 0xe2, 0x54, 0x4a, 0xbf, 0x50,
    0x3e, 0x21, 0x1f, 0x28, 0x87, 0x13, 0x2f, 0x80,

    /* U+86DB "蛛" */
    0x25, 0x4, 0xa3, 0xff, 0x54, 0x8a, 0x91, 0x5f,
    0xfe, 0x41, 0x1c, 0x2d, 0x47, 0x27, 0x24, 0x0,

    /* U+86E4 "蛤" */
    0x20, 0x84, 0x13, 0xe5, 0x57, 0x1a, 0x9d, 0x50,
    0x3e, 0xf9, 0x11, 0x2a, 0x27, 0x47, 0x2f, 0x80,

    /* U+86EE "蛮" */
    0x4, 0x1f, 0xfc, 0x24, 0x24, 0xa9, 0x12, 0x7f,
    0x9, 0x21, 0x24, 0x3f, 0xa0, 0x87, 0xff, 0x80,

    /* U+86F0 "蛰" */
    0x21, 0x1e, 0xf8, 0x85, 0x1a, 0xae, 0x24, 0x4a,
    0xdf, 0xe1, 0x24, 0x3f, 0x80, 0x87, 0xff, 0x80,

    /* U+86F9 "蛹" */
    0x2f, 0xc4, 0x53, 0xe4, 0x57, 0xfa, 0x93, 0x5f,
    0xfe, 0x49, 0x7f, 0x29, 0x27, 0x27, 0x25, 0x80,

    /* U+86FE "蛾" */
    0x22, 0xc5, 0x97, 0xd2, 0x57, 0xfa, 0x49, 0x49,
    0x7d, 0xa9, 0x62, 0x24, 0x46, 0x97, 0x34, 0x80,

    /* U+8700 "蜀" */
    0xff, 0xf2, 0x27, 0xff, 0x90, 0x7, 0xff, 0x10,
    0x5f, 0xca, 0x49, 0x7f, 0x21, 0x27, 0xfb, 0x0,

    /* U+8702 "蜂" */
    0x21, 0x4, 0x3f, 0xe8, 0xd4, 0xea, 0xeb, 0x57,
    0xfe, 0x21, 0x1f, 0x28, 0x87, 0xff, 0x22, 0x0,

    /* U+8712 "蜒" */
    0x2c, 0x24, 0xbb, 0xf1, 0x54, 0x2a, 0x97, 0x5a,
    0xbf, 0x51, 0x2a, 0x2d, 0xe7, 0x43, 0x27, 0x80,

    /* U+8715 "蜕" */
    0x22, 0x24, 0x2b, 0xef, 0xd5, 0x1a, 0xa3, 0x54,
    0x7e, 0xf9, 0xa, 0x29, 0x47, 0x4b, 0x31, 0x80,

    /* U+8717 "蜗" */
    0x27, 0xc4, 0x8b, 0xf1, 0x57, 0xea, 0x91, 0x5f,
    0xfe, 0x49, 0x55, 0x2c, 0x67, 0x7, 0x21, 0x80,

    /* U+8718 "蜘" */
    0x24, 0x4, 0x9f, 0xfe, 0xd5, 0x5a, 0xab, 0x5f,
    0x7e, 0xa9, 0x15, 0x25, 0xa6, 0x9f, 0x20, 0x0,

    /* U+871C "蜜" */
    0x4, 0x1f, 0xfe, 0x54, 0xa9, 0x2a, 0xfa, 0x8,
    0x1f, 0xf2, 0x22, 0x7f, 0xc0, 0x8b, 0xfe, 0x80,

    /* U+8721 "蜡" */
    0x21, 0x44, 0x7f, 0xe5, 0x54, 0xaa, 0xff, 0x50,
    0x3e, 0xf9, 0x11, 0x2b, 0xe7, 0x47, 0x2f, 0x80,

    /* U+8747 "蝇" */
    0x27, 0xc4, 0x8b, 0xff, 0x54, 0x8a, 0xff, 0x52,
    0x7f, 0xf9, 0x49, 0x2f, 0xe7, 0x23, 0x23, 0x80,

    /* U+8749 "蝉" */
    0x22, 0x24, 0x2b, 0xef, 0xd5, 0x5a, 0xbf, 0x55,
    0x7e, 0xf9, 0x4, 0x2b, 0xe7, 0x13, 0x22, 0x0,

    /* U+874E "蝎" */
    0x23, 0xe4, 0x47, 0xef, 0xd5, 0x1a, 0xbf, 0x52,
    0x3e, 0xf9, 0x29, 0x2a, 0xa7, 0x77, 0x21, 0x80,

    /* U+8757 "蝗" */
    0x20, 0x84, 0x7f, 0xe8, 0xd5, 0xfa, 0xa3, 0x54,
    0x7f, 0xf9, 0x4, 0x2b, 0xe7, 0x13, 0x3f, 0x80,

    /* U+8774 "蝴" */
    0x24, 0xe4, 0x97, 0xfe, 0xda, 0x7b, 0x4b, 0x69,
    0x7f, 0xb9, 0x55, 0x2a, 0xa7, 0x57, 0x3d, 0x80,

    /* U+8776 "蝶" */
    0x22, 0xa4, 0xff, 0xea, 0xd5, 0x7a, 0xa1, 0x57,
    0xfe, 0x21, 0x3f, 0x29, 0xc7, 0x57, 0x32, 0x80,

    /* U+878D "融" */
    0xfc, 0x80, 0x11, 0xef, 0xa5, 0x57, 0xaa, 0x5,
    0x7f, 0xfd, 0x54, 0xfe, 0xb2, 0x5e, 0x5c, 0x80,

    /* U+879F "螟" */
    0x27, 0xe4, 0x87, 0xef, 0x55, 0x2a, 0xbd, 0x54,
    0xbe, 0xf1, 0x8, 0x2f, 0xe7, 0x4b, 0x30, 0x80,

    /* U+87BA "螺" */
    0x2f, 0xe5, 0x27, 0xff, 0xd4, 0x9a, 0xff, 0x55,
    0x3f, 0x41, 0x12, 0x2f, 0xa6, 0xab, 0x2c, 0x80,

    /* U+87F9 "蟹" */
    0x3b, 0xe9, 0x27, 0xf9, 0xaa, 0xa7, 0xde, 0xac,
    0x9f, 0x7c, 0xa2, 0x7f, 0xc8, 0x8b, 0xfe, 0x80,

    /* U+8815 "蠕" */
    0x2f, 0xe4, 0x23, 0xff, 0xd4, 0x9a, 0xd5, 0x50,
    0x3f, 0xf9, 0x8, 0x2f, 0xe7, 0x57, 0x2a, 0x80,

    /* U+8822 "蠢" */
    0x8, 0xf, 0xf8, 0x44, 0x7f, 0xf5, 0x15, 0x3e,
    0x7e, 0xfd, 0x55, 0xfb, 0xe4, 0x97, 0xef, 0x0,

    /* U+8840 "血" */
    0x4, 0x1, 0x1, 0xff, 0x25, 0x24, 0xa4, 0x94,
    0x92, 0x92, 0x52, 0x4a, 0x49, 0x4b, 0xff, 0x80,

    /* U+8845 "衅" */
    0x20, 0x88, 0x97, 0xeb, 0x54, 0x4a, 0xbf, 0x51,
    0x2a, 0x25, 0x5f, 0xbc, 0x98, 0x10, 0x2, 0x0,

    /* U+884C "行" */
    0x27, 0xc8, 0x2, 0x0, 0x17, 0xf4, 0x9, 0x81,
    0x10, 0x22, 0x4, 0x40, 0x88, 0x11, 0xe, 0x0,

    /* U+884D "衍" */
    0x29, 0xe8, 0x82, 0x0, 0x14, 0xf4, 0x45, 0x80,
    0x90, 0x12, 0x22, 0x44, 0x49, 0x9, 0x23, 0x0,

    /* U+8854 "衔" */
    0x24, 0xe8, 0xc2, 0x20, 0x17, 0x74, 0x45, 0x88,
    0x93, 0x92, 0x22, 0x44, 0x48, 0xc9, 0x13, 0x0,

    /* U+8857 "街" */
    0x24, 0xeb, 0xe2, 0x10, 0x12, 0x75, 0xf5, 0x80,
    0x91, 0x12, 0xfa, 0x44, 0x48, 0xe9, 0x63, 0x0,

    /* U+8859 "衙" */
    0x3e, 0xe9, 0x2, 0x78, 0x15, 0x74, 0xa5, 0xbe,
    0x90, 0x12, 0xf2, 0x52, 0x4a, 0x49, 0x7b, 0x0,

    /* U+8861 "衡" */
    0x2e, 0xea, 0x42, 0x7c, 0x1a, 0xf5, 0xf5, 0xaa,
    0x97, 0xd2, 0x22, 0x5f, 0x49, 0x49, 0x47, 0x0,

    /* U+8863 "衣" */
    0x8, 0x0, 0x83, 0xff, 0x85, 0x1, 0x24, 0x45,
    0x18, 0x45, 0x8, 0x24, 0x85, 0x8, 0xc0, 0x80,

    /* U+8865 "补" */
    0x41, 0x4, 0x23, 0xc4, 0x8, 0x82, 0x18, 0x52,
    0x9c, 0x4d, 0x48, 0x21, 0x4, 0x20, 0x84, 0x0,

    /* U+8868 "表" */
    0x4, 0xf, 0xf8, 0x10, 0x3f, 0xe0, 0x41, 0xff,
    0xc2, 0x80, 0x91, 0xe1, 0x45, 0x90, 0xc1, 0x80,

    /* U+886B "衫" */
    0x40, 0x24, 0x1b, 0xcc, 0x8, 0x2, 0x2, 0x51,
    0x9c, 0xc5, 0x40, 0x20, 0x24, 0x18, 0x9c, 0x0,

    /* U+886C "衬" */
    0x40, 0x44, 0xb, 0xdf, 0x88, 0x22, 0x4, 0x54,
    0x9c, 0x55, 0x4a, 0x20, 0x44, 0x8, 0x87, 0x0,

    /* U+8870 "衰" */
    0x4, 0x1f, 0xfc, 0x0, 0x1f, 0xc2, 0x9, 0xff,
    0xc8, 0x21, 0xfd, 0x11, 0x5d, 0x90, 0xc1, 0x80,

    /* U+8877 "衷" */
    0x4, 0x1f, 0xfc, 0x10, 0x3f, 0xe4, 0x44, 0xff,
    0x81, 0x0, 0xd1, 0xe1, 0x45, 0x90, 0xc1, 0x80,

    /* U+8881 "袁" */
    0x4, 0xf, 0xf8, 0x10, 0x7f, 0xf2, 0x8, 0x41,
    0xf, 0xe0, 0x91, 0xe1, 0x45, 0x90, 0xc1, 0x80,

    /* U+8884 "袄" */
    0x80, 0xc9, 0xe3, 0x84, 0x10, 0x85, 0x10, 0xdf,
    0xf4, 0x42, 0x14, 0x42, 0x88, 0x89, 0x60, 0x80,

    /* U+888B "袋" */
    0x12, 0x44, 0x7f, 0xb8, 0x10, 0x92, 0xe, 0x8,
    0x3f, 0xf8, 0x90, 0xe1, 0x45, 0x90, 0xc1, 0x80,

    /* U+888D "袍" */
    0x88, 0x9, 0xfb, 0xc1, 0x17, 0xa4, 0x94, 0xb2,
    0xbb, 0xd2, 0xc6, 0x48, 0x9, 0x5, 0x1f, 0x80,

    /* U+8892 "袒" */
    0x8f, 0xc9, 0xb, 0xa1, 0x14, 0x24, 0xfc, 0xd0,
    0xb2, 0x13, 0x42, 0x4f, 0xc8, 0x1, 0x7f, 0x80,

    /* U+8896 "袖" */
    0x81, 0x8, 0x23, 0xbf, 0x94, 0x94, 0x92, 0xb2,
    0x7b, 0xfa, 0xc9, 0x49, 0x29, 0x25, 0x3f, 0x80,

    /* U+889C "袜" */
    0x81, 0x8, 0x23, 0xbf, 0x90, 0x84, 0x10, 0xaf,
    0xb8, 0x42, 0x9c, 0x45, 0x49, 0x25, 0x4, 0x0,

    /* U+88AB "被" */
    0x81, 0x9, 0xff, 0xa4, 0x94, 0x84, 0xfe, 0xb8,
    0x7a, 0x8a, 0xca, 0x48, 0x89, 0x29, 0x58, 0x80,

    /* U+88AD "袭" */
    0x8, 0x9f, 0xfc, 0x4a, 0x11, 0x9c, 0xde, 0x8,
    0x3f, 0xf8, 0x90, 0xe1, 0x45, 0x90, 0xc1, 0x80,

    /* U+88B1 "袱" */
    0x84, 0xa8, 0x97, 0xa2, 0x15, 0xf5, 0x88, 0xd1,
    0x36, 0x52, 0x4a, 0x49, 0x49, 0x45, 0x28, 0x80,

    /* U+88C1 "裁" */
    0x11, 0x4f, 0xa4, 0x44, 0x7f, 0xf0, 0x10, 0x22,
    0x7f, 0x51, 0x4, 0xd4, 0xa9, 0x2d, 0x98, 0x80,

    /* U+88C2 "裂" */
    0xfc, 0x24, 0x25, 0xf4, 0xe2, 0x92, 0x86, 0x28,
    0x3f, 0xf8, 0x90, 0xe1, 0x45, 0x90, 0xc1, 0x80,

    /* U+88C5 "装" */
    0x91, 0xb, 0xfc, 0x44, 0x18, 0x8d, 0x7c, 0x8,
    0x3f, 0xf8, 0x90, 0xe1, 0x45, 0x90, 0xc1, 0x80,

    /* U+88D4 "裔" */
    0x4, 0x1f, 0xfc, 0x48, 0x70, 0xa2, 0xc8, 0x60,
    0xdf, 0xf2, 0x8a, 0x6f, 0xca, 0x29, 0x7d, 0x0,

    /* U+88D5 "裕" */
    0x82, 0x88, 0x8b, 0xa4, 0x91, 0x44, 0x44, 0xb0,
    0x79, 0xf2, 0xa2, 0x44, 0x48, 0x89, 0x1f, 0x0,

    /* U+88D9 "裙" */
    0x8f, 0xc8, 0x4b, 0xbf, 0x91, 0x24, 0xfc, 0xa4,
    0x39, 0x2, 0xfe, 0x48, 0x49, 0x9, 0x3f, 0x0,

    /* U+88E4 "裤" */
    0x80, 0x89, 0xff, 0xa4, 0x17, 0xf4, 0xa0, 0xb5,
    0x3a, 0xfa, 0xc4, 0x4f, 0xe9, 0x11, 0x42, 0x0,

    /* U+88F3 "裳" */
    0x24, 0x9f, 0xfe, 0x0, 0xdf, 0xd2, 0x8, 0x7f,
    0x1, 0x7, 0xff, 0x11, 0x5d, 0x90, 0xc1, 0x80,

    /* U+88F4 "裴" */
    0xa, 0x1f, 0x7c, 0x28, 0x3d, 0xe0, 0xa0, 0x24,
    0x3f, 0xf8, 0xa2, 0xe2, 0x44, 0x31, 0xf1, 0x80,

    /* U+88F8 "裸" */
    0x8f, 0xe9, 0x27, 0xbf, 0x94, 0x94, 0xfe, 0xa2,
    0x3b, 0xfa, 0x9c, 0x45, 0x49, 0x25, 0x4, 0x0,

    /* U+88F9 "裹" */
    0x4, 0x1f, 0xfd, 0x11, 0x3f, 0xe4, 0x45, 0xff,
    0xc9, 0x26, 0x53, 0x11, 0x5d, 0x90, 0xc1, 0x80,

    /* U+8902 "褂" */
    0x84, 0x89, 0xd3, 0x92, 0x12, 0x45, 0xfc, 0xc1,
    0x71, 0x23, 0x74, 0x44, 0x88, 0xf1, 0x62, 0x0,

    /* U+8910 "褐" */
    0x87, 0xc8, 0x8b, 0x9f, 0x12, 0x24, 0x7c, 0xa4,
    0x39, 0xfa, 0xc5, 0x45, 0x68, 0xf5, 0x1, 0x80,

    /* U+8912 "褒" */
    0x4, 0x1f, 0xfc, 0xa1, 0x27, 0xec, 0x10, 0xbf,
    0xd1, 0x50, 0xd1, 0xe1, 0x45, 0x90, 0xc1, 0x80,

    /* U+8925 "褥" */
    0x8f, 0xe9, 0x3, 0xbf, 0x95, 0x54, 0xa4, 0xb6,
    0x7a, 0x12, 0xff, 0x4a, 0x49, 0x29, 0x43, 0x0,

    /* U+892A "褪" */
    0x89, 0xe8, 0xa7, 0x87, 0x90, 0x94, 0xde, 0xca,
    0xb1, 0x5b, 0x2a, 0x45, 0xa9, 0x41, 0x27, 0x80,

    /* U+8944 "襄" */
    0x4, 0x1f, 0xfd, 0x29, 0x3d, 0xe1, 0x10, 0xff,
    0x84, 0x47, 0xff, 0x11, 0x5d, 0x90, 0xc1, 0x80,

    /* U+895F "襟" */
    0x84, 0x49, 0xdf, 0x91, 0x17, 0x75, 0x54, 0xdf,
    0xf0, 0x3, 0x7f, 0x41, 0x8, 0xa9, 0x2c, 0x80,

    /* U+897F "西" */
    0xff, 0xe2, 0x20, 0x44, 0x7f, 0xf9, 0x13, 0x22,
    0x64, 0x4d, 0xf, 0xc0, 0x30, 0x7, 0xff, 0x80,

    /* U+8981 "要" */
    0xff, 0xe1, 0x41, 0xff, 0x25, 0x27, 0xfc, 0x10,
    0x3f, 0xf8, 0x84, 0x31, 0x1, 0xc3, 0xc7, 0x80,

    /* U+8986 "覆" */
    0xff, 0xe9, 0x49, 0xff, 0x12, 0x4, 0x7f, 0x30,
    0x8a, 0x12, 0x7e, 0xd4, 0x48, 0x71, 0x71, 0x80,

    /* U+89C1 "见" */
    0x7f, 0xc8, 0x9, 0x1, 0x22, 0x24, 0x44, 0x88,
    0x91, 0x10, 0x50, 0xa, 0x22, 0x47, 0x8f, 0x80,

    /* U+89C2 "观" */
    0x7, 0xde, 0x88, 0x55, 0x4a, 0xa5, 0x54, 0xaa,
    0x89, 0x51, 0x8, 0x52, 0xaa, 0x96, 0x23, 0x80,

    /* U+89C4 "规" */
    0x27, 0xc4, 0x8b, 0xd5, 0x12, 0xa2, 0x55, 0xea,
    0x89, 0x51, 0x8, 0x52, 0xaa, 0x96, 0x23, 0x80,

    /* U+89C5 "觅" */
    0x1, 0xff, 0xc9, 0x21, 0x12, 0x47, 0xfc, 0x80,
    0x91, 0x12, 0x22, 0xa, 0x2, 0x47, 0x8f, 0x80,

    /* U+89C6 "视" */
    0x8f, 0xc9, 0xb, 0xa5, 0x14, 0xa4, 0x94, 0x92,
    0xba, 0x52, 0x88, 0x42, 0xa8, 0x95, 0x63, 0x80,

    /* U+89C8 "览" */
    0x12, 0x12, 0x7e, 0x4a, 0x4a, 0x27, 0xfc, 0x80,
    0x91, 0x12, 0x22, 0xa, 0x2, 0x47, 0x8f, 0x80,

    /* U+89C9 "觉" */
    0x48, 0x44, 0x93, 0xff, 0xc0, 0x1b, 0xfa, 0x41,
    0x9, 0x21, 0x24, 0xa, 0x2, 0x47, 0x8f, 0x80,

    /* U+89D2 "角" */
    0x20, 0xf, 0xc4, 0x13, 0xff, 0x44, 0x5f, 0xf4,
    0x45, 0xff, 0x44, 0x51, 0x18, 0x4c,

    /* U+89E3 "解" */
    0x23, 0xe7, 0x25, 0x24, 0xff, 0x35, 0x40, 0xfa,
    0x95, 0x7b, 0xf2, 0x55, 0xea, 0x8a, 0x51, 0x0,

    /* U+89E6 "触" */
    0x40, 0x8e, 0x12, 0x4f, 0xfd, 0x5a, 0xab, 0xf5,
    0x6a, 0xff, 0xc4, 0xa8, 0xb5, 0x1e, 0xac, 0x80,

    /* U+8A00 "言" */
    0x8, 0x0, 0x83, 0xff, 0x80, 0x7, 0xfc, 0x0,
    0x1f, 0xf0, 0x0, 0x7f, 0xc8, 0x9, 0xff, 0x0,

    /* U+8A79 "詹" */
    0x1f, 0x4, 0x21, 0xff, 0xe4, 0x47, 0x6, 0x84,
    0x1f, 0xfa, 0x0, 0x5f, 0xca, 0xa, 0x7f, 0x0,

    /* U+8A89 "誉" */
    0x48, 0x44, 0x93, 0xff, 0x88, 0x82, 0x9, 0x88,
    0xdf, 0xf0, 0x0, 0x7f, 0xc8, 0x9, 0xff, 0x0,

    /* U+8A8A "誊" */
    0x24, 0x84, 0xa1, 0xff, 0x8, 0x8f, 0xfe, 0x49,
    0x17, 0xd4, 0x1, 0x7f, 0xc4, 0x10, 0xfe, 0x0,

    /* U+8A93 "誓" */
    0x20, 0xde, 0xe0, 0x90, 0x1b, 0xfe, 0x48, 0x51,
    0x3f, 0xf8, 0x0, 0x7f, 0xc8, 0x9, 0xff, 0x0,

    /* U+8B66 "警" */
    0x52, 0x1f, 0xfd, 0x55, 0x3a, 0xc0, 0xa5, 0xff,
    0xc0, 0x3, 0xfe, 0x20, 0x84, 0x10, 0xfe, 0x0,

    /* U+8B6C "譬" */
    0x78, 0x89, 0xfd, 0xe9, 0x43, 0xff, 0x88, 0x9f,
    0xde, 0x20, 0x20, 0xff, 0xe4, 0x10, 0xfe, 0x0,

    /* U+8BA1 "计" */
    0x41, 0x4, 0x20, 0x4, 0x0, 0x8c, 0xfe, 0x82,
    0x10, 0x42, 0x8, 0x51, 0xc, 0x21, 0x4, 0x0,

    /* U+8BA2 "订" */
    0x47, 0xe4, 0x10, 0x2, 0x0, 0x4e, 0x8, 0x41,
    0x8, 0x21, 0x4, 0x28, 0x86, 0x10, 0x8e, 0x0,

    /* U+8BA3 "讣" */
    0x41, 0x4, 0x20, 0x4, 0x0, 0x8e, 0x18, 0x42,
    0x88, 0x49, 0x8, 0x29, 0x6, 0x20, 0x84, 0x0,

    /* U+8BA4 "认" */
    0x41, 0x4, 0x20, 0x4, 0x0, 0x8e, 0x10, 0x42,
    0x8, 0xa1, 0x14, 0x24, 0x46, 0x88, 0xa0, 0x80,

    /* U+8BA5 "讥" */
    0x8f, 0x89, 0x10, 0x22, 0x4, 0x4c, 0x88, 0x91,
    0x12, 0x22, 0x44, 0x48, 0xad, 0x15, 0x43, 0x80,

    /* U+8BA8 "讨" */
    0x40, 0x44, 0x8, 0x3f, 0x80, 0x2e, 0x4, 0x48,
    0x88, 0x91, 0x12, 0x28, 0x46, 0x8, 0x87, 0x0,

    /* U+8BA9 "让" */
    0x41, 0x4, 0x20, 0x4, 0x0, 0x8e, 0x1e, 0x42,
    0x8, 0x41, 0x8, 0x29, 0x6, 0x20, 0xbf, 0x80,

    /* U+8BAB "讫" */
    0x84, 0x8, 0xfc, 0x20, 0x8, 0xc, 0xfc, 0x81,
    0x10, 0x42, 0x10, 0x44, 0xd, 0x5, 0x1f, 0x80,

    /* U+8BAD "训" */
    0x88, 0x29, 0x24, 0x24, 0x84, 0x9c, 0x92, 0x92,
    0x52, 0x4a, 0x49, 0x49, 0x2d, 0x25, 0x40, 0x80,

    /* U+8BAE "议" */
    0x82, 0x9, 0x24, 0x24, 0x84, 0x1c, 0x44, 0x88,
    0x91, 0x12, 0x14, 0x51, 0xc, 0x51, 0x31, 0x80,

    /* U+8BAF "讯" */
    0x9f, 0x88, 0x10, 0x12, 0x2, 0x4c, 0x48, 0xbf,
    0x11, 0x22, 0x24, 0x54, 0xac, 0x95, 0x11, 0x0,

    /* U+8BB0 "记" */
    0x8f, 0xc8, 0x8, 0x1, 0x0, 0x2c, 0x4, 0x9f,
    0x92, 0x2, 0x40, 0x58, 0x2d, 0x5, 0x1f, 0x80,

    /* U+8BB2 "讲" */
    0x84, 0x48, 0x88, 0x7f, 0x82, 0x2c, 0x44, 0x88,
    0x97, 0xfa, 0x22, 0x44, 0x4d, 0x9, 0x41, 0x0,

    /* U+8BB3 "讳" */
    0x82, 0x8, 0x40, 0x7f, 0x81, 0xc, 0xfc, 0x84,
    0x17, 0xfa, 0x11, 0x42, 0x2c, 0x59, 0x8, 0x0,

    /* U+8BB6 "讶" */
    0x8f, 0xe8, 0x88, 0x11, 0x4, 0x2c, 0xfe, 0x82,
    0x90, 0x52, 0x12, 0x64, 0x4b, 0x9, 0x3, 0x0,

    /* U+8BB8 "许" */
    0x88, 0x9, 0xf8, 0x44, 0x0, 0x8c, 0x10, 0xbf,
    0xd0, 0x42, 0x8, 0x41, 0xc, 0x21, 0x4, 0x0,

    /* U+8BB9 "讹" */
    0x85, 0x8, 0xa0, 0x24, 0x84, 0xad, 0x98, 0x96,
    0x12, 0x42, 0x48, 0x49, 0x2d, 0x25, 0x23, 0x80,

    /* U+8BBA "论" */
    0x81, 0x8, 0x50, 0x11, 0xc, 0x1c, 0x40, 0x88,
    0x91, 0x22, 0x38, 0x44, 0x2c, 0x85, 0xf, 0x80,

    /* U+8BBC "讼" */
    0x84, 0x88, 0x90, 0x21, 0x4, 0x2d, 0x2, 0x84,
    0x10, 0x82, 0x22, 0x54, 0x4d, 0x35, 0x38, 0x80,

    /* U+8BBD "讽" */
    0x8f, 0xc9, 0x8, 0x33, 0x5, 0x6c, 0x94, 0x92,
    0x92, 0xb2, 0x56, 0x4c, 0x4d, 0xd, 0x40, 0x80,

    /* U+8BBE "设" */
    0x87, 0x88, 0x90, 0x12, 0x2, 0x4d, 0x8e, 0x80,
    0x13, 0xf2, 0x42, 0x44, 0x8c, 0x61, 0x73, 0x80,

    /* U+8BBF "访" */
    0x82, 0x8, 0x20, 0x7f, 0x82, 0xc, 0x40, 0x8f,
    0x91, 0x12, 0x22, 0x48, 0x4d, 0x9, 0x46, 0x0,

    /* U+8BC0 "诀" */
    0x82, 0x8, 0x40, 0x3f, 0x1, 0x2c, 0x24, 0x84,
    0x97, 0xfa, 0x10, 0x45, 0xd, 0x11, 0x41, 0x80,

    /* U+8BC1 "证" */
    0x9f, 0xe8, 0x20, 0x4, 0x0, 0x8c, 0x90, 0x93,
    0xd2, 0x42, 0x48, 0x49, 0xd, 0x21, 0x7f, 0x80,

    /* U+8BC4 "评" */
    0x8f, 0xe8, 0x20, 0x24, 0x82, 0xac, 0x10, 0x9f,
    0xd0, 0x42, 0x8, 0x51, 0xc, 0x21, 0x4, 0x0,

    /* U+8BC5 "诅" */
    0x4f, 0xc5, 0x8, 0x21, 0x7, 0xec, 0x84, 0x90,
    0x93, 0xf2, 0x42, 0x48, 0x4d, 0x9, 0x7f, 0x80,

    /* U+8BC6 "识" */
    0x8f, 0xc9, 0x8, 0x21, 0x4, 0x2c, 0x84, 0x9f,
    0x90, 0x2, 0x0, 0x44, 0x8d, 0x9, 0x40, 0x80,

    /* U+8BC8 "诈" */
    0x84, 0x8, 0x80, 0x1f, 0x85, 0xd, 0x20, 0x87,
    0xd0, 0x82, 0x10, 0x53, 0xec, 0x41, 0x8, 0x0,

    /* U+8BC9 "诉" */
    0x80, 0xc9, 0xe0, 0x20, 0x4, 0xc, 0xfe, 0x91,
    0x12, 0x62, 0x46, 0x58, 0xad, 0x11, 0x42, 0x0,

    /* U+8BCA "诊" */
    0x81, 0x8, 0x50, 0x11, 0xc, 0x5c, 0x30, 0x98,
    0x90, 0x22, 0x19, 0x4c, 0x4c, 0x31, 0x38, 0x0,

    /* U+8BCC "诌" */
    0x84, 0x8, 0xf8, 0x21, 0x8, 0x4c, 0xfe, 0x80,
    0x50, 0xa, 0x7f, 0x40, 0x2c, 0x5, 0x3f, 0x80,

    /* U+8BCD "词" */
    0x8f, 0xe8, 0x4, 0x3e, 0x80, 0x1c, 0xfa, 0x91,
    0x52, 0x2a, 0x45, 0x4f, 0xac, 0x5, 0x3, 0x80,

    /* U+8BD1 "译" */
    0x4f, 0xe5, 0x4, 0x11, 0x1, 0xce, 0xc6, 0x42,
    0x9, 0xf1, 0x8, 0x2f, 0xe6, 0x20, 0x84, 0x0,

    /* U+8BD5 "试" */
    0x81, 0x48, 0x24, 0x7f, 0x80, 0x8c, 0x10, 0xbe,
    0x11, 0x22, 0x24, 0x44, 0xac, 0xed, 0x60, 0x80,

    /* U+8BD7 "诗" */
    0x81, 0x8, 0xf8, 0x4, 0x0, 0x8c, 0xfe, 0x80,
    0x93, 0xfa, 0x22, 0x52, 0x4c, 0x9, 0x7, 0x0,

    /* U+8BDA "诚" */
    0x40, 0xa4, 0x14, 0x3f, 0x84, 0x4c, 0xea, 0x95,
    0x52, 0xaa, 0x52, 0x4e, 0x4d, 0x15, 0x4c, 0x80,

    /* U+8BDB "诛" */
    0x89, 0x9, 0x20, 0x3f, 0x8, 0x8c, 0x10, 0xbf,
    0xd0, 0x42, 0x1c, 0x45, 0x4d, 0x25, 0x4, 0x0,

    /* U+8BDD "话" */
    0x80, 0xc9, 0xe0, 0x4, 0x0, 0x8c, 0xfe, 0x82,
    0x10, 0x42, 0x3e, 0x54, 0x4c, 0x89, 0x1f, 0x0,

    /* U+8BDE "诞" */
    0x9c, 0x28, 0xb8, 0x21, 0x8, 0x2d, 0xd6, 0x8a,
    0x95, 0x52, 0xaa, 0x49, 0xee, 0x81, 0x4f, 0x80,

    /* U+8BE1 "诡" */
    0x44, 0x4, 0xf0, 0x22, 0xf, 0xfc, 0x80, 0x97,
    0x92, 0x92, 0x56, 0x4a, 0xd, 0x45, 0x47, 0x80,

    /* U+8BE2 "询" */
    0x84, 0x8, 0xfc, 0x20, 0x8b, 0xdc, 0x4a, 0x8f,
    0x51, 0x2a, 0x25, 0x57, 0xac, 0x5, 0x3, 0x0,

    /* U+8BE3 "诣" */
    0x88, 0x29, 0x18, 0x3c, 0x4, 0x1c, 0x7e, 0x80,
    0x13, 0xfa, 0x41, 0x5f, 0xed, 0x5, 0x3f, 0x80,

    /* U+8BE5 "该" */
    0x41, 0x5, 0xfc, 0x8, 0x2, 0x2c, 0xf8, 0x82,
    0x10, 0x8a, 0x62, 0x40, 0x8c, 0x69, 0x30, 0x80,

    /* U+8BE6 "详" */
    0x44, 0x44, 0x50, 0x3f, 0x80, 0x8e, 0x10, 0x4f,
    0x88, 0x41, 0x8, 0x2f, 0xe6, 0x20, 0x84, 0x0,

    /* U+8BE7 "诧" */
    0x81, 0xb, 0xfc, 0x40, 0x88, 0xdc, 0xe0, 0x84,
    0x10, 0xfa, 0xf0, 0x42, 0xc, 0x45, 0x7, 0x80,

    /* U+8BEB "诫" */
    0x80, 0xa8, 0x14, 0x7f, 0x80, 0x4c, 0xaa, 0x95,
    0x57, 0xea, 0x52, 0x4a, 0x4d, 0x55, 0x4c, 0x80,

    /* U+8BEC "诬" */
    0x4f, 0xe4, 0x20, 0x4, 0x2, 0xae, 0x54, 0x4a,
    0x8a, 0xe9, 0x49, 0x21, 0x6, 0x20, 0xbf, 0x80,

    /* U+8BED "语" */
    0x8f, 0xe8, 0x40, 0x3f, 0x2, 0x2c, 0x44, 0xbf,
    0xd0, 0x2, 0x7f, 0x48, 0x2d, 0x5, 0x3f, 0x80,

    /* U+8BEF "误" */
    0x8f, 0xc9, 0x8, 0x21, 0x7, 0xec, 0x0, 0x9f,
    0x90, 0x42, 0xff, 0x41, 0xc, 0x51, 0x71, 0x80,

    /* U+8BF1 "诱" */
    0x47, 0xc4, 0x20, 0x3f, 0x81, 0xcc, 0x54, 0xb2,
    0x51, 0xf2, 0x12, 0x42, 0x6c, 0x85, 0x63, 0x0,

    /* U+8BF2 "诲" */
    0x88, 0x9, 0xfc, 0x40, 0x7, 0xec, 0xa4, 0x92,
    0x97, 0xfa, 0x52, 0x49, 0x4d, 0xfd, 0x1, 0x0,

    /* U+8BF4 "说" */
    0x88, 0x48, 0x90, 0x3f, 0x4, 0x2c, 0x84, 0x90,
    0x93, 0xf2, 0x24, 0x54, 0xad, 0x15, 0x43, 0x80,

    /* U+8BF5 "诵" */
    0x8f, 0xc8, 0x50, 0x4, 0x7, 0xfc, 0x92, 0x9f,
    0xd2, 0x4a, 0x7f, 0x59, 0x2d, 0x25, 0x25, 0x80,

    /* U+8BF7 "请" */
    0x81, 0x9, 0xf8, 0x4, 0x7, 0xec, 0x10, 0xbf,
    0xd2, 0x12, 0x7e, 0x58, 0x4d, 0xf9, 0x21, 0x0,

    /* U+8BF8 "诸" */
    0x82, 0x9, 0xf4, 0x9, 0x1, 0x4d, 0xfe, 0x84,
    0x11, 0xf2, 0xe2, 0x47, 0xcc, 0x89, 0x1f, 0x0,

    /* U+8BFA "诺" */
    0x84, 0x4b, 0xfc, 0x11, 0x1, 0xd, 0xfe, 0x84,
    0x11, 0x2, 0x7f, 0x54, 0x2c, 0x85, 0x1f, 0x80,

    /* U+8BFB "读" */
    0x81, 0x9, 0xf8, 0x4, 0xf, 0xfc, 0x42, 0xa5,
    0x12, 0x22, 0xff, 0x41, 0xc, 0xc9, 0x60, 0x80,

    /* U+8BFD "诽" */
    0x84, 0x88, 0x90, 0x73, 0x82, 0x4c, 0x48, 0xb9,
    0xd1, 0x22, 0x24, 0x5c, 0xec, 0x91, 0x12, 0x0,

    /* U+8BFE "课" */
    0x4f, 0xe5, 0x24, 0x3f, 0x84, 0x9c, 0xfe, 0x82,
    0x13, 0xfa, 0x1c, 0x45, 0x4d, 0x25, 0x4, 0x0,

    /* U+8C01 "谁" */
    0x85, 0x8, 0x90, 0x3f, 0x8c, 0x4c, 0xfe, 0x91,
    0x12, 0x22, 0x7f, 0x58, 0x8d, 0x11, 0x3f, 0x80,

    /* U+8C03 "调" */
    0x8f, 0xe9, 0x24, 0x2e, 0x84, 0x9c, 0xba, 0x90,
    0x52, 0xea, 0x55, 0x5b, 0xad, 0x5, 0x41, 0x80,

    /* U+8C05 "谅" */
    0x81, 0xb, 0xfc, 0x0, 0x7, 0xec, 0x84, 0x90,
    0x93, 0xf2, 0x8, 0x69, 0x4a, 0x25, 0xc, 0x0,

    /* U+8C06 "谆" */
    0x81, 0xb, 0xfc, 0x21, 0x7, 0xec, 0x0, 0x9f,
    0x90, 0x22, 0x8, 0x5f, 0xec, 0x21, 0xc, 0x0,

    /* U+8C08 "谈" */
    0x41, 0x4, 0xa4, 0x25, 0x0, 0x8c, 0x28, 0x98,
    0xd0, 0x42, 0x29, 0x49, 0x4c, 0x51, 0x31, 0x80,

    /* U+8C0A "谊" */
    0x81, 0xb, 0xfc, 0x40, 0x87, 0xec, 0x84, 0x9f,
    0x92, 0x12, 0x7e, 0x48, 0x4d, 0x9, 0x7f, 0x80,

    /* U+8C0B "谋" */
    0x44, 0x45, 0xfc, 0x11, 0x3, 0xec, 0x44, 0x8f,
    0x90, 0x42, 0x7f, 0x43, 0x8c, 0xa9, 0x24, 0x80,

    /* U+8C0D "谍" */
    0x45, 0x45, 0xfc, 0x15, 0x2, 0xec, 0x40, 0x8f,
    0xd0, 0x42, 0x7f, 0x43, 0x8c, 0xa9, 0x24, 0x80,

    /* U+8C0E "谎" */
    0x84, 0x8b, 0xfc, 0x12, 0x1, 0xd, 0xfe, 0x90,
    0x13, 0xf2, 0x0, 0x4a, 0x8d, 0x55, 0x4b, 0x80,

    /* U+8C10 "谐" */
    0x88, 0x89, 0xd4, 0x23, 0x5, 0x5c, 0xce, 0x82,
    0x13, 0xfa, 0x41, 0x5f, 0xed, 0x5, 0x3f, 0x80,

    /* U+8C13 "谓" */
    0x9f, 0xea, 0x24, 0x7f, 0x88, 0x9d, 0xfe, 0x90,
    0x93, 0xf2, 0x42, 0x4f, 0xcd, 0x9, 0x23, 0x0,

    /* U+8C17 "谗" */
    0x87, 0x89, 0x10, 0x7f, 0x84, 0x9c, 0xfe, 0x85,
    0x17, 0x3a, 0x18, 0x4c, 0xcc, 0x61, 0x3, 0x0,

    /* U+8C1A "谚" */
    0x81, 0x9, 0xfc, 0x11, 0x1, 0x4c, 0xfe, 0x91,
    0x12, 0xca, 0x46, 0x4b, 0x2d, 0x19, 0x5c, 0x0,

    /* U+8C1C "谜" */
    0x90, 0x89, 0x54, 0x7, 0x0, 0x4d, 0xbe, 0x91,
    0x12, 0x72, 0x55, 0x68, 0x8a, 0x81, 0x4f, 0x80,

    /* U+8C22 "谢" */
    0x84, 0x49, 0xc8, 0x2f, 0x87, 0x2c, 0xa4, 0x9e,
    0x92, 0xb2, 0xf2, 0x46, 0x4d, 0x49, 0x5b, 0x0,

    /* U+8C23 "谣" */
    0x40, 0x65, 0xf0, 0x24, 0xe2, 0xa4, 0x80, 0x9f,
    0xd0, 0x42, 0x7f, 0x41, 0xd, 0x25, 0x3f, 0x80,

    /* U+8C24 "谤" */
    0x81, 0x9, 0xfc, 0x11, 0x7, 0xfc, 0x82, 0x82,
    0x13, 0xfa, 0x10, 0x53, 0xec, 0x85, 0x63, 0x0,

    /* U+8C26 "谦" */
    0x88, 0x8b, 0xfc, 0x14, 0xf, 0xec, 0x54, 0xbf,
    0xd1, 0x52, 0xfe, 0x45, 0xd, 0xb1, 0x55, 0x80,

    /* U+8C28 "谨" */
    0x84, 0x49, 0xfc, 0x11, 0x7, 0xfc, 0x92, 0x92,
    0x53, 0xfa, 0x8, 0x4f, 0xec, 0x21, 0x3f, 0x80,

    /* U+8C29 "谩" */
    0x47, 0xc4, 0x88, 0x1f, 0x2, 0x2c, 0xfe, 0x95,
    0x53, 0xfa, 0x22, 0x42, 0x8c, 0x21, 0x3b, 0x80,

    /* U+8C2C "谬" */
    0x4e, 0xe4, 0x44, 0x2a, 0x83, 0x3c, 0xaa, 0x87,
    0x11, 0x12, 0xcd, 0x46, 0xc, 0x19, 0x3c, 0x0,

    /* U+8C2D "谭" */
    0x4f, 0xe4, 0x50, 0x3f, 0x85, 0x5e, 0xfe, 0x48,
    0x89, 0xf1, 0x22, 0x2f, 0xe6, 0x20, 0x84, 0x0,

    /* U+8C30 "谰" */
    0x93, 0xe9, 0x4, 0x4, 0x8b, 0xfd, 0x12, 0xaf,
    0xd5, 0x5a, 0xab, 0x57, 0xee, 0x75, 0x55, 0x80,

    /* U+8C31 "谱" */
    0x88, 0x4b, 0xfc, 0x12, 0x6, 0x6d, 0xfe, 0x80,
    0x13, 0xf2, 0x42, 0x5f, 0xcd, 0x9, 0x3f, 0x0,

    /* U+8C34 "谴" */
    0x90, 0x89, 0x7c, 0xa, 0x83, 0xfd, 0x80, 0x97,
    0x92, 0x92, 0x5f, 0x4a, 0x2d, 0x45, 0x5f, 0x80,

    /* U+8C37 "谷" */
    0x11, 0x4, 0x13, 0x11, 0x85, 0x3, 0x19, 0x80,
    0xcf, 0xe1, 0x4, 0x20, 0x84, 0x10, 0xfe, 0x0,

    /* U+8C41 "豁" */
    0x21, 0x5f, 0x46, 0xa2, 0x38, 0xa2, 0x23, 0xf8,
    0x8, 0xff, 0xd1, 0x8a, 0x31, 0x47, 0xef, 0x80,

    /* U+8C46 "豆" */
    0xff, 0xe0, 0x1, 0xff, 0x20, 0x24, 0x4, 0xff,
    0x80, 0x1, 0x4, 0x10, 0x82, 0x23, 0xff, 0x80,

    /* U+8C4C "豌" */
    0xf1, 0x1, 0xff, 0xa0, 0xd2, 0xa, 0x6f, 0xd5,
    0x42, 0xad, 0x37, 0xa2, 0x96, 0x97, 0x23, 0x80,

    /* U+8C61 "象" */
    0x3f, 0x8, 0x23, 0xff, 0x22, 0x27, 0xfc, 0x38,
    0x79, 0x90, 0xcc, 0xe7, 0x43, 0x27, 0x98, 0x0,

    /* U+8C62 "豢" */
    0x24, 0x44, 0x93, 0xff, 0x88, 0x8f, 0xfe, 0x88,
    0xa6, 0xab, 0x38, 0x1a, 0x9c, 0x4c, 0x30, 0x0,

    /* U+8C6A "豪" */
    0x4, 0x1f, 0xfc, 0x82, 0x1f, 0xc0, 0x1, 0xff,
    0xe3, 0x9, 0xb6, 0xcb, 0x6, 0x53, 0x31, 0x80,

    /* U+8C6B "豫" */
    0xf3, 0x82, 0x92, 0xbf, 0xa2, 0x9f, 0x7e, 0xa6,
    0x1b, 0x6a, 0x16, 0x4d, 0xa8, 0x57, 0x36, 0x0,

    /* U+8C79 "豹" */
    0x14, 0x1c, 0x81, 0x5f, 0x94, 0x1d, 0x2, 0x64,
    0x54, 0x4d, 0x89, 0x50, 0x32, 0x5, 0x83, 0x0,

    /* U+8C7A "豺" */
    0x10, 0x5c, 0x9, 0x5f, 0x90, 0x2d, 0xc, 0x61,
    0x94, 0x55, 0x92, 0x54, 0x52, 0x9, 0x87, 0x0,

    /* U+8C89 "貉" */
    0x24, 0x18, 0xf9, 0xa1, 0x6a, 0x44, 0x31, 0x49,
    0xe, 0x1b, 0x7e, 0xa8, 0x45, 0xb, 0x3f, 0x0,

    /* U+8C8C "貌" */
    0x11, 0x1c, 0xf9, 0x51, 0x13, 0xed, 0x44, 0x68,
    0x95, 0xf5, 0x94, 0x52, 0xb2, 0x95, 0xa3, 0x80,

    /* U+8D1D "贝" */
    0x7f, 0xc8, 0x9, 0x11, 0x22, 0x24, 0x44, 0x88,
    0x91, 0x12, 0x22, 0xa, 0x6, 0x33, 0x1, 0x80,

    /* U+8D1E "贞" */
    0x4, 0x0, 0xfc, 0x10, 0x3f, 0xe4, 0x4, 0x88,
    0x91, 0x12, 0x22, 0xa, 0x6, 0x33, 0x1, 0x80,

    /* U+8D1F "负" */
    0x20, 0x7, 0xe1, 0x4, 0x7f, 0xe4, 0x4, 0x88,
    0x91, 0x12, 0x22, 0xa, 0x6, 0x33, 0x1, 0x80,

    /* U+8D21 "贡" */
    0x7f, 0xc0, 0x83, 0xff, 0x80, 0x7, 0xfc, 0x80,
    0x91, 0x12, 0x22, 0xa, 0x6, 0x33, 0x1, 0x80,

    /* U+8D22 "财" */
    0xf8, 0x51, 0xa, 0xbf, 0xd4, 0x2a, 0x8d, 0x51,
    0xaa, 0x55, 0x52, 0x24, 0x4a, 0xa, 0x27, 0x0,

    /* U+8D23 "责" */
    0x4, 0x1f, 0xfc, 0x10, 0x3f, 0xe0, 0x41, 0xff,
    0xd0, 0x12, 0x22, 0x44, 0x43, 0x63, 0x83, 0x80,

    /* U+8D24 "贤" */
    0x17, 0xf2, 0x86, 0x49, 0x48, 0xc1, 0x66, 0xff,
    0x90, 0x12, 0x22, 0x44, 0x43, 0x63, 0x83, 0x80,

    /* U+8D25 "败" */
    0xfa, 0x11, 0x42, 0xaf, 0xd6, 0x2a, 0xa5, 0x54,
    0xaa, 0xa5, 0x54, 0x21, 0xa, 0x52, 0x31, 0x80,

    /* U+8D26 "账" */
    0xfa, 0x51, 0x4a, 0xaa, 0x55, 0x8a, 0xa1, 0x5f,
    0xea, 0xa5, 0x54, 0x22, 0x4a, 0x4a, 0x2c, 0x80,

    /* U+8D27 "货" */
    0x12, 0x24, 0x5b, 0xbc, 0x11, 0x12, 0x1e, 0xff,
    0x90, 0x12, 0x22, 0x44, 0x43, 0x63, 0x83, 0x80,

    /* U+8D28 "质" */
    0x1, 0xcf, 0xc1, 0x8, 0x3f, 0xf4, 0x20, 0xbf,
    0x94, 0x12, 0x92, 0x52, 0x48, 0xa2, 0x63, 0x0,

    /* U+8D29 "贩" */
    0xf8, 0x71, 0x72, 0xa8, 0x55, 0xa, 0xbf, 0x54,
    0x6a, 0x8d, 0x5a, 0x22, 0x8a, 0xaa, 0x28, 0x80,

    /* U+8D2A "贪" */
    0xe, 0x6, 0x33, 0x11, 0x9f, 0xc0, 0x10, 0xff,
    0x90, 0x12, 0x22, 0x44, 0x43, 0x63, 0x83, 0x80,

    /* U+8D2B "贫" */
    0x11, 0x4, 0x13, 0x1, 0x9f, 0xc1, 0x8, 0x43,
    0x1f, 0xf2, 0x22, 0x44, 0x43, 0x63, 0x83, 0x80,

    /* U+8D2C "贬" */
    0xf8, 0x71, 0xf2, 0xa4, 0x54, 0x4a, 0xff, 0x50,
    0x6a, 0x15, 0x42, 0x20, 0x8a, 0x62, 0x33, 0x80,

    /* U+8D2D "购" */
    0xfa, 0x11, 0x7e, 0xb0, 0xd4, 0x9a, 0x93, 0x52,
    0x6a, 0xad, 0x55, 0x27, 0x6a, 0x6, 0x23, 0x0,

    /* U+8D2E "贮" */
    0xf9, 0x11, 0x12, 0xaf, 0xd5, 0x1a, 0xa3, 0x50,
    0x2a, 0x5, 0x40, 0x20, 0xa, 0x2, 0x2f, 0x80,

    /* U+8D2F "贯" */
    0x3f, 0x84, 0x93, 0xff, 0x92, 0x43, 0xf8, 0x0,
    0x1f, 0xf2, 0x22, 0x44, 0x43, 0x63, 0x83, 0x80,

    /* U+8D30 "贰" */
    0x1, 0x5f, 0xfc, 0x4, 0x3e, 0x80, 0x11, 0xfe,
    0x11, 0x42, 0xa4, 0x54, 0xa5, 0xf, 0x18, 0x80,

    /* U+8D31 "贱" */
    0xf9, 0x51, 0x26, 0xa7, 0xd7, 0x8a, 0x91, 0x53,
    0xeb, 0xc5, 0x49, 0x20, 0xca, 0x36, 0x39, 0x80,

    /* U+8D34 "贴" */
    0xf8, 0x91, 0x12, 0xa3, 0xd4, 0x4a, 0x89, 0x51,
    0x2a, 0xfd, 0x51, 0x22, 0x2a, 0x46, 0x2f, 0x80,

    /* U+8D35 "贵" */
    0x4, 0xf, 0xf9, 0x11, 0x3f, 0xe0, 0x41, 0xff,
    0xd0, 0x12, 0x22, 0x44, 0x43, 0x63, 0x83, 0x80,

    /* U+8D37 "贷" */
    0x12, 0x44, 0x7f, 0xb8, 0x10, 0x92, 0xe, 0xff,
    0x90, 0x12, 0x22, 0x44, 0x43, 0x63, 0x83, 0x80,

    /* U+8D38 "贸" */
    0xf7, 0xf0, 0x26, 0x28, 0xfe, 0x60, 0x0, 0x7f,
    0x8, 0x21, 0x24, 0x24, 0x83, 0x63, 0x83, 0x80,

    /* U+8D39 "费" */
    0x12, 0x1f, 0xf8, 0x49, 0x7f, 0xf9, 0x23, 0xff,
    0xd0, 0x12, 0x22, 0x44, 0x43, 0x63, 0x83, 0x80,

    /* U+8D3A "贺" */
    0x20, 0x1f, 0x7c, 0xa8, 0xa5, 0x19, 0xbe, 0x0,
    0x1f, 0xf2, 0x22, 0x44, 0x43, 0x63, 0x83, 0x80,

    /* U+8D3C "贼" */
    0xf8, 0xb1, 0x16, 0xbf, 0xd4, 0x4a, 0xab, 0x55,
    0x6b, 0xed, 0x52, 0x22, 0x4a, 0x96, 0x24, 0x80,

    /* U+8D3E "贾" */
    0xff, 0xe2, 0x23, 0xff, 0xc8, 0x9f, 0xfe, 0x0,
    0x1f, 0xf2, 0x22, 0x44, 0x43, 0x63, 0x83, 0x80,

    /* U+8D3F "贿" */
    0xf9, 0x11, 0xfe, 0xa4, 0x55, 0xa, 0xbf, 0x5c,
    0x6a, 0xfd, 0x51, 0x23, 0xea, 0x46, 0x29, 0x80,

    /* U+8D41 "赁" */
    0x2f, 0xc8, 0x23, 0x7f, 0xa0, 0x84, 0xfc, 0x0,
    0x1f, 0xf2, 0x22, 0x44, 0x43, 0x63, 0x83, 0x80,

    /* U+8D42 "赂" */
    0xf9, 0x11, 0x3e, 0xa8, 0xd6, 0xaa, 0x89, 0x52,
    0xab, 0x8d, 0x5f, 0x22, 0x2a, 0x46, 0x2f, 0x80,

    /* U+8D43 "赃" */
    0xf8, 0x91, 0x7e, 0xa8, 0x55, 0x2a, 0xa5, 0x57,
    0xea, 0x95, 0x52, 0x22, 0x4a, 0x4a, 0x37, 0x80,

    /* U+8D44 "资" */
    0x44, 0x4, 0xfc, 0x24, 0x91, 0x4c, 0xc6, 0x0,
    0x1f, 0xf2, 0x22, 0x44, 0x43, 0x63, 0x83, 0x80,

    /* U+8D4A "赊" */
    0xf9, 0x91, 0x4a, 0xb0, 0xd5, 0xea, 0x81, 0x50,
    0x2b, 0xfd, 0x44, 0x22, 0xca, 0x96, 0x26, 0x0,

    /* U+8D4B "赋" */
    0xf7, 0x72, 0xa, 0xff, 0xd8, 0x2b, 0x15, 0x6a,
    0xad, 0x75, 0xaa, 0x25, 0x4a, 0xb6, 0x38, 0x80,

    /* U+8D4C "赌" */
    0xf9, 0x11, 0xf6, 0xa5, 0x54, 0xca, 0xff, 0x52,
    0x2a, 0xfd, 0x51, 0x27, 0xea, 0x46, 0x2f, 0x80,

    /* U+8D4E "赎" */
    0xf9, 0x11, 0xfa, 0xa4, 0x57, 0xfa, 0xa3, 0x5b,
    0x2a, 0xa5, 0x7f, 0x21, 0xa, 0x4a, 0x30, 0x80,

    /* U+8D4F "赏" */
    0x24, 0x9f, 0xfe, 0x0, 0xdf, 0xd2, 0x8, 0xff,
    0x90, 0x12, 0x22, 0x44, 0x43, 0x63, 0x83, 0x80,

    /* U+8D50 "赐" */
    0xfb, 0xf1, 0x46, 0xaf, 0xd5, 0x1a, 0xbf, 0x52,
    0x2a, 0x7d, 0x55, 0x24, 0xaa, 0x26, 0x29, 0x80,

    /* U+8D54 "赔" */
    0xf8, 0x91, 0x7e, 0xa0, 0x55, 0x1a, 0x95, 0x5f,
    0xea, 0x5, 0x5f, 0x22, 0x2a, 0x46, 0x2f, 0x80,

    /* U+8D56 "赖" */
    0x21, 0x1f, 0xb8, 0x89, 0x7f, 0xfa, 0xa3, 0x55,
    0x7e, 0xa9, 0x15, 0x70, 0x95, 0xa8, 0x88, 0x80,

    /* U+8D58 "赘" */
    0x22, 0x1f, 0x7c, 0x91, 0x7e, 0xa4, 0x89, 0x7f,
    0xc8, 0x21, 0x24, 0x24, 0x83, 0x63, 0x83, 0x80,

    /* U+8D5A "赚" */
    0xfa, 0x55, 0xfe, 0xaa, 0x57, 0xfa, 0xab, 0x5f,
    0xea, 0xad, 0x7f, 0x22, 0x8a, 0xda, 0x2a, 0x80,

    /* U+8D5B "赛" */
    0x4, 0x1f, 0xfe, 0x44, 0xbf, 0xe1, 0x11, 0xff,
    0xc8, 0x23, 0xfe, 0xa4, 0xa1, 0x41, 0xc7, 0x0,

    /* U+8D5E "赞" */
    0xa2, 0x9f, 0x7c, 0x92, 0x7d, 0xf5, 0x15, 0x34,
    0xdf, 0xf2, 0x22, 0x44, 0x43, 0x63, 0x83, 0x80,

    /* U+8D60 "赠" */
    0xfa, 0x51, 0xfe, 0xa4, 0xd6, 0xba, 0xff, 0x50,
    0x2a, 0xf5, 0x52, 0x23, 0xca, 0x4a, 0x2f, 0x0,

    /* U+8D61 "赡" */
    0xe7, 0xd5, 0x12, 0xff, 0xd4, 0xaa, 0xe3, 0x51,
    0x2b, 0xfd, 0x40, 0xf, 0xea, 0x86, 0x5f, 0x80,

    /* U+8D62 "赢" */
    0x4, 0x1f, 0xfd, 0x0, 0x3f, 0xe2, 0x9, 0xff,
    0xea, 0xaf, 0x55, 0xaa, 0xfc, 0x96, 0xaa, 0x80,

    /* U+8D63 "赣" */
    0x21, 0x1f, 0x79, 0x59, 0x7c, 0xc8, 0xe7, 0xf7,
    0xa2, 0x27, 0xdf, 0x22, 0x3f, 0x10, 0x9d, 0x80,

    /* U+8D64 "赤" */
    0x4, 0xf, 0xf8, 0x10, 0x2, 0xf, 0xfe, 0x22,
    0x14, 0x52, 0x89, 0x91, 0x24, 0x21, 0xc, 0x0,

    /* U+8D66 "赦" */
    0x11, 0xf, 0xa0, 0x47, 0x89, 0x2f, 0xd4, 0x52,
    0x9b, 0x55, 0x5a, 0x28, 0x89, 0x2a, 0x68, 0x80,

    /* U+8D6B "赫" */
    0x20, 0x9f, 0x7c, 0x82, 0x10, 0x4f, 0xbe, 0xa2,
    0x94, 0x56, 0xdb, 0x55, 0x4a, 0x2a, 0xcb, 0x0,

    /* U+8D70 "走" */
    0x4, 0xf, 0xf8, 0x10, 0x2, 0xf, 0xfe, 0x8,
    0x9, 0x1, 0x3e, 0x24, 0xb, 0x82, 0xf, 0x80,

    /* U+8D74 "赴" */
    0x11, 0xf, 0xa0, 0x44, 0x8, 0xcf, 0xd4, 0x22,
    0x54, 0x42, 0xe8, 0x51, 0x16, 0x2, 0x3f, 0x80,

    /* U+8D75 "赵" */
    0x10, 0xf, 0x84, 0x48, 0x88, 0xaf, 0xd4, 0x21,
    0x14, 0x52, 0xe9, 0x52, 0x36, 0x2, 0x3f, 0x80,

    /* U+8D76 "赶" */
    0x13, 0xef, 0x90, 0x42, 0x8, 0x4f, 0xbe, 0x21,
    0x14, 0x22, 0xe4, 0x50, 0x96, 0x2, 0x3f, 0x80,

    /* U+8D77 "起" */
    0x13, 0xcf, 0x8, 0x41, 0x8, 0x2f, 0xbc, 0x24,
    0x14, 0x8a, 0xd1, 0x51, 0xf6, 0x2, 0x3f, 0x80,

    /* U+8D81 "趁" */
    0x21, 0x8e, 0x48, 0xb2, 0x90, 0x8f, 0x64, 0x43,
    0x29, 0x8d, 0x86, 0xa7, 0x1c, 0x2, 0x7f, 0x80,

    /* U+8D85 "超" */
    0x13, 0xef, 0xa4, 0x44, 0x89, 0x3f, 0xc0, 0x27,
    0xd4, 0x8a, 0xf1, 0x53, 0xf6, 0x2, 0x3f, 0x80,

    /* U+8D8A "越" */
    0x10, 0xaf, 0x7c, 0x4a, 0x9, 0x5f, 0xaa, 0x24,
    0x94, 0xb2, 0xdb, 0x52, 0xb6, 0x2, 0x3f, 0x80,

    /* U+8D8B "趋" */
    0x11, 0xf, 0x3c, 0x48, 0x88, 0x2f, 0xbe, 0x20,
    0x54, 0xfa, 0xc1, 0x53, 0xf6, 0x2, 0x3f, 0x80,

    /* U+8D9F "趟" */
    0x14, 0xaf, 0x58, 0x42, 0x9, 0xff, 0xa2, 0x27,
    0x54, 0xaa, 0xdd, 0x52, 0x76, 0x2, 0x3f, 0x80,

    /* U+8DA3 "趣" */
    0x2f, 0x8e, 0xa0, 0x9f, 0x92, 0x9f, 0x7a, 0x4a,
    0xad, 0xd5, 0x6d, 0xa1, 0x3c, 0x2, 0x7f, 0x80,

    /* U+8DB3 "足" */
    0x7f, 0xc8, 0x9, 0x1, 0x20, 0x27, 0xfc, 0x8,
    0x9, 0x1, 0x3e, 0x24, 0xb, 0x82, 0xf, 0x80,

    /* U+8DB4 "趴" */
    0xf4, 0x92, 0x92, 0x52, 0x7a, 0x42, 0x48, 0x49,
    0x2d, 0x25, 0x42, 0xa8, 0x55, 0xb, 0x40, 0x80,

    /* U+8DBE "趾" */
    0xf1, 0x12, 0x22, 0x44, 0x7a, 0x82, 0x5e, 0x4a,
    0x2d, 0x45, 0x28, 0xa5, 0x16, 0xa3, 0x3f, 0x80,

    /* U+8DC3 "跃" */
    0xf0, 0xd2, 0xe2, 0x44, 0x78, 0x82, 0x10, 0x5f,
    0xec, 0x45, 0x14, 0xa2, 0x96, 0x8b, 0x20, 0x80,

    /* U+8DCB "跋" */
    0xf2, 0x92, 0x4a, 0x7f, 0xf9, 0x2, 0x20, 0x47,
    0xac, 0x95, 0x12, 0xa5, 0x56, 0x93, 0x2d, 0x80,

    /* U+8DCC "跌" */
    0xf5, 0x12, 0xa2, 0x5f, 0x7c, 0x82, 0x10, 0x42,
    0x2b, 0xfd, 0x88, 0xa2, 0x96, 0x8b, 0x20, 0x80,

    /* U+8DD1 "跑" */
    0xf4, 0x12, 0xfe, 0x60, 0xfb, 0xd2, 0x4a, 0x49,
    0x6d, 0xed, 0x23, 0xa4, 0x16, 0x87, 0xf, 0x80,

    /* U+8DDD "距" */
    0xf7, 0xf2, 0x82, 0x50, 0x7b, 0xf2, 0x42, 0x48,
    0x6d, 0xd, 0x3f, 0xa4, 0x16, 0x83, 0x1f, 0x80,

    /* U+8DDF "跟" */
    0xf7, 0xf2, 0x86, 0x5f, 0xfa, 0x12, 0x42, 0x4f,
    0xed, 0x25, 0x25, 0xa4, 0x56, 0xab, 0x18, 0x80,

    /* U+8DE8 "跨" */
    0xf1, 0x13, 0xfe, 0x4a, 0x7a, 0x22, 0xba, 0x40,
    0x2d, 0xfd, 0x10, 0xa3, 0xd6, 0xb, 0x6, 0x0,

    /* U+8DEA "跪" */
    0xf2, 0x12, 0x7a, 0x51, 0x7b, 0xf2, 0xc0, 0x4b,
    0xed, 0x4d, 0x2b, 0xa5, 0x16, 0xa7, 0x23, 0x80,

    /* U+8DEF "路" */
    0xf2, 0x12, 0x7a, 0x51, 0x7d, 0x42, 0x10, 0x45,
    0x2f, 0x1d, 0x3e, 0xa4, 0x56, 0x8b, 0x1f, 0x0,

    /* U+8DF3 "跳" */
    0xf2, 0x92, 0x52, 0x6a, 0xfb, 0x62, 0x28, 0x45,
    0x2d, 0xb5, 0x55, 0xa2, 0x96, 0x97, 0x23, 0x80,

    /* U+8DF5 "践" */
    0xf1, 0x52, 0x26, 0x47, 0xfb, 0x82, 0x10, 0x43,
    0xed, 0xc5, 0x9, 0xa0, 0xd6, 0x37, 0x39, 0x80,

    /* U+8DFA "跺" */
    0xf7, 0x92, 0x92, 0x52, 0x7a, 0x42, 0x8e, 0x42,
    0x2c, 0x45, 0x7f, 0xa3, 0x96, 0xab, 0x24, 0x80,

    /* U+8E0A "踊" */
    0xf7, 0xd2, 0x52, 0x44, 0x7b, 0xf2, 0x52, 0x4f,
    0xed, 0x4d, 0x3f, 0xa5, 0x36, 0xa7, 0x15, 0x80,

    /* U+8E0C "踌" */
    0xf0, 0x92, 0xfe, 0x42, 0x7b, 0xf2, 0x10, 0x5f,
    0xec, 0x95, 0x3f, 0xaa, 0x56, 0x2b, 0x3, 0x0,

    /* U+8E0F "踏" */
    0xf0, 0x93, 0xd6, 0x4b, 0x7a, 0x52, 0x98, 0x40,
    0x2d, 0xfd, 0x21, 0xa7, 0xf6, 0x87, 0x1f, 0x80,

    /* U+8E1E "踞" */
    0xf7, 0xf2, 0x86, 0x50, 0xfb, 0xf2, 0x48, 0x4f,
    0xed, 0x25, 0x3f, 0xa6, 0x37, 0x47, 0x2f, 0x80,

    /* U+8E22 "踢" */
    0xf7, 0xf2, 0x86, 0x5f, 0xfa, 0x12, 0x7e, 0x44,
    0x2d, 0xfd, 0x55, 0xa4, 0xb7, 0x27, 0x9, 0x80,

    /* U+8E29 "踩" */
    0xf0, 0x73, 0xf2, 0x48, 0xfc, 0x92, 0x44, 0x42,
    0x2b, 0xfd, 0x9c, 0xa5, 0x57, 0x27, 0x4, 0x0,

    /* U+8E2A "踪" */
    0xf1, 0x13, 0xfe, 0x60, 0xf8, 0x2, 0x7c, 0x40,
    0x2b, 0xfd, 0x88, 0xa5, 0x57, 0x27, 0xc, 0x0,

    /* U+8E44 "蹄" */
    0xf1, 0x13, 0xfe, 0x51, 0x79, 0x42, 0xfe, 0x52,
    0x6d, 0xf5, 0x2a, 0xa5, 0x56, 0xbb, 0x4, 0x0,

    /* U+8E48 "蹈" */
    0xf0, 0x73, 0xf2, 0x48, 0xfc, 0xa2, 0x20, 0x59,
    0xee, 0xd, 0x77, 0xa8, 0x37, 0x7, 0x3f, 0x80,

    /* U+8E4B "蹋" */
    0xf7, 0xd2, 0x8a, 0x5f, 0x7a, 0x22, 0x7c, 0x60,
    0x2b, 0xbd, 0x55, 0xa6, 0x77, 0x57, 0x19, 0x80,

    /* U+8E66 "蹦" */
    0xe1, 0x15, 0x26, 0xbf, 0xf0, 0x2, 0xee, 0x55,
    0x6f, 0xbd, 0x55, 0xae, 0xf7, 0x57, 0x2d, 0x80,

    /* U+8E6C "蹬" */
    0xf6, 0xb2, 0x5a, 0x6a, 0xfa, 0x22, 0x7c, 0x50,
    0x6d, 0xf5, 0x22, 0xa7, 0xd6, 0x53, 0x3f, 0x80,

    /* U+8E6D "蹭" */
    0xf4, 0x53, 0xfe, 0x64, 0xfe, 0xb2, 0xfe, 0x40,
    0x2d, 0xf5, 0x22, 0xa7, 0xd6, 0x8b, 0x1f, 0x0,

    /* U+8E72 "蹲" */
    0xf4, 0x53, 0xfe, 0x4a, 0x7f, 0xf2, 0xaa, 0x55,
    0x6f, 0x7d, 0x41, 0xaf, 0xf6, 0x8b, 0xb, 0x0,

    /* U+8E7F "蹿" */
    0xf1, 0x13, 0xfe, 0x6a, 0xfa, 0x22, 0x92, 0x4f,
    0xad, 0x55, 0x7f, 0xa9, 0x37, 0xff, 0x4, 0x0,

    /* U+8E81 "躁" */
    0xf7, 0xd2, 0x8a, 0x5f, 0x7f, 0x72, 0xaa, 0x5d,
    0xec, 0x45, 0x7f, 0xa3, 0x96, 0xab, 0x24, 0x80,

    /* U+8E87 "躇" */
    0xf4, 0x93, 0xfe, 0x52, 0x79, 0x2, 0xfa, 0x44,
    0xaf, 0xfd, 0x22, 0xaf, 0xd6, 0x8b, 0x1f, 0x0,

    /* U+8EAB "身" */
    0x8, 0x7, 0xf0, 0x82, 0x1f, 0xc2, 0x8, 0x7f,
    0x48, 0x37, 0xfc, 0x4, 0x83, 0x13, 0x8e, 0x0,

    /* U+8EAC "躬" */
    0x23, 0xef, 0x5, 0x20, 0xbd, 0xf4, 0xa0, 0xf4,
    0x12, 0xff, 0xc1, 0x28, 0x29, 0x6, 0x67, 0x0,

    /* U+8EAF "躯" */
    0x27, 0xee, 0x81, 0x59, 0x3a, 0xa5, 0x54, 0xe9,
    0x15, 0x27, 0xaa, 0x36, 0x4a, 0x82, 0xdf, 0x80,

    /* U+8EB2 "躲" */
    0x27, 0x8e, 0x91, 0x52, 0x3a, 0x45, 0x8e, 0xe2,
    0x14, 0x47, 0xff, 0x33, 0x8a, 0xaa, 0xe4, 0x80,

    /* U+8EBA "躺" */
    0x29, 0x2e, 0xa9, 0x44, 0x3b, 0xf5, 0x42, 0xef,
    0x55, 0xaf, 0xb5, 0x37, 0xaa, 0x86, 0xd1, 0x80,

    /* U+8F66 "车" */
    0x8, 0x1f, 0xfc, 0x40, 0x12, 0x4, 0x40, 0xff,
    0x81, 0x0, 0x20, 0xff, 0xe0, 0x80, 0x10, 0x0,

    /* U+8F67 "轧" */
    0x22, 0x1f, 0x41, 0x8, 0x51, 0xa, 0x21, 0xf4,
    0x8, 0x81, 0xd0, 0xe2, 0x24, 0x44, 0x87, 0x80,

    /* U+8F68 "轨" */
    0x22, 0x1e, 0x41, 0x8, 0x57, 0xca, 0x29, 0xe5,
    0x8, 0xa1, 0x94, 0xe4, 0xa4, 0x94, 0xa3, 0x80,

    /* U+8F69 "轩" */
    0x27, 0xde, 0x21, 0x4, 0x50, 0x8a, 0x11, 0xef,
    0xc8, 0x41, 0x88, 0xe1, 0x4, 0x20, 0x84, 0x0,

    /* U+8F6C "转" */
    0x21, 0x1e, 0xf9, 0x4, 0x50, 0x8a, 0xff, 0xe4,
    0x9, 0xf1, 0x82, 0xe2, 0x84, 0x20, 0x82, 0x0,

    /* U+8F6E "轮" */
    0x21, 0x1e, 0x51, 0x11, 0x54, 0x1a, 0x41, 0xe8,
    0x89, 0x21, 0xb8, 0xe4, 0x24, 0x84, 0x8f, 0x80,

    /* U+8F6F "软" */
    0x22, 0x1f, 0x41, 0xf, 0xd2, 0x1a, 0x55, 0xf2,
    0x8, 0x41, 0xd4, 0xe2, 0x84, 0x88, 0xa0, 0x80,

    /* U+8F70 "轰" */
    0x10, 0x1f, 0xfc, 0x90, 0x3f, 0xe0, 0x41, 0xff,
    0xc1, 0x7, 0xdf, 0x8a, 0x2e, 0x3a, 0x28, 0x80,

    /* U+8F74 "轴" */
    0x21, 0x1e, 0x21, 0x3f, 0xd4, 0x9a, 0x93, 0xf2,
    0x4b, 0xf9, 0xc9, 0xe9, 0x25, 0x24, 0xbf, 0x80,

    /* U+8F7B "轻" */
    0x27, 0xde, 0x9, 0x2, 0x50, 0x8a, 0x69, 0xf0,
    0xc9, 0xf1, 0x88, 0xe1, 0x4, 0x20, 0xbf, 0x80,

    /* U+8F7D "载" */
    0x11, 0x4f, 0xa4, 0x44, 0x7f, 0xf2, 0x11, 0xfa,
    0x54, 0x53, 0xe4, 0x10, 0xbf, 0xac, 0x48, 0x80,

    /* U+8F7F "轿" */
    0x20, 0xde, 0xe1, 0x4, 0x57, 0xfa, 0x29, 0xe8,
    0x8a, 0x99, 0x92, 0xe2, 0x44, 0x88, 0xa1, 0x0,

    /* U+8F83 "较" */
    0x21, 0x1e, 0xfd, 0x0, 0x52, 0x2a, 0x83, 0xe8,
    0x89, 0x11, 0x94, 0xe1, 0x4, 0x50, 0xb1, 0x80,

    /* U+8F85 "辅" */
    0x21, 0x5d, 0xfd, 0x4, 0x57, 0xfa, 0x93, 0xff,
    0xca, 0x49, 0xff, 0xe9, 0x25, 0x24, 0xa5, 0x80,

    /* U+8F86 "辆" */
    0x2f, 0xfe, 0x51, 0xa, 0x57, 0xfa, 0xab, 0xf5,
    0x4a, 0xa9, 0xeb, 0xe8, 0x25, 0x4, 0xa1, 0x80,

    /* U+8F88 "辈" */
    0xa, 0xf, 0x78, 0x28, 0x3d, 0xe0, 0xa1, 0xff,
    0xc9, 0x3, 0xfe, 0x4, 0x1f, 0xfc, 0x10, 0x0,

    /* U+8F89 "辉" */
    0x27, 0xf4, 0x86, 0xa4, 0x3b, 0xf2, 0x21, 0xf9,
    0x15, 0xfa, 0x84, 0x57, 0xeb, 0x12, 0x42, 0x0,

    /* U+8F8A "辊" */
    0x27, 0xfe, 0x85, 0x1f, 0xd2, 0x1a, 0x7f, 0xe0,
    0x9, 0x29, 0xb6, 0xe4, 0x84, 0xb4, 0x9b, 0x80,

    /* U+8F90 "辐" */
    0x2f, 0xfe, 0x1, 0x1f, 0x52, 0x2a, 0x7d, 0xe0,
    0xb, 0xf9, 0xc9, 0xef, 0xe5, 0x24, 0xbf, 0x80,

    /* U+8F91 "辑" */
    0x27, 0xde, 0x89, 0x1f, 0x50, 0xa, 0xff, 0xe8,
    0x89, 0xf1, 0xa2, 0xe5, 0xe5, 0xc8, 0x81, 0x0,

    /* U+8F93 "输" */
    0x21, 0x1e, 0x51, 0x11, 0x55, 0xda, 0x1, 0xfd,
    0x4a, 0xa9, 0xf5, 0xea, 0xa5, 0xc4, 0xa9, 0x80,

    /* U+8F95 "辕" */
    0x21, 0x1e, 0xf9, 0x4, 0x57, 0xfa, 0x45, 0xe8,
    0x89, 0xf1, 0x94, 0xec, 0xa4, 0xa8, 0x98, 0x80,

    /* U+8F96 "辖" */
    0x21, 0x1f, 0xfd, 0x24, 0xd3, 0xea, 0x11, 0xef,
    0x88, 0x41, 0xff, 0xe4, 0x44, 0x88, 0x9f, 0x0,

    /* U+8F97 "辗" */
    0x2f, 0xff, 0x5, 0x3f, 0xd4, 0xaa, 0xff, 0xf2,
    0x8b, 0xf9, 0xd4, 0xea, 0xa5, 0x48, 0xcc, 0x80,

    /* U+8F99 "辙" */
    0x44, 0x9f, 0xd1, 0x23, 0xc9, 0x5d, 0xd3, 0xd5,
    0x53, 0xab, 0x55, 0xce, 0x49, 0x55, 0x2c, 0x80,

    /* U+8F9B "辛" */
    0x8, 0x0, 0x81, 0xff, 0x10, 0x41, 0x11, 0xff,
    0xc1, 0x0, 0x20, 0x7f, 0xc0, 0x80, 0x10, 0x0,

    /* U+8F9C "辜" */
    0x4, 0x1f, 0xfc, 0x10, 0x1f, 0xc2, 0x8, 0xff,
    0x84, 0x47, 0xff, 0x4, 0xf, 0xf8, 0x10, 0x0,

    /* U+8F9E "辞" */
    0x19, 0x1c, 0x10, 0x8f, 0x90, 0xaf, 0x94, 0x4f,
    0xc8, 0x27, 0xc4, 0x8b, 0xf1, 0x13, 0xe2, 0x0,

    /* U+8F9F "辟" */
    0x79, 0x9, 0x11, 0x2f, 0xbc, 0xa4, 0x14, 0x8f,
    0xde, 0x23, 0x44, 0xab, 0xe5, 0x10, 0xe2, 0x0,

    /* U+8FA3 "辣" */
    0x40, 0x84, 0xff, 0xe2, 0x2b, 0xf5, 0x4b, 0xf9,
    0x49, 0xf9, 0xc, 0xfa, 0xc4, 0x97, 0x2, 0x0,

    /* U+8FA8 "辨" */
    0x22, 0x9f, 0x7d, 0x29, 0x25, 0x2f, 0xbe, 0x55,
    0x8, 0xa7, 0xdf, 0x22, 0x88, 0x91, 0x22, 0x0,

    /* U+8FA9 "辩" */
    0x49, 0x4, 0x93, 0xef, 0xa8, 0xa5, 0xd5, 0xef,
    0xc9, 0x21, 0x24, 0xf5, 0xe4, 0xd1, 0x12, 0x0,

    /* U+8FAB "辫" */
    0x24, 0x9f, 0x3d, 0x45, 0x2f, 0xaf, 0x5e, 0x51,
    0xa, 0x27, 0xff, 0x40, 0x88, 0xd1, 0x62, 0x0,

    /* U+8FB0 "辰" */
    0x7f, 0xe8, 0x1, 0x7f, 0x20, 0x7, 0xfe, 0xa2,
    0x14, 0x4a, 0x8a, 0x50, 0x8a, 0xca, 0x60, 0x80,

    /* U+8FB1 "辱" */
    0x7f, 0xe8, 0x1, 0xff, 0xa8, 0xa5, 0x49, 0x30,
    0xc0, 0x27, 0xff, 0x20, 0x82, 0x10, 0xe, 0x0,

    /* U+8FB9 "边" */
    0x82, 0x8, 0x40, 0x3f, 0x81, 0x1c, 0x22, 0x84,
    0x51, 0xa, 0x21, 0x48, 0xd4, 0x2, 0x7f, 0x80,

    /* U+8FBD "辽" */
    0x9f, 0xc8, 0x8, 0x2, 0x0, 0x8c, 0x10, 0x82,
    0x10, 0x42, 0x8, 0x47, 0x14, 0x2, 0x7f, 0x80,

    /* U+8FBE "达" */
    0x81, 0x8, 0x20, 0x4, 0xf, 0xfc, 0x10, 0x85,
    0x10, 0xa2, 0x22, 0x48, 0x34, 0x2, 0x7f, 0x80,

    /* U+8FC1 "迁" */
    0x80, 0xc9, 0xe0, 0x4, 0x0, 0x8d, 0xfe, 0x82,
    0x10, 0x42, 0x8, 0x41, 0x14, 0x2, 0x7f, 0x80,

    /* U+8FC2 "迂" */
    0x8f, 0xc8, 0x20, 0x4, 0x0, 0x8d, 0xfe, 0x82,
    0x10, 0x42, 0x8, 0x47, 0x14, 0x2, 0x7f, 0x80,

    /* U+8FC4 "迄" */
    0x88, 0x9, 0xfc, 0x40, 0x7, 0xec, 0x8, 0x86,
    0x11, 0x2, 0x41, 0x47, 0xf4, 0x2, 0x7f, 0x80,

    /* U+8FC5 "迅" */
    0x9f, 0x88, 0x10, 0x12, 0x2, 0x4d, 0xf8, 0x89,
    0x11, 0x2a, 0x25, 0x44, 0x54, 0x2, 0x7f, 0x80,

    /* U+8FC7 "过" */
    0x80, 0x88, 0x10, 0x7f, 0x80, 0x4c, 0x88, 0x89,
    0x11, 0x22, 0x4, 0x43, 0x94, 0x2, 0x7f, 0x80,

    /* U+8FC8 "迈" */
    0x9f, 0xe8, 0x80, 0x10, 0x3, 0xec, 0x44, 0x88,
    0x92, 0x12, 0x42, 0x51, 0x94, 0x2, 0x7f, 0x80,

    /* U+8FCE "迎" */
    0x84, 0xb, 0x3c, 0x44, 0x88, 0x9d, 0x12, 0xa2,
    0x55, 0x4a, 0xcb, 0x41, 0x14, 0x22, 0x7f, 0x80,

    /* U+8FD0 "运" */
    0x8f, 0xc8, 0x0, 0x0, 0xf, 0xfc, 0x40, 0x88,
    0x92, 0x12, 0x4d, 0x5e, 0x34, 0x2, 0x7f, 0x80,

    /* U+8FD1 "近" */
    0x80, 0xc9, 0xe0, 0x20, 0x4, 0xc, 0xfe, 0x91,
    0x12, 0x22, 0x44, 0x50, 0x94, 0x2, 0x7f, 0x80,

    /* U+8FD4 "返" */
    0x80, 0xe9, 0xe0, 0x20, 0x4, 0xc, 0xfe, 0x98,
    0x52, 0x92, 0x4c, 0x56, 0x74, 0x2, 0x7f, 0x80,

    /* U+8FD8 "还" */
    0x9f, 0xe8, 0x20, 0x8, 0x1, 0xc, 0x68, 0x94,
    0x94, 0x8a, 0x10, 0x42, 0x14, 0x2, 0x7f, 0x80,

    /* U+8FD9 "这" */
    0x82, 0x8, 0x20, 0x7f, 0x80, 0x2c, 0x44, 0x85,
    0x10, 0x42, 0x14, 0x4c, 0x74, 0x2, 0x7f, 0x80,

    /* U+8FDB "进" */
    0x84, 0x88, 0x90, 0x7f, 0x82, 0x4c, 0x48, 0xbf,
    0xd1, 0x22, 0x24, 0x48, 0x94, 0x2, 0x7f, 0x80,

    /* U+8FDC "远" */
    0x8f, 0xc8, 0x0, 0x0, 0xf, 0xfc, 0x48, 0x89,
    0x12, 0x22, 0x45, 0x50, 0xf4, 0x2, 0x7f, 0x80,

    /* U+8FDD "违" */
    0x82, 0xb, 0xfc, 0x8, 0x7, 0xec, 0x20, 0xbf,
    0xd0, 0x8a, 0x11, 0x42, 0xd4, 0x42, 0x7f, 0x80,

    /* U+8FDE "连" */
    0x82, 0xb, 0xfc, 0x10, 0x4, 0x8c, 0x90, 0x9f,
    0xd0, 0x42, 0xff, 0x41, 0x14, 0x22, 0x7f, 0x80,

    /* U+8FDF "迟" */
    0x8f, 0xc9, 0x8, 0x21, 0x7, 0xec, 0x80, 0x92,
    0x12, 0x22, 0x82, 0x50, 0x34, 0x2, 0x7f, 0x80,

    /* U+8FE2 "迢" */
    0x9f, 0xe8, 0x44, 0x10, 0x8c, 0x6c, 0x0, 0x9f,
    0x92, 0x12, 0x42, 0x4f, 0xd4, 0x2, 0x7f, 0x80,

    /* U+8FEA "迪" */
    0x81, 0x8, 0x20, 0x3f, 0x84, 0x9c, 0x92, 0x9f,
    0xd2, 0x4a, 0x49, 0x4f, 0xf4, 0x2, 0x7f, 0x80,

    /* U+8FEB "迫" */
    0x81, 0x8, 0x40, 0x3f, 0x4, 0x2c, 0x84, 0x9f,
    0x92, 0x12, 0x42, 0x4f, 0xd4, 0x2, 0x7f, 0x80,

    /* U+8FED "迭" */
    0x89, 0x9, 0x20, 0x3f, 0x8, 0x8c, 0x10, 0xbf,
    0xd0, 0xa2, 0x22, 0x58, 0x34, 0x2, 0x7f, 0x80,

    /* U+8FF0 "述" */
    0x81, 0x48, 0x24, 0x4, 0xf, 0xfc, 0x10, 0x87,
    0x11, 0x52, 0xc9, 0x41, 0x14, 0x2, 0x7f, 0x80,

    /* U+8FF7 "迷" */
    0x81, 0x9, 0x24, 0x15, 0x0, 0x8d, 0xfe, 0x87,
    0x11, 0x52, 0xc9, 0x41, 0x14, 0x2, 0x7f, 0x80,

    /* U+8FF8 "迸" */
    0x88, 0x48, 0x90, 0x7f, 0x82, 0x4c, 0x48, 0xbf,
    0xd1, 0x22, 0x24, 0x48, 0x94, 0x2, 0x7f, 0x80,

    /* U+8FF9 "迹" */
    0x82, 0x8, 0x20, 0x7f, 0x82, 0x4d, 0x4c, 0xa9,
    0x59, 0x2a, 0x24, 0x49, 0x94, 0x2, 0x7f, 0x80,

    /* U+8FFD "追" */
    0x82, 0x9, 0xf8, 0x21, 0x7, 0xec, 0x80, 0x9f,
    0x92, 0x12, 0x42, 0x4f, 0xd4, 0x2, 0x7f, 0x80,

    /* U+9000 "退" */
    0x8f, 0xc9, 0x8, 0x3f, 0x4, 0x2c, 0xfc, 0x94,
    0x52, 0x52, 0x54, 0x4c, 0x74, 0x2, 0x7f, 0x80,

    /* U+9001 "送" */
    0x84, 0x48, 0x50, 0x3f, 0x80, 0x8c, 0x10, 0x9f,
    0xd0, 0x42, 0x14, 0x4c, 0x74, 0x2, 0x7f, 0x80,

    /* U+9002 "适" */
    0x80, 0xc9, 0xe0, 0x4, 0xf, 0xfc, 0x10, 0x9f,
    0x92, 0x12, 0x42, 0x4f, 0xd4, 0x2, 0x7f, 0x80,

    /* U+9003 "逃" */
    0x85, 0xa, 0xa8, 0x36, 0x2, 0x8c, 0xd8, 0xaa,
    0x91, 0x42, 0x49, 0x51, 0xf4, 0x2, 0x7f, 0x80,

    /* U+9006 "逆" */
    0x84, 0x48, 0x50, 0x7f, 0x80, 0x8c, 0x92, 0x92,
    0x53, 0xfa, 0x8, 0x42, 0x14, 0x82, 0x7f, 0x80,

    /* U+9009 "选" */
    0x89, 0x9, 0xf8, 0x44, 0x0, 0x8d, 0xfe, 0x89,
    0x11, 0x22, 0x45, 0x50, 0xf4, 0x2, 0x7f, 0x80,

    /* U+900A "逊" */
    0x9c, 0x88, 0x90, 0x22, 0x5, 0x6c, 0xea, 0xb5,
    0x52, 0x22, 0x44, 0x59, 0x94, 0x2, 0x7f, 0x80,

    /* U+900F "透" */
    0x8f, 0xc8, 0x20, 0x7f, 0x82, 0xad, 0x92, 0x9f,
    0x90, 0x9a, 0x21, 0x58, 0xd4, 0x2, 0x7f, 0x80,

    /* U+9010 "逐" */
    0x9f, 0xe8, 0x40, 0x14, 0x8d, 0xac, 0x58, 0xb6,
    0x91, 0x4a, 0xc9, 0x46, 0x14, 0x2, 0x7f, 0x80,

    /* U+9012 "递" */
    0x84, 0x48, 0x50, 0x3f, 0x80, 0x9c, 0xfe, 0x92,
    0x13, 0xfa, 0x29, 0x49, 0x74, 0x2, 0x7f, 0x80,

    /* U+9014 "途" */
    0x83, 0x88, 0x88, 0x60, 0x83, 0xec, 0x10, 0x9f,
    0xd0, 0x42, 0x2a, 0x4b, 0x34, 0x2, 0x7f, 0x80,

    /* U+9017 "逗" */
    0x9f, 0xe8, 0x0, 0x3f, 0x4, 0x2c, 0xfc, 0x80,
    0x12, 0x12, 0x24, 0x5f, 0xf4, 0x2, 0x7f, 0x80,

    /* U+901A "通" */
    0x8f, 0xc8, 0x50, 0x4, 0x7, 0xfc, 0x92, 0x9f,
    0xd2, 0x4a, 0x7f, 0x49, 0x34, 0x2, 0x7f, 0x80,

    /* U+901B "逛" */
    0x95, 0xe9, 0x8, 0x51, 0x2, 0x2c, 0xde, 0xa8,
    0x91, 0x12, 0x22, 0x59, 0xf4, 0x2, 0x7f, 0x80,

    /* U+901D "逝" */
    0x88, 0x69, 0x30, 0x74, 0x4, 0xfc, 0x94, 0x9a,
    0x96, 0x52, 0x4a, 0x5a, 0x54, 0x2, 0x7f, 0x80,

    /* U+901E "逞" */
    0x8f, 0xc9, 0x8, 0x3f, 0x0, 0xd, 0xfe, 0x82,
    0x13, 0xf2, 0x8, 0x5f, 0xf4, 0x2, 0x7f, 0x80,

    /* U+901F "速" */
    0x81, 0xb, 0xfc, 0x4, 0x7, 0xfc, 0x92, 0x9f,
    0xd0, 0xe2, 0x2a, 0x59, 0x34, 0x22, 0x7f, 0x80,

    /* U+9020 "造" */
    0x89, 0x9, 0xf8, 0x44, 0x0, 0x8d, 0xfe, 0x80,
    0x13, 0xf2, 0x42, 0x4f, 0xd4, 0x2, 0x7f, 0x80,

    /* U+9022 "逢" */
    0x82, 0x8, 0x78, 0x31, 0x1, 0xcd, 0xc6, 0x82,
    0x13, 0xf2, 0x8, 0x5f, 0xf4, 0x22, 0x7f, 0x80,

    /* U+902E "逮" */
    0x82, 0x9, 0xf8, 0x9, 0xf, 0xfc, 0x24, 0x9f,
    0x94, 0x92, 0x54, 0x52, 0x74, 0xc2, 0x7f, 0x80,

    /* U+9038 "逸" */
    0x87, 0x89, 0x10, 0x7f, 0x84, 0x9c, 0x92, 0x9f,
    0xd0, 0xd2, 0x29, 0x59, 0xf4, 0x2, 0x7f, 0x80,

    /* U+903B "逻" */
    0x9f, 0xea, 0x94, 0x7f, 0x81, 0xc, 0x7e, 0xb8,
    0x50, 0x92, 0xc, 0x4e, 0x14, 0x2, 0x7f, 0x80,

    /* U+903C "逼" */
    0x8f, 0xe8, 0x0, 0x1f, 0x2, 0x2c, 0xfe, 0x92,
    0x53, 0xfa, 0x49, 0x4f, 0xf4, 0x2, 0x7f, 0x80,

    /* U+903E "逾" */
    0x43, 0x84, 0x88, 0x3e, 0xcd, 0x14, 0xea, 0x15,
    0x7b, 0xa9, 0x51, 0x2a, 0x6a, 0x2, 0x3f, 0x80,

    /* U+9041 "遁" */
    0x9f, 0xca, 0x20, 0x7f, 0x88, 0x8d, 0x7c, 0xa8,
    0x95, 0xf2, 0xa2, 0x57, 0xd4, 0x2, 0x7f, 0x80,

    /* U+9042 "遂" */
    0x88, 0x48, 0x90, 0x7f, 0x83, 0xd, 0xb2, 0x8a,
    0x96, 0xe2, 0x2a, 0x59, 0x34, 0xc2, 0x7f, 0x80,

    /* U+9047 "遇" */
    0x8f, 0xc9, 0x28, 0x3f, 0x4, 0xac, 0xfc, 0x82,
    0x17, 0xfa, 0x89, 0x57, 0xb4, 0x2, 0x7f, 0x80,

    /* U+904D "遍" */
    0x81, 0xb, 0xfc, 0x40, 0x8f, 0xfd, 0x0, 0xbf,
    0xd6, 0xab, 0x7f, 0x4a, 0xb4, 0x2, 0x7f, 0x80,

    /* U+904F "遏" */
    0x8f, 0xc9, 0x8, 0x3f, 0x4, 0x2c, 0xfe, 0xa2,
    0x52, 0xaa, 0x7d, 0x40, 0x74, 0x2, 0x7f, 0x80,

    /* U+9053 "道" */
    0x84, 0x8b, 0xfc, 0x8, 0x7, 0xec, 0x84, 0x9f,
    0x92, 0x12, 0x42, 0x4f, 0xd4, 0x2, 0x7f, 0x80,

    /* U+9057 "遗" */
    0x81, 0x9, 0xf8, 0x25, 0xf, 0xfc, 0x0, 0x9f,
    0x92, 0x52, 0x4a, 0x42, 0x95, 0x8a, 0x7f, 0x80,

    /* U+9063 "遣" */
    0x81, 0x9, 0xf8, 0x25, 0xf, 0xfc, 0x0, 0x9f,
    0x12, 0x22, 0x7e, 0x48, 0x55, 0xa, 0x7f, 0x80,

    /* U+9065 "遥" */
    0x4f, 0xe4, 0x4, 0x29, 0x47, 0xf4, 0x10, 0x1f,
    0xf8, 0x41, 0x29, 0x27, 0xea, 0x2, 0x3f, 0x80,

    /* U+906D "遭" */
    0x82, 0x8b, 0xfc, 0xa, 0x7, 0xfc, 0xaa, 0x9f,
    0xd2, 0xaa, 0x7f, 0x44, 0x54, 0x8a, 0x7f, 0x80,

    /* U+906E "遮" */
    0x81, 0xb, 0xfc, 0x40, 0xa, 0x2d, 0xfe, 0xa8,
    0x95, 0xf3, 0x0, 0x4a, 0xb4, 0x2, 0x7f, 0x80,

    /* U+9075 "遵" */
    0x84, 0x4b, 0xfc, 0xa, 0x7, 0xfc, 0xaa, 0x9b,
    0xd2, 0xa, 0xff, 0x44, 0x54, 0x5a, 0x7f, 0x80,

    /* U+907F "避" */
    0x9c, 0x8a, 0xfc, 0x55, 0x4e, 0xa5, 0x3e, 0x39,
    0x3d, 0xfa, 0xa4, 0x5c, 0x94, 0x2, 0x7f, 0x80,

    /* U+9080 "邀" */
    0x88, 0x8b, 0xd0, 0x4b, 0x8f, 0x9d, 0x2a, 0xbd,
    0x51, 0x2b, 0xfa, 0x52, 0x54, 0xd6, 0x7f, 0x80,

    /* U+9091 "邑" */
    0x7f, 0x10, 0x47, 0xf0, 0x0, 0xff, 0xa2, 0x28,
    0x8b, 0xfe, 0x80, 0x20, 0x17, 0xfc,

    /* U+9093 "邓" */
    0xfb, 0xe1, 0x46, 0x28, 0xc5, 0x25, 0x24, 0xa4,
    0x48, 0x89, 0x11, 0x52, 0xc9, 0x42, 0x8, 0x0,

    /* U+90A2 "邢" */
    0xfd, 0xe9, 0x25, 0x24, 0xa4, 0xa4, 0x95, 0xfa,
    0x52, 0x4a, 0x49, 0x49, 0xc9, 0x22, 0x24, 0x0,

    /* U+90A3 "那" */
    0xfd, 0xe4, 0xa4, 0x94, 0xfe, 0xa2, 0x54, 0x4a,
    0x7f, 0x49, 0x29, 0x25, 0xc8, 0xa2, 0x64, 0x0,

    /* U+90A6 "邦" */
    0x11, 0xff, 0xa4, 0x44, 0x88, 0xa7, 0xd4, 0x22,
    0x44, 0x4f, 0xe9, 0x11, 0xc4, 0x23, 0x4, 0x0,

    /* U+90AA "邪" */
    0xfd, 0xe9, 0x25, 0x24, 0xc4, 0xaf, 0xd4, 0x52,
    0x4a, 0x4a, 0x49, 0x49, 0xd1, 0x20, 0x64, 0x0,

    /* U+90AE "邮" */
    0x10, 0xe2, 0x17, 0xfa, 0xc9, 0x59, 0x2d, 0x25,
    0x7f, 0xac, 0x95, 0x92, 0xf2, 0x53, 0xfa, 0x0,

    /* U+90AF "邯" */
    0x45, 0xe8, 0xa7, 0xfc, 0xa2, 0xa4, 0x54, 0x8a,
    0x5f, 0x4a, 0x29, 0x45, 0xc8, 0xa1, 0xf4, 0x0,

    /* U+90B1 "邱" */
    0xd, 0xee, 0x25, 0x4, 0xa0, 0xa7, 0xd4, 0x92,
    0x52, 0x4a, 0x49, 0x49, 0xc9, 0xa3, 0xc4, 0x0,

    /* U+90B5 "邵" */
    0xfd, 0xe4, 0xa4, 0x94, 0xa2, 0xa8, 0xd4, 0x2,
    0x7f, 0x4c, 0x29, 0x85, 0xd0, 0xa3, 0xf4, 0x0,

    /* U+90B9 "邹" */
    0x41, 0xef, 0x26, 0x24, 0x88, 0xaf, 0xd4, 0xa,
    0x41, 0x4f, 0xe9, 0x5, 0xc0, 0xa3, 0xf4, 0x0,

    /* U+90BB "邻" */
    0x11, 0xe5, 0x25, 0x14, 0xc1, 0xa2, 0x14, 0x22,
    0x7f, 0xc8, 0x29, 0x49, 0xc6, 0x20, 0x34, 0x0,

    /* U+90C1 "郁" */
    0x21, 0xff, 0xa4, 0x84, 0xa0, 0xa7, 0xd5, 0x8a,
    0x5f, 0x4a, 0x29, 0x7d, 0xc8, 0xa1, 0x34, 0x0,

    /* U+90CA "郊" */
    0x10, 0xff, 0xd4, 0x2, 0xa2, 0x58, 0x2c, 0x89,
    0x51, 0x29, 0x45, 0x10, 0xe5, 0x13, 0x1a, 0x0,

    /* U+90CE "郎" */
    0x23, 0xff, 0x46, 0x28, 0xfd, 0x28, 0xa9, 0x14,
    0xbe, 0x8c, 0x91, 0x92, 0x35, 0x5b, 0x28, 0x0,

    /* U+90D1 "郑" */
    0x45, 0xe5, 0x25, 0xf4, 0x88, 0xa1, 0x14, 0x22,
    0x7f, 0x48, 0x89, 0x29, 0xc8, 0xa2, 0x4, 0x0,

    /* U+90DD "郝" */
    0x11, 0xef, 0xa4, 0x44, 0x88, 0xaf, 0xf4, 0x4a,
    0x59, 0x4d, 0x39, 0x25, 0xc8, 0xa2, 0x34, 0x0,

    /* U+90E1 "郡" */
    0x7d, 0xe2, 0xa7, 0xfc, 0x8a, 0xa7, 0xd4, 0x22,
    0x48, 0x4b, 0xe9, 0xc5, 0xc8, 0xa1, 0xf4, 0x0,

    /* U+90E7 "郧" */
    0x7c, 0xe8, 0x95, 0xf2, 0x80, 0x5f, 0xed, 0x5,
    0x64, 0xac, 0x95, 0x28, 0xe8, 0x92, 0xa, 0x0,

    /* U+90E8 "部" */
    0x11, 0xef, 0xa4, 0x4, 0xa2, 0xa2, 0x95, 0xfe,
    0x40, 0x4b, 0xe9, 0x45, 0xc8, 0xa1, 0xf4, 0x0,

    /* U+90ED "郭" */
    0x11, 0xff, 0xe5, 0x14, 0xbe, 0xa0, 0x14, 0xfa,
    0x42, 0x48, 0xb9, 0xf9, 0xc2, 0x20, 0xc4, 0x0,

    /* U+90F4 "郴" */
    0x24, 0xe4, 0x97, 0xfe, 0x92, 0x52, 0x4c, 0xd9,
    0x5b, 0xad, 0xad, 0x24, 0xe4, 0x90, 0x92, 0x0,

    /* U+90F8 "郸" */
    0x44, 0xe5, 0x17, 0xfa, 0xc9, 0x5f, 0xed, 0x25,
    0x7f, 0xa8, 0x85, 0xfe, 0xe2, 0x10, 0x42, 0x0,

    /* U+90FD "都" */
    0x21, 0xfe, 0xa4, 0xa4, 0x98, 0xaf, 0xd4, 0x42,
    0x5f, 0x4e, 0x29, 0x7d, 0xc8, 0xa1, 0xf4, 0x0,

    /* U+9102 "鄂" */
    0xee, 0xf5, 0x57, 0xba, 0x80, 0x57, 0xcc, 0x1,
    0x7f, 0xaa, 0x5, 0x7c, 0xe0, 0x90, 0x62, 0x0,

    /* U+9119 "鄙" */
    0x7c, 0xe8, 0x95, 0xf2, 0x88, 0x5f, 0xec, 0x21,
    0x7f, 0xac, 0x15, 0xba, 0xf5, 0x53, 0xfa, 0x0,

    /* U+9149 "酉" */
    0xff, 0xe1, 0x40, 0x28, 0x3f, 0xe4, 0xa4, 0xa4,
    0x98, 0xf2, 0x2, 0x7f, 0xc8, 0x9, 0xff, 0x0,

    /* U+914B "酋" */
    0x20, 0x82, 0x23, 0xff, 0x85, 0x7, 0xfc, 0x94,
    0x9c, 0xf2, 0x2, 0x7f, 0xc8, 0x9, 0xff, 0x0,

    /* U+914C "酌" */
    0xfa, 0xa, 0x41, 0x4f, 0xfd, 0x1a, 0xc3, 0x52,
    0x76, 0x2c, 0x45, 0xf8, 0x31, 0x7, 0xe3, 0x0,

    /* U+914D "配" */
    0xfb, 0xea, 0x5, 0x40, 0xfc, 0x1a, 0x83, 0x57,
    0xf6, 0x84, 0x50, 0xfa, 0x31, 0x47, 0xe7, 0x80,

    /* U+9152 "酒" */
    0x9f, 0xe8, 0x90, 0x12, 0x4f, 0xf5, 0x4a, 0x29,
    0x46, 0x3a, 0x81, 0x5f, 0xf2, 0x6, 0x7f, 0x80,

    /* U+9157 "酗" */
    0xfa, 0x2a, 0x45, 0x45, 0x7d, 0xba, 0xab, 0x55,
    0x76, 0xac, 0x5b, 0xfb, 0x71, 0x47, 0xef, 0x80,

    /* U+915A "酚" */
    0xf9, 0x4a, 0x29, 0x48, 0xfd, 0x1a, 0xc1, 0x57,
    0xf6, 0x4c, 0x49, 0xfa, 0x31, 0x47, 0xf3, 0x0,

    /* U+915D "酝" */
    0xfb, 0xca, 0x1, 0x40, 0x7c, 0xa, 0xff, 0x52,
    0x36, 0x44, 0x52, 0xfa, 0x51, 0x97, 0xfc, 0x80,

    /* U+915E "酞" */
    0xf9, 0xa, 0x21, 0x44, 0x7f, 0xfa, 0x91, 0x55,
    0x36, 0xa4, 0x54, 0xfc, 0x51, 0xcb, 0xe4, 0x80,

    /* U+9163 "酣" */
    0xfa, 0x4a, 0x49, 0x5f, 0xfd, 0x2a, 0xa5, 0x54,
    0xb6, 0xf4, 0x52, 0xfa, 0x51, 0x4b, 0xef, 0x0,

    /* U+9165 "酥" */
    0xf8, 0x6a, 0x71, 0x42, 0x7c, 0x4a, 0xff, 0x51,
    0x36, 0x64, 0x56, 0xfc, 0xb1, 0x13, 0xe2, 0x0,

    /* U+916A "酪" */
    0xf9, 0xa, 0x3d, 0x48, 0xfe, 0xaa, 0x89, 0x52,
    0xb7, 0x8c, 0x5f, 0xfa, 0x31, 0x47, 0xef, 0x80,

    /* U+916C "酬" */
    0xfa, 0xaa, 0x55, 0x4a, 0xfd, 0xda, 0xef, 0x55,
    0x76, 0xac, 0x55, 0xfa, 0xb1, 0x57, 0xf2, 0x80,

    /* U+916E "酮" */
    0xfb, 0xea, 0x45, 0x4f, 0xfd, 0x1a, 0xbb, 0x55,
    0x76, 0xac, 0x55, 0xfb, 0xb1, 0x47, 0xe9, 0x80,

    /* U+9171 "酱" */
    0x12, 0x12, 0x7d, 0x54, 0x88, 0x63, 0x70, 0xa0,
    0x3f, 0xfa, 0x52, 0x73, 0xc8, 0x9, 0xff, 0x0,

    /* U+9175 "酵" */
    0xf9, 0xa, 0xf5, 0x45, 0x7f, 0xfa, 0x91, 0x57,
    0xb7, 0x14, 0x44, 0xff, 0xf1, 0x13, 0xe6, 0x0,

    /* U+9176 "酶" */
    0xfa, 0xa, 0x7d, 0x50, 0x7d, 0xea, 0xb5, 0x55,
    0xb7, 0xfc, 0x5a, 0xfa, 0xd1, 0x7f, 0xe1, 0x0,

    /* U+9177 "酷" */
    0xfa, 0x8a, 0x7d, 0x52, 0x7c, 0x4a, 0xff, 0x50,
    0x36, 0xfc, 0x51, 0xfa, 0x31, 0x47, 0xef, 0x80,

    /* U+9178 "酸" */
    0xfa, 0x4a, 0x89, 0x5f, 0xfc, 0xaa, 0x95, 0x5c,
    0xf6, 0x74, 0x72, 0xfa, 0x51, 0x33, 0xf9, 0x80,

    /* U+917F "酿" */
    0xf8, 0x8a, 0x7d, 0x48, 0xfd, 0xfa, 0xa3, 0x57,
    0xf6, 0xa4, 0x55, 0xfa, 0x51, 0x5b, 0xec, 0x80,

    /* U+9187 "醇" */
    0xf9, 0xa, 0xfd, 0x49, 0x7d, 0xea, 0x81, 0x57,
    0xb6, 0x14, 0x44, 0xff, 0xf1, 0x13, 0xe6, 0x0,

    /* U+9189 "醉" */
    0xf8, 0x8a, 0x7d, 0x45, 0x7c, 0xaa, 0xab, 0x50,
    0x36, 0x24, 0x5f, 0xf8, 0x91, 0x13, 0xe2, 0x0,

    /* U+918B "醋" */
    0xf9, 0x4a, 0x7d, 0x45, 0x7c, 0xaa, 0xff, 0x50,
    0x36, 0xfc, 0x51, 0xfb, 0xf1, 0x47, 0xef, 0x80,

    /* U+9192 "醒" */
    0xfb, 0xea, 0x45, 0x4f, 0xfd, 0x1a, 0xbf, 0x55,
    0x36, 0xfc, 0x64, 0xfb, 0xf1, 0x13, 0xef, 0x80,

    /* U+919A "醚" */
    0xf0, 0x89, 0x55, 0x17, 0x78, 0x49, 0xdf, 0x69,
    0x35, 0x74, 0xb5, 0xf4, 0x92, 0x83, 0xef, 0x80,

    /* U+919B "醛" */
    0xfa, 0x4a, 0xfd, 0x49, 0x7c, 0xca, 0xa5, 0x58,
    0x76, 0xf4, 0x44, 0xfb, 0xd1, 0x13, 0xff, 0x80,

    /* U+91C7 "采" */
    0x1, 0xcf, 0xc0, 0x21, 0x22, 0x42, 0x10, 0x8,
    0x3f, 0xf8, 0xa8, 0x24, 0x98, 0x8c, 0x10, 0x0,

    /* U+91C9 "釉" */
    0x19, 0x1c, 0x20, 0xbf, 0xdc, 0x96, 0x93, 0xf2,
    0x4b, 0xfb, 0x49, 0x79, 0x35, 0x24, 0xbf, 0x80,

    /* U+91CA "释" */
    0x1f, 0xfd, 0x4, 0x91, 0x59, 0xc6, 0xc7, 0xe2,
    0x9, 0xf3, 0x88, 0x6f, 0xf4, 0x20, 0x84, 0x0,

    /* U+91CC "里" */
    0x7f, 0xc8, 0x89, 0x11, 0x3f, 0xe4, 0x44, 0x88,
    0x9f, 0xf0, 0x20, 0x7f, 0xc0, 0x83, 0xff, 0x80,

    /* U+91CD "重" */
    0x7f, 0xc0, 0x83, 0xff, 0xa2, 0x27, 0xfc, 0x88,
    0x9f, 0xf0, 0x20, 0x7f, 0xc0, 0x83, 0xff, 0x80,

    /* U+91CE "野" */
    0xfb, 0xf5, 0x7, 0xe5, 0x54, 0x4a, 0xff, 0xf1,
    0x48, 0x37, 0xc4, 0x20, 0x87, 0x13, 0xe, 0x0,

    /* U+91CF "量" */
    0x7f, 0xc8, 0x9, 0xff, 0x20, 0x2f, 0xfe, 0x88,
    0x9f, 0xf2, 0x22, 0x7f, 0xc0, 0x83, 0xff, 0x80,

    /* U+91D1 "金" */
    0x4, 0x1, 0x40, 0xc6, 0x60, 0x33, 0xf8, 0x8,
    0x1, 0x3, 0xfe, 0x24, 0x82, 0xa3, 0xff, 0x80,

    /* U+91DC "釜" */
    0x31, 0x9a, 0x2c, 0x38, 0x18, 0xcc, 0x6, 0x7f,
    0x1, 0x3, 0xfe, 0x24, 0x82, 0xa3, 0xff, 0x80,

    /* U+9274 "鉴" */
    0x12, 0x12, 0x7e, 0x54, 0x48, 0x49, 0x4, 0x3e,
    0x9, 0x23, 0xfe, 0xa4, 0xa2, 0xa3, 0xff, 0x80,

    /* U+9488 "针" */
    0x41, 0xe, 0x22, 0x4, 0x78, 0x84, 0xfe, 0x82,
    0x3c, 0x42, 0x8, 0x51, 0xc, 0x21, 0x4, 0x0,

    /* U+9489 "钉" */
    0x47, 0xee, 0x12, 0x2, 0x78, 0x44, 0x8, 0x81,
    0x3c, 0x22, 0x4, 0x50, 0x8c, 0x11, 0xe, 0x0,

    /* U+948E "钎" */
    0x40, 0xce, 0xe2, 0x4, 0x78, 0x84, 0x10, 0x9f,
    0xfc, 0x42, 0x8, 0x51, 0xc, 0x21, 0x4, 0x0,

    /* U+9492 "钒" */
    0x4f, 0x8d, 0x12, 0x22, 0x74, 0x44, 0xc8, 0x95,
    0x3a, 0x22, 0x44, 0x48, 0xad, 0x15, 0x43, 0x80,

    /* U+9493 "钓" */
    0x44, 0xe, 0x82, 0x1f, 0xfa, 0x14, 0x82, 0x84,
    0x7c, 0x4a, 0x9, 0x50, 0x2c, 0x5, 0x3, 0x0,

    /* U+9499 "钙" */
    0x4f, 0xec, 0x22, 0x4, 0x74, 0xf4, 0x90, 0x92,
    0x3b, 0xfa, 0x1, 0x40, 0x2c, 0x5, 0x3, 0x0,

    /* U+949D "钝" */
    0x41, 0xd, 0xfe, 0x4, 0x74, 0x94, 0x92, 0x92,
    0x7b, 0xfa, 0x8, 0x41, 0xc, 0x25, 0x3, 0x80,

    /* U+949E "钞" */
    0x41, 0xc, 0x22, 0x15, 0x72, 0x94, 0x52, 0x92,
    0x38, 0x4a, 0x2, 0x40, 0x8c, 0x61, 0x30, 0x0,

    /* U+949F "钟" */
    0x41, 0xc, 0x22, 0x3f, 0xf4, 0x94, 0x92, 0x92,
    0x7b, 0xfa, 0x8, 0x41, 0xc, 0x21, 0x4, 0x0,

    /* U+94A0 "钠" */
    0x41, 0xc, 0x22, 0x3f, 0xf4, 0x94, 0x92, 0x95,
    0x7a, 0xaa, 0x63, 0x48, 0x2d, 0x5, 0x21, 0x80,

    /* U+94A1 "钡" */
    0x4f, 0xed, 0x6, 0x24, 0xf4, 0x94, 0x92, 0x92,
    0x7a, 0x4a, 0x49, 0x42, 0x8c, 0x89, 0x20, 0x80,

    /* U+94A2 "钢" */
    0x4f, 0xed, 0x6, 0x20, 0xf6, 0x34, 0xaa, 0x92,
    0x7a, 0xaa, 0x63, 0x48, 0x2d, 0x5, 0x21, 0x80,

    /* U+94A5 "钥" */
    0x47, 0xee, 0x86, 0x10, 0xfb, 0xf4, 0x42, 0x88,
    0x7d, 0xfa, 0x21, 0x54, 0x2c, 0x85, 0x21, 0x80,

    /* U+94A6 "钦" */
    0x44, 0xe, 0x82, 0x1f, 0xfa, 0x14, 0x94, 0x82,
    0x3c, 0x42, 0x14, 0x52, 0x8c, 0x89, 0x20, 0x80,

    /* U+94A7 "钧" */
    0x44, 0xc, 0xfe, 0x20, 0xf0, 0x14, 0x62, 0x82,
    0x78, 0xa, 0x5, 0x43, 0x2d, 0x85, 0x3, 0x0,

    /* U+94A8 "钨" */
    0x41, 0xe, 0xfa, 0x11, 0x7a, 0x24, 0x4c, 0x88,
    0x3d, 0xfa, 0x1, 0x57, 0xac, 0x5, 0x7, 0x0,

    /* U+94A9 "钩" */
    0x44, 0xe, 0xfe, 0x20, 0xf9, 0x14, 0x22, 0x84,
    0x7d, 0x2a, 0x25, 0x4f, 0x6c, 0x5, 0x3, 0x0,

    /* U+94AE "钮" */
    0x4f, 0xcc, 0x4a, 0x9, 0x71, 0x24, 0x24, 0x9f,
    0xb9, 0x12, 0x22, 0x44, 0x4c, 0x89, 0x7f, 0x80,

    /* U+94B1 "钱" */
    0x41, 0x4e, 0x26, 0x7, 0xfb, 0x84, 0x10, 0x83,
    0xfd, 0xc2, 0x9, 0x50, 0xcc, 0x35, 0x39, 0x80,

    /* U+94B3 "钳" */
    0x44, 0x4e, 0x8a, 0x3f, 0xfa, 0x24, 0x44, 0x88,
    0xbd, 0xf2, 0x22, 0x54, 0x4c, 0x89, 0x1f, 0x0,

    /* U+94B5 "钵" */
    0x41, 0xc, 0x22, 0x3f, 0xf0, 0x84, 0x38, 0x87,
    0x39, 0x52, 0x2a, 0x4b, 0xac, 0x21, 0x4, 0x0,

    /* U+94BB "钻" */
    0x41, 0xe, 0x22, 0x7, 0xf8, 0x84, 0x10, 0x8f,
    0xfd, 0xa, 0x21, 0x54, 0x2c, 0x85, 0x1f, 0x80,

    /* U+94BE "钾" */
    0x4f, 0xed, 0x26, 0x24, 0xf7, 0xf4, 0x92, 0x92,
    0x7b, 0xfa, 0x8, 0x41, 0xc, 0x21, 0x4, 0x0,

    /* U+94C0 "铀" */
    0x41, 0xc, 0x22, 0x3f, 0xf4, 0x94, 0x92, 0x92,
    0x7b, 0xfa, 0x49, 0x49, 0x2d, 0x25, 0x3f, 0x80,

    /* U+94C1 "铁" */
    0x49, 0xd, 0x22, 0x3f, 0x74, 0x85, 0x10, 0x82,
    0x3b, 0xfa, 0x8, 0x42, 0x8c, 0x89, 0x60, 0x80,

    /* U+94C2 "铂" */
    0x40, 0x8e, 0x22, 0x1f, 0xfa, 0x14, 0x42, 0x88,
    0x7d, 0xfa, 0x21, 0x54, 0x2c, 0x85, 0x1f, 0x80,

    /* U+94C3 "铃" */
    0x41, 0xc, 0x52, 0x11, 0x74, 0x14, 0x10, 0x81,
    0x3b, 0xfa, 0x2, 0x44, 0x8c, 0x61, 0x3, 0x0,

    /* U+94C5 "铅" */
    0x43, 0xce, 0x4a, 0x9, 0x79, 0x24, 0xc6, 0x80,
    0x3d, 0xfa, 0x21, 0x54, 0x2c, 0x85, 0x1f, 0x80,

    /* U+94C6 "铆" */
    0x42, 0xd, 0x9e, 0x2a, 0xf5, 0x54, 0xaa, 0x95,
    0x7a, 0xaa, 0x75, 0x4a, 0xec, 0x91, 0x22, 0x0,

    /* U+94DC "铜" */
    0x4f, 0xed, 0x6, 0x2e, 0xf4, 0x14, 0xba, 0x95,
    0x7a, 0xaa, 0x55, 0x4b, 0xad, 0x5, 0x21, 0x80,

    /* U+94DD "铝" */
    0x47, 0xcc, 0x8a, 0x11, 0x72, 0x24, 0x7c, 0x80,
    0x3b, 0xfa, 0x41, 0x48, 0x2d, 0x5, 0x3f, 0x80,

    /* U+94E1 "铡" */
    0x4f, 0xad, 0x16, 0x2a, 0xf5, 0x54, 0xaa, 0x95,
    0x7a, 0xaa, 0x55, 0x42, 0x2c, 0xa5, 0x23, 0x80,

    /* U+94E3 "铣" */
    0x49, 0xd, 0x22, 0x3f, 0x78, 0x84, 0x10, 0xbf,
    0xf9, 0x22, 0x24, 0x48, 0xad, 0x15, 0x43, 0x80,

    /* U+94EC "铬" */
    0x44, 0xc, 0xfa, 0x21, 0x7a, 0x44, 0x30, 0x89,
    0x3e, 0x1a, 0x7e, 0x48, 0x4d, 0x9, 0x3f, 0x0,

    /* U+94ED "铭" */
    0x42, 0xc, 0x7e, 0x10, 0xf5, 0x14, 0x14, 0x81,
    0x39, 0xfa, 0xe1, 0x44, 0x2c, 0x85, 0x1f, 0x80,

    /* U+94F0 "铰" */
    0x41, 0xd, 0xfe, 0x0, 0x72, 0x24, 0x82, 0xa8,
    0xb9, 0x12, 0x14, 0x41, 0xc, 0x51, 0x31, 0x80,

    /* U+94F1 "铱" */
    0x42, 0xc, 0x22, 0x3f, 0xf1, 0x4, 0x50, 0x9a,
    0x7d, 0x52, 0x24, 0x44, 0x8c, 0xa9, 0x18, 0x80,

    /* U+94F2 "铲" */
    0x41, 0xd, 0xfe, 0x11, 0x71, 0x44, 0xfe, 0x90,
    0x3a, 0x2, 0x40, 0x48, 0xd, 0x1, 0x40, 0x0,

    /* U+94F6 "银" */
    0x4f, 0xcd, 0xa, 0x3f, 0x74, 0x24, 0x84, 0x9f,
    0xba, 0x4a, 0x4a, 0x48, 0x8d, 0x49, 0x30, 0x80,

    /* U+94F8 "铸" */
    0x41, 0xd, 0xfe, 0x4, 0x77, 0xf4, 0x20, 0xbf,
    0xf9, 0x12, 0x7f, 0x54, 0x4c, 0x49, 0x3, 0x0,

    /* U+94FA "铺" */
    0x41, 0x4d, 0xfe, 0x4, 0x77, 0xf4, 0x92, 0x9f,
    0xfa, 0x4a, 0x7f, 0x49, 0x2d, 0x25, 0x25, 0x80,

    /* U+94FE "链" */
    0x50, 0x8d, 0x7e, 0x4, 0x71, 0x25, 0xa4, 0x97,
    0xfa, 0x12, 0x5f, 0x48, 0x4e, 0x89, 0x4f, 0x80,

    /* U+9500 "销" */
    0x49, 0x2c, 0xaa, 0x4, 0x77, 0xf4, 0x82, 0x9f,
    0xfa, 0xa, 0x7f, 0x48, 0x2d, 0x5, 0x21, 0x80,

    /* U+9501 "锁" */
    0x49, 0x2c, 0xaa, 0x4, 0x77, 0xf4, 0x82, 0x92,
    0x7a, 0x4a, 0x49, 0x42, 0x8c, 0x89, 0x20, 0x80,

    /* U+9504 "锄" */
    0x4e, 0x8d, 0x52, 0x2f, 0xf7, 0x54, 0xaa, 0x95,
    0x7b, 0xaa, 0x55, 0x4b, 0xab, 0x95, 0x85, 0x80,

    /* U+9505 "锅" */
    0x47, 0xcc, 0x8a, 0x11, 0x73, 0xe4, 0x10, 0x9f,
    0xfa, 0x4a, 0x55, 0x4c, 0x6d, 0x5, 0x21, 0x80,

    /* U+9508 "锈" */
    0x47, 0xcc, 0x22, 0x3f, 0xf1, 0xc4, 0x54, 0xb2,
    0x79, 0xf2, 0x12, 0x42, 0x6c, 0x85, 0x63, 0x0,

    /* U+950B "锋" */
    0x42, 0xc, 0x7a, 0x31, 0x71, 0xc4, 0xd6, 0x8f,
    0xb8, 0x42, 0x3e, 0x41, 0xd, 0xfd, 0x4, 0x0,

    /* U+950C "锌" */
    0x42, 0xc, 0x22, 0x3f, 0xf2, 0x24, 0x28, 0xbf,
    0xf8, 0x42, 0x8, 0x4f, 0xec, 0x21, 0x4, 0x0,

    /* U+9510 "锐" */
    0x48, 0x4c, 0x92, 0x3f, 0x74, 0x24, 0x84, 0x90,
    0xbb, 0xf2, 0x24, 0x44, 0xad, 0x15, 0x43, 0x80,

    /* U+9511 "锑" */
    0x44, 0x4c, 0x52, 0x3f, 0xf0, 0x94, 0xfe, 0x92,
    0x3b, 0xfa, 0x19, 0x45, 0x2d, 0x2d, 0x4, 0x0,

    /* U+9517 "锗" */
    0x42, 0xd, 0xf6, 0x9, 0x71, 0x45, 0xfe, 0x84,
    0x39, 0xf2, 0xe2, 0x47, 0xcc, 0x89, 0x1f, 0x0,

    /* U+9519 "错" */
    0x44, 0x8d, 0xfa, 0x12, 0x72, 0x45, 0xfe, 0x80,
    0x3b, 0xf2, 0x42, 0x4f, 0xcd, 0x9, 0x3f, 0x0,

    /* U+951A "锚" */
    0x44, 0x4d, 0xfe, 0x11, 0x70, 0x4, 0xfe, 0x92,
    0x7a, 0x4a, 0x7f, 0x49, 0x2d, 0x25, 0x3f, 0x80,

    /* U+9521 "锡" */
    0x4f, 0xcd, 0xa, 0x3f, 0x74, 0x24, 0xfc, 0x88,
    0x3b, 0xfa, 0x95, 0x44, 0xad, 0x25, 0x9, 0x80,

    /* U+9523 "锣" */
    0x4f, 0xed, 0x56, 0x2a, 0xf7, 0xf4, 0x20, 0x87,
    0xf9, 0xa, 0xd2, 0x41, 0x4c, 0x31, 0x38, 0x0,

    /* U+9524 "锤" */
    0x40, 0xcc, 0xe2, 0x4, 0x77, 0xf4, 0x54, 0x9f,
    0xf9, 0x52, 0x2a, 0x4f, 0xec, 0x21, 0x1f, 0x0,

    /* U+9525 "锥" */
    0x45, 0xc, 0x92, 0x3f, 0xf4, 0x45, 0xfe, 0x91,
    0x3a, 0x22, 0x7f, 0x48, 0x8d, 0x11, 0x3f, 0x80,

    /* U+9526 "锦" */
    0x42, 0xd, 0xfe, 0x20, 0xf7, 0xf4, 0x82, 0x9f,
    0xf8, 0x42, 0x7f, 0x49, 0x2d, 0x2d, 0x4, 0x0,

    /* U+9528 "锨" */
    0x42, 0x8d, 0x92, 0x23, 0xf4, 0x54, 0xf6, 0x94,
    0xba, 0x92, 0x52, 0x4a, 0xad, 0x55, 0x4c, 0x80,

    /* U+952D "锭" */
    0x41, 0xd, 0xfe, 0x20, 0xf0, 0x4, 0xfe, 0x82,
    0x39, 0x42, 0x2f, 0x45, 0xd, 0x61, 0x23, 0x80,

    /* U+952E "键" */
    0x40, 0x8f, 0x7e, 0x22, 0xf7, 0xf5, 0xa, 0xb7,
    0xfa, 0x22, 0x5f, 0x58, 0x8d, 0x91, 0x4f, 0x80,

    /* U+952F "锯" */
    0x4f, 0xed, 0x6, 0x20, 0xf7, 0xf4, 0x88, 0x9f,
    0xfa, 0x22, 0x5f, 0x4a, 0x2d, 0x45, 0x4f, 0x80,

    /* U+9530 "锰" */
    0x47, 0xcc, 0x12, 0x4, 0x77, 0xf4, 0x10, 0x86,
    0x38, 0x2, 0x7f, 0x4a, 0xad, 0x55, 0x7f, 0x80,

    /* U+9539 "锹" */
    0x42, 0x8d, 0x92, 0x12, 0xf2, 0xd5, 0xec, 0x89,
    0x3b, 0x22, 0x7a, 0x55, 0x4c, 0xa9, 0x18, 0x80,

    /* U+953B "锻" */
    0x42, 0xed, 0x96, 0x22, 0xf7, 0x54, 0x92, 0x9c,
    0x3a, 0x7a, 0x49, 0x5e, 0xad, 0x9, 0x26, 0x80,

    /* U+9540 "镀" */
    0x41, 0xd, 0xfe, 0x29, 0x77, 0xf4, 0xa4, 0x97,
    0xba, 0x2, 0x5e, 0x4a, 0x4d, 0x31, 0x59, 0x80,

    /* U+9541 "镁" */
    0x42, 0x8d, 0xfe, 0x4, 0x73, 0xe4, 0x10, 0x9f,
    0xf8, 0x42, 0x7f, 0x41, 0xc, 0x51, 0x31, 0x80,

    /* U+9547 "镇" */
    0x41, 0xd, 0xfe, 0x4, 0x73, 0xe4, 0x44, 0x8f,
    0xb9, 0x12, 0x22, 0x4f, 0xec, 0x89, 0x20, 0x80,

    /* U+954A "镊" */
    0x4f, 0xec, 0x8a, 0x1f, 0x72, 0x24, 0x5e, 0x9c,
    0xb8, 0x2, 0x77, 0x4a, 0xac, 0x89, 0x2a, 0x80,

    /* U+954D "镍" */
    0x41, 0xc, 0xfa, 0x11, 0x73, 0xe4, 0x44, 0x8f,
    0xb8, 0x42, 0x7f, 0x43, 0x8c, 0xa9, 0x24, 0x80,

    /* U+9550 "镐" */
    0x41, 0xd, 0xfe, 0x11, 0x73, 0xe4, 0x0, 0x9f,
    0xfa, 0xa, 0x5d, 0x4a, 0xad, 0x75, 0x21, 0x80,

    /* U+9551 "镑" */
    0x41, 0xd, 0xfe, 0x11, 0x77, 0xf4, 0x82, 0x82,
    0x3b, 0xfa, 0x10, 0x43, 0xec, 0x85, 0x63, 0x0,

    /* U+955C "镜" */
    0x41, 0xd, 0xfa, 0x12, 0x7f, 0xf4, 0x84, 0x9f,
    0xba, 0x12, 0x7e, 0x44, 0x8d, 0x15, 0x43, 0x80,

    /* U+9563 "镣" */
    0x41, 0xd, 0xfe, 0x2a, 0xf3, 0xe4, 0xc6, 0xaf,
    0xb9, 0x12, 0x3e, 0x41, 0xd, 0x29, 0x4c, 0x80,

    /* U+956D "镭" */
    0x4f, 0xec, 0x22, 0x3f, 0xf4, 0x94, 0x54, 0x80,
    0x3b, 0xfa, 0x49, 0x4f, 0xed, 0x25, 0x3f, 0x80,

    /* U+9570 "镰" */
    0x41, 0xd, 0xfe, 0x29, 0x77, 0xf4, 0xaa, 0x9f,
    0xfa, 0xaa, 0x7f, 0x4a, 0x8d, 0xd9, 0x4a, 0x80,

    /* U+9576 "镶" */
    0x41, 0xf, 0xfe, 0x2a, 0xf7, 0x74, 0x44, 0x9f,
    0xf9, 0x12, 0x7f, 0x42, 0xad, 0xa9, 0x18, 0x80,

    /* U+957F "长" */
    0x20, 0x84, 0x20, 0x88, 0x16, 0x2, 0x1, 0xff,
    0xc9, 0x1, 0x10, 0x21, 0x5, 0x10, 0xc1, 0x80,

    /* U+95E8 "门" */
    0x9f, 0xe8, 0x4, 0x0, 0xc0, 0x18, 0x3, 0x0,
    0x60, 0xc, 0x1, 0x80, 0x30, 0x6, 0x3, 0x80,

    /* U+95EA "闪" */
    0x9f, 0xe8, 0x4, 0x10, 0xc2, 0x18, 0x43, 0x14,
    0x62, 0x8c, 0x89, 0xa0, 0xb0, 0x6, 0x3, 0x80,

    /* U+95ED "闭" */
    0x9f, 0xe8, 0x4, 0x8, 0xc1, 0x1b, 0xfb, 0x4,
    0x61, 0x8c, 0x51, 0xb2, 0x30, 0xc6, 0x3, 0x80,

    /* U+95EE "问" */
    0x9f, 0xe8, 0x4, 0x0, 0xcf, 0x99, 0x13, 0x22,
    0x64, 0x4c, 0xf9, 0x80, 0x30, 0x6, 0x3, 0x80,

    /* U+95EF "闯" */
    0x9f, 0xe8, 0x4, 0x7c, 0xc0, 0x99, 0x13, 0x3f,
    0x60, 0x2d, 0xf5, 0x80, 0xb0, 0xe6, 0x1, 0x80,

    /* U+95F0 "闰" */
    0x9f, 0xe8, 0x4, 0x0, 0xdf, 0xd8, 0x43, 0x8,
    0x67, 0xcc, 0x21, 0x84, 0x37, 0xf6, 0x1, 0x80,

    /* U+95F2 "闲" */
    0x9f, 0xe8, 0x4, 0x10, 0xc2, 0x1b, 0xfb, 0x8,
    0x63, 0x8c, 0xa9, 0xa4, 0xb0, 0x86, 0x3, 0x80,

    /* U+95F4 "间" */
    0x9f, 0xe8, 0x4, 0x0, 0xcf, 0x99, 0x13, 0x22,
    0x67, 0xcc, 0x89, 0x91, 0x33, 0xe6, 0x1, 0x80,

    /* U+95F7 "闷" */
    0x9f, 0xe8, 0x4, 0x20, 0xc2, 0x18, 0x3, 0x12,
    0x6a, 0x2d, 0x41, 0xc9, 0x30, 0xe6, 0x1, 0x80,

    /* U+95F8 "闸" */
    0x9f, 0xe8, 0x4, 0xfe, 0xd2, 0x5b, 0xfb, 0x49,
    0x69, 0x2d, 0xfd, 0x84, 0x30, 0x86, 0x13, 0x80,

    /* U+95F9 "闹" */
    0x9f, 0xe8, 0x4, 0x10, 0xdf, 0xd8, 0x43, 0x7f,
    0x69, 0x2d, 0x25, 0xa5, 0xb0, 0x86, 0x11, 0x80,

    /* U+95FA "闺" */
    0x9f, 0xe8, 0x4, 0x10, 0xcf, 0x98, 0x43, 0x7f,
    0x61, 0xc, 0xf9, 0x84, 0x37, 0xf6, 0x1, 0x80,

    /* U+95FB "闻" */
    0x9f, 0xe8, 0x4, 0x0, 0xdf, 0xd9, 0x13, 0x3e,
    0x64, 0x4c, 0xf9, 0x91, 0xb7, 0xe6, 0x5, 0x80,

    /* U+95FD "闽" */
    0x9f, 0xe8, 0x4, 0x10, 0xdf, 0xda, 0x4b, 0x49,
    0x6f, 0xec, 0x21, 0x85, 0x37, 0xd6, 0x1, 0x80,

    /* U+9600 "阀" */
    0x9f, 0xe8, 0x4, 0x4a, 0xc9, 0x3a, 0x3b, 0xdc,
    0x68, 0xad, 0x15, 0xa1, 0x34, 0x56, 0xb1, 0x80,

    /* U+9601 "阁" */
    0x9f, 0xe9, 0x4, 0x3c, 0xc8, 0x9a, 0xa3, 0x8,
    0x66, 0xcf, 0x7, 0x9f, 0x32, 0x26, 0x7d, 0x80,

    /* U+9602 "阂" */
    0x9f, 0xe8, 0x4, 0x10, 0xdf, 0xd8, 0x83, 0x24,
    0x6f, 0x2c, 0x49, 0xb2, 0x31, 0xa6, 0xc2, 0x80,

    /* U+9605 "阅" */
    0x9f, 0xe8, 0x4, 0x44, 0xc5, 0x19, 0xf3, 0x22,
    0x64, 0x4c, 0xf9, 0x8a, 0x32, 0x56, 0x8e, 0x80,

    /* U+9609 "阉" */
    0x9f, 0xe8, 0x84, 0xfe, 0xc8, 0x9b, 0xfb, 0xc9,
    0xef, 0xed, 0x25, 0xbf, 0xb0, 0x86, 0xe, 0x80,

    /* U+960E "阎" */
    0x9f, 0xea, 0x4, 0x7c, 0xd0, 0x98, 0xa3, 0x67,
    0x68, 0x2d, 0xdd, 0xa0, 0xb7, 0xf6, 0x1, 0x80,

    /* U+9610 "阐" */
    0x9f, 0xea, 0x24, 0x28, 0xdf, 0xda, 0x4b, 0x7f,
    0x69, 0x2d, 0xfd, 0x84, 0x37, 0xf6, 0x11, 0x80,

    /* U+9611 "阑" */
    0x9f, 0xe8, 0x4, 0x10, 0xdf, 0xd8, 0x43, 0x7f,
    0x6d, 0x6d, 0x75, 0xbf, 0xb2, 0xa6, 0x92, 0x80,

    /* U+9614 "阔" */
    0x9f, 0xe8, 0x4, 0x6, 0xe7, 0x1a, 0x23, 0x9f,
    0x68, 0x8c, 0x7d, 0xa8, 0xb9, 0xf6, 0x1, 0x80,

    /* U+961C "阜" */
    0x8, 0xf, 0xf9, 0x1, 0x3f, 0xe4, 0x0, 0xff,
    0x90, 0x13, 0xfe, 0x4, 0x1f, 0xfc, 0x10, 0x0,

    /* U+961F "队" */
    0xf1, 0x12, 0x22, 0x44, 0x50, 0x8a, 0x11, 0x22,
    0x24, 0xa4, 0x94, 0xe4, 0x50, 0x8a, 0x20, 0x80,

    /* U+962E "阮" */
    0xef, 0xd4, 0x2, 0x80, 0x50, 0xd, 0xff, 0x49,
    0x29, 0x25, 0x24, 0xe8, 0xb1, 0x16, 0x43, 0x80,

    /* U+9632 "防" */
    0xe2, 0x14, 0x22, 0xff, 0xd2, 0xc, 0x41, 0x4f,
    0xa9, 0x15, 0x22, 0xe8, 0x51, 0xa, 0x46, 0x0,

    /* U+9633 "阳" */
    0xf7, 0xf2, 0x86, 0x50, 0xd2, 0x1a, 0x43, 0x2f,
    0xe5, 0xc, 0xa1, 0xe4, 0x30, 0x86, 0x1f, 0x80,

    /* U+9634 "阴" */
    0xf7, 0xf2, 0x86, 0x50, 0xd3, 0xfa, 0x43, 0x28,
    0x65, 0xfc, 0xa1, 0xe4, 0x31, 0x6, 0x41, 0x80,

    /* U+9635 "阵" */
    0xe2, 0x15, 0xfe, 0x90, 0x54, 0x8c, 0x91, 0x5f,
    0xe8, 0x45, 0x8, 0xef, 0xf0, 0x22, 0x4, 0x0,

    /* U+9636 "阶" */
    0xe1, 0x14, 0x52, 0x91, 0x5c, 0x1c, 0x45, 0x48,
    0xa9, 0x15, 0x22, 0xe4, 0x50, 0x8a, 0x21, 0x0,

    /* U+963B "阻" */
    0xef, 0xd5, 0xa, 0xa1, 0x57, 0xec, 0x85, 0x50,
    0xab, 0xf5, 0x42, 0xe8, 0x51, 0xa, 0x7f, 0x80,

    /* U+963F "阿" */
    0xef, 0xf4, 0xa, 0x81, 0x57, 0xac, 0x95, 0x52,
    0xaa, 0x55, 0x7a, 0xe0, 0x50, 0xa, 0x7, 0x0,

    /* U+9640 "陀" */
    0xe1, 0x15, 0xfe, 0xa0, 0xd2, 0xc, 0x45, 0x49,
    0x29, 0xc5, 0x20, 0xe4, 0x30, 0x86, 0xf, 0x80,

    /* U+9644 "附" */
    0xe4, 0x54, 0x8a, 0xaf, 0xd4, 0x2d, 0x85, 0x54,
    0xaa, 0x55, 0x4a, 0xe8, 0x51, 0xa, 0x23, 0x0,

    /* U+9645 "际" */
    0xe7, 0xd4, 0x2, 0x80, 0x57, 0xfc, 0x11, 0x42,
    0x2a, 0x55, 0x49, 0xe9, 0x32, 0x26, 0xc, 0x0,

    /* U+9646 "陆" */
    0xe1, 0x14, 0x22, 0xbf, 0xd0, 0x8c, 0x11, 0x5f,
    0xe8, 0x45, 0x49, 0xe9, 0x31, 0x26, 0x3f, 0x80,

    /* U+9647 "陇" */
    0xe4, 0x94, 0x8a, 0xff, 0xd2, 0x8c, 0x51, 0x4a,
    0x69, 0x55, 0x2c, 0xe9, 0x31, 0x66, 0x53, 0x80,

    /* U+9648 "陈" */
    0xe2, 0x15, 0xfe, 0x90, 0x54, 0x8c, 0x91, 0x5f,
    0xe8, 0x45, 0x2a, 0xe5, 0x31, 0x26, 0xc, 0x0,

    /* U+964B "陋" */
    0xe7, 0xf4, 0x12, 0xaf, 0xd5, 0x5c, 0xab, 0x56,
    0xea, 0x8d, 0x51, 0xea, 0x71, 0x2, 0x3f, 0x80,

    /* U+964C "陌" */
    0xef, 0xf4, 0x22, 0x88, 0x57, 0xfc, 0x83, 0x50,
    0x6b, 0xfd, 0x41, 0xe8, 0x31, 0x6, 0x3f, 0x80,

    /* U+964D "降" */
    0xe2, 0x14, 0x7a, 0xb1, 0x51, 0xcd, 0xc7, 0x42,
    0x2f, 0xfd, 0x48, 0xe9, 0x11, 0xfe, 0x4, 0x0,

    /* U+9650 "限" */
    0xef, 0xd5, 0xa, 0xbf, 0x54, 0x2c, 0x85, 0x5f,
    0xaa, 0x4d, 0x4a, 0xe8, 0x91, 0x4a, 0x30, 0x80,

    /* U+9655 "陕" */
    0xe1, 0x15, 0xfe, 0x84, 0x54, 0x9c, 0x55, 0x42,
    0x2b, 0xfd, 0x8, 0xe2, 0x90, 0x8a, 0x60, 0x80,

    /* U+965B "陛" */
    0xe8, 0x95, 0xde, 0xa2, 0x64, 0x5a, 0xef, 0x42,
    0x28, 0x45, 0x7f, 0xc1, 0x10, 0x22, 0x3f, 0x80,

    /* U+9661 "陡" */
    0xe1, 0x14, 0xfa, 0x84, 0x50, 0x8c, 0xff, 0x42,
    0x29, 0x45, 0x2f, 0xe5, 0x11, 0x62, 0x43, 0x80,

    /* U+9662 "院" */
    0xe1, 0x15, 0xfe, 0xa0, 0xd3, 0xec, 0x1, 0x40,
    0x2b, 0xfd, 0x14, 0xe2, 0x90, 0x96, 0x63, 0x80,

    /* U+9664 "除" */
    0xe3, 0x94, 0x8a, 0xe0, 0xd3, 0xec, 0x11, 0x42,
    0x2b, 0xfd, 0x8, 0xe9, 0x52, 0x26, 0xc, 0x0,

    /* U+9668 "陨" */
    0xe7, 0xd4, 0x8a, 0x9f, 0x50, 0xc, 0xff, 0x50,
    0x6a, 0x4d, 0x49, 0xe2, 0x90, 0x8a, 0x20, 0x80,

    /* U+9669 "险" */
    0xe1, 0x14, 0x52, 0x91, 0x54, 0x1c, 0x7d, 0x40,
    0x2a, 0x8d, 0x2a, 0xe5, 0x50, 0x12, 0x3f, 0x80,

    /* U+966A "陪" */
    0xe1, 0x15, 0xfa, 0x80, 0x54, 0x2c, 0x49, 0x7f,
    0xe8, 0x5, 0x7e, 0xe8, 0x51, 0xa, 0x3f, 0x0,

    /* U+9675 "陵" */
    0xe1, 0x14, 0xfa, 0x84, 0x57, 0xfc, 0x45, 0x54,
    0x68, 0xf5, 0x22, 0xea, 0x90, 0x22, 0x3b, 0x80,

    /* U+9676 "陶" */
    0xe8, 0x15, 0xfe, 0xe0, 0xd7, 0xdd, 0x23, 0x5f,
    0x68, 0x8d, 0x55, 0xef, 0xb0, 0x6, 0x3, 0x0,

    /* U+9677 "陷" */
    0xe2, 0x14, 0x7a, 0x91, 0x5c, 0x4c, 0x21, 0x59,
    0xea, 0xd, 0x77, 0xe8, 0x31, 0x6, 0x3f, 0x80,

    /* U+9685 "隅" */
    0xef, 0xf5, 0x26, 0xbf, 0xd4, 0x9c, 0xff, 0x42,
    0x2b, 0xfd, 0x49, 0xe9, 0x71, 0xf6, 0x21, 0x80,

    /* U+9686 "隆" */
    0xe3, 0xd5, 0x8a, 0x8e, 0x56, 0x3c, 0x39, 0x52,
    0x2b, 0xfd, 0x88, 0xef, 0xf0, 0x22, 0x7f, 0x80,

    /* U+968B "隋" */
    0xe1, 0x15, 0xfe, 0x88, 0x53, 0xfd, 0x89, 0x4f,
    0xe9, 0x15, 0x3e, 0xe4, 0x50, 0xfa, 0x11, 0x0,

    /* U+968F "随" */
    0xe1, 0x16, 0xfe, 0xa4, 0x51, 0xec, 0x65, 0x77,
    0xaa, 0x95, 0x5e, 0xea, 0x52, 0x82, 0x4f, 0x80,

    /* U+9690 "隐" */
    0xe3, 0xd4, 0x8a, 0xbf, 0xd0, 0x1c, 0xff, 0x40,
    0x6b, 0xfd, 0x10, 0xe5, 0x51, 0x96, 0x5e, 0x80,

    /* U+9694 "隔" */
    0xef, 0xf4, 0x2, 0x9f, 0x52, 0x2c, 0x7d, 0x40,
    0x2b, 0xfd, 0x55, 0xef, 0xf1, 0x26, 0x25, 0x80,

    /* U+9698 "隘" */
    0xe8, 0x34, 0x8a, 0xbf, 0xd0, 0xc, 0x45, 0x50,
    0x68, 0x5, 0x7f, 0xea, 0xb1, 0x56, 0x7f, 0x80,

    /* U+9699 "隙" */
    0xe5, 0x55, 0x26, 0x88, 0x67, 0xfa, 0x83, 0x5f,
    0xea, 0xd, 0x7f, 0xc1, 0x11, 0x2a, 0x4c, 0x80,

    /* U+969C "障" */
    0xe1, 0x15, 0xfa, 0x92, 0x5f, 0xfc, 0x85, 0x5f,
    0xaa, 0x15, 0x7e, 0xe1, 0x13, 0xfe, 0x4, 0x0,

    /* U+96A7 "隧" */
    0xf1, 0x55, 0x7e, 0x84, 0x6b, 0x4a, 0x9b, 0x4d,
    0xae, 0x6d, 0x75, 0xc9, 0x92, 0x82, 0x8f, 0x80,

    /* U+96B6 "隶" */
    0x4, 0xf, 0xf8, 0x11, 0x7f, 0xf0, 0x44, 0xff,
    0x89, 0x10, 0xb4, 0xd, 0x6, 0x93, 0x31, 0x80,

    /* U+96BE "难" */
    0x2, 0x9e, 0x50, 0x5f, 0xce, 0x45, 0x7e, 0xa9,
    0x9, 0x21, 0x3f, 0x54, 0x8a, 0x92, 0x1f, 0x80,

    /* U+96C0 "雀" */
    0x4, 0x4, 0x91, 0x31, 0x41, 0x91, 0xc1, 0xc4,
    0xf, 0xf9, 0x10, 0x3f, 0xc4, 0x40, 0xff, 0x80,

    /* U+96C1 "雁" */
    0x7f, 0xe8, 0x1, 0x2a, 0x25, 0xf5, 0x48, 0xbf,
    0xdd, 0x22, 0xbf, 0x54, 0x8a, 0x92, 0x5f, 0x80,

    /* U+96C4 "雄" */
    0x42, 0x88, 0x53, 0xdf, 0xa6, 0x45, 0x7e, 0xa9,
    0x15, 0x25, 0x3f, 0xac, 0x95, 0x90, 0xdf, 0x80,

    /* U+96C5 "雅" */
    0xf9, 0x4a, 0x29, 0x4f, 0xcb, 0x2f, 0xbe, 0x64,
    0x94, 0x92, 0x9f, 0x92, 0x52, 0x48, 0xcf, 0x80,

    /* U+96C6 "集" */
    0x24, 0xf, 0xfb, 0x10, 0x3f, 0xe4, 0x40, 0xff,
    0x81, 0x7, 0xff, 0x15, 0x4, 0x93, 0x11, 0x80,

    /* U+96C7 "雇" */
    0x2, 0xf, 0xfd, 0x0, 0xbf, 0xf4, 0x90, 0xbf,
    0xdc, 0x42, 0xff, 0x51, 0xa, 0x22, 0x7f, 0x80,

    /* U+96CC "雌" */
    0x29, 0x45, 0x28, 0xaf, 0xd5, 0x2b, 0xff, 0x54,
    0xaa, 0x95, 0x5f, 0xaa, 0x57, 0x4b, 0x3f, 0x80,

    /* U+96CD "雍" */
    0x4, 0x1f, 0xfc, 0x89, 0x23, 0xf8, 0xc9, 0xcf,
    0xd1, 0x24, 0xbf, 0xf4, 0x84, 0x93, 0x1f, 0x80,

    /* U+96CF "雏" */
    0x42, 0x8e, 0x52, 0x5f, 0x96, 0x4f, 0x7e, 0x29,
    0x5, 0x27, 0xbf, 0x14, 0x82, 0x93, 0xdf, 0x80,

    /* U+96D5 "雕" */
    0xfd, 0x54, 0xab, 0xd7, 0xd3, 0xaf, 0x5f, 0xa,
    0xbd, 0x56, 0xaf, 0xf5, 0x50, 0xaa, 0x37, 0x80,

    /* U+96E8 "雨" */
    0xff, 0xe0, 0x80, 0x10, 0x7f, 0xf8, 0x43, 0x4a,
    0x65, 0x2c, 0x21, 0xa5, 0x32, 0x96, 0x10, 0x80,

    /* U+96EA "雪" */
    0x7f, 0xc0, 0x83, 0xff, 0xc2, 0x1b, 0x5a, 0x8,
    0x1f, 0xf0, 0x2, 0x7f, 0xc0, 0x9, 0xff, 0x0,

    /* U+96F6 "零" */
    0x7f, 0xc0, 0x83, 0xff, 0xda, 0xd0, 0xe0, 0x63,
    0x31, 0x18, 0x10, 0x7f, 0xc1, 0x10, 0x1c, 0x0,

    /* U+96F7 "雷" */
    0x7f, 0xc0, 0x83, 0xff, 0xc2, 0x1b, 0x5a, 0x0,
    0x1f, 0xf2, 0x22, 0x7f, 0xc8, 0x89, 0xff, 0x0,

    /* U+96F9 "雹" */
    0x7f, 0xc0, 0x83, 0xff, 0xc2, 0x1b, 0x5a, 0x0,
    0xf, 0xf3, 0x12, 0xbe, 0xc4, 0x4, 0x7f, 0x80,

    /* U+96FE "雾" */
    0x7f, 0xc0, 0x83, 0xff, 0xd2, 0x91, 0xfc, 0xc1,
    0xf, 0xe6, 0x23, 0x3f, 0xc2, 0x9, 0x86, 0x0,

    /* U+9700 "需" */
    0x7f, 0xc0, 0x83, 0xff, 0xc2, 0x1b, 0x5a, 0x0,
    0x3f, 0xf8, 0x40, 0xff, 0xf2, 0x26, 0x45, 0x80,

    /* U+9704 "霄" */
    0x7f, 0xc0, 0x83, 0xff, 0xd2, 0x51, 0x50, 0xff,
    0x90, 0x13, 0xfe, 0x40, 0x4f, 0xf9, 0x1, 0x0,

    /* U+9707 "震" */
    0x7f, 0xc0, 0x83, 0xff, 0xda, 0xd0, 0x40, 0xff,
    0xd0, 0x3, 0xff, 0x51, 0x4a, 0x92, 0x61, 0x80,

    /* U+9709 "霉" */
    0x7f, 0xc0, 0x83, 0xff, 0xda, 0xd4, 0x40, 0xff,
    0xe9, 0x13, 0xff, 0x22, 0x47, 0xfc, 0x1, 0x0,

    /* U+970D "霍" */
    0x7f, 0xc0, 0x83, 0xff, 0xda, 0xd0, 0x40, 0x44,
    0x1f, 0xfe, 0x10, 0x7f, 0xc8, 0x41, 0xff, 0x80,

    /* U+9713 "霓" */
    0x7f, 0xc0, 0x83, 0xff, 0xd2, 0x57, 0xbc, 0x80,
    0x9e, 0xf2, 0x2, 0x7f, 0xc2, 0x27, 0x87, 0x80,

    /* U+9716 "霖" */
    0x7f, 0xc0, 0x83, 0xff, 0xc2, 0x1b, 0x5a, 0x8,
    0x8, 0x27, 0xdf, 0x20, 0x8e, 0x3a, 0xaa, 0x80,

    /* U+971C "霜" */
    0x7f, 0xc0, 0x83, 0xff, 0xc2, 0x1b, 0x5a, 0x0,
    0x8, 0xff, 0xd1, 0x23, 0xee, 0x46, 0xaf, 0x80,

    /* U+971E "霞" */
    0x7f, 0xc0, 0x83, 0xff, 0xda, 0xd0, 0x40, 0xf7,
    0x92, 0x13, 0xde, 0x42, 0x4f, 0x31, 0x19, 0x80,

    /* U+9732 "露" */
    0x7f, 0xc0, 0x83, 0xff, 0xd2, 0x5f, 0x7d, 0x38,
    0xbc, 0xe1, 0x63, 0xb7, 0xd4, 0x8b, 0xdf, 0x0,

    /* U+9738 "霸" */
    0x7f, 0xc0, 0x83, 0xff, 0xca, 0x92, 0x81, 0xff,
    0xca, 0x4b, 0xef, 0x55, 0x3f, 0xbc, 0x48, 0x80,

    /* U+9739 "霹" */
    0x7f, 0xc0, 0x83, 0xff, 0xca, 0x97, 0x88, 0x97,
    0xde, 0x52, 0x3f, 0x78, 0x95, 0x7c, 0xe2, 0x0,

    /* U+9752 "青" */
    0x4, 0xf, 0xf8, 0x10, 0x3f, 0xe0, 0x41, 0xff,
    0xc8, 0x21, 0xfc, 0x20, 0x87, 0xf0, 0x82, 0x0,

    /* U+9756 "靖" */
    0x41, 0x4, 0xfb, 0xc4, 0x3, 0xe9, 0x10, 0xbf,
    0xd5, 0x11, 0x3e, 0x34, 0x58, 0xf8, 0x11, 0x0,

    /* U+9759 "静" */
    0x21, 0x1f, 0x38, 0x89, 0x7d, 0xf2, 0xb, 0xff,
    0xd2, 0x2b, 0xdf, 0x48, 0x8f, 0x11, 0x26, 0x0,

    /* U+975B "靛" */
    0x20, 0x9f, 0x7c, 0x88, 0xfc, 0x2, 0x3f, 0xf9,
    0x12, 0xa3, 0xd7, 0x4a, 0x8f, 0xb1, 0x21, 0x80,

    /* U+975E "非" */
    0x11, 0x2, 0x23, 0xc7, 0x88, 0x81, 0x11, 0xe3,
    0xc4, 0x40, 0x88, 0xf1, 0xe2, 0x20, 0x44, 0x0,

    /* U+9760 "靠" */
    0x44, 0xf, 0xfa, 0x10, 0x7f, 0xf4, 0x4, 0xff,
    0x84, 0x47, 0x8f, 0x11, 0x1e, 0x3c, 0x44, 0x0,

    /* U+9761 "靡" */
    0x2, 0xf, 0xfd, 0x22, 0x3f, 0xf5, 0xdc, 0xd5,
    0x51, 0x43, 0xef, 0x45, 0xf, 0xbe, 0x14, 0x0,

    /* U+9762 "面" */
    0xff, 0xe0, 0x80, 0x20, 0x7f, 0xf9, 0x13, 0x3e,
    0x64, 0x4c, 0x89, 0x9f, 0x32, 0x27, 0xff, 0x80,

    /* U+9769 "革" */
    0x11, 0x1f, 0xfc, 0x44, 0xf, 0x80, 0x40, 0xff,
    0x91, 0x13, 0xfe, 0x4, 0x1f, 0xfc, 0x10, 0x0,

    /* U+9773 "靳" */
    0x50, 0x7f, 0x71, 0x48, 0x39, 0x2, 0x3f, 0xf4,
    0xaa, 0x97, 0xd2, 0x22, 0x5f, 0x48, 0x91, 0x0,

    /* U+9774 "靴" */
    0x52, 0x9f, 0x51, 0x4a, 0x3b, 0x52, 0x2d, 0xf7,
    0x2a, 0xa7, 0xd4, 0x22, 0xbf, 0x54, 0x8b, 0x80,

    /* U+9776 "靶" */
    0x53, 0xff, 0x55, 0x4a, 0xb9, 0x52, 0x2b, 0xf7,
    0xea, 0x87, 0xd0, 0x22, 0x3f, 0x44, 0x87, 0x80,

    /* U+978B "鞋" */
    0x50, 0x9f, 0x7d, 0x42, 0x38, 0x42, 0x3f, 0xf0,
    0x2a, 0x27, 0xdf, 0x20, 0x9f, 0x10, 0x8f, 0x80,

    /* U+978D "鞍" */
    0x51, 0x1f, 0xfd, 0x50, 0xb8, 0x82, 0x11, 0xff,
    0xea, 0x97, 0xe2, 0x22, 0x9f, 0x30, 0x99, 0x80,

    /* U+9798 "鞘" */
    0x54, 0xbf, 0x59, 0x42, 0x39, 0xf2, 0x23, 0xf7,
    0xea, 0x8f, 0xdf, 0x22, 0x3f, 0x44, 0x89, 0x80,

    /* U+97A0 "鞠" */
    0x52, 0x1f, 0x7d, 0x48, 0xba, 0xb2, 0x3b, 0xf2,
    0x6b, 0xff, 0xdd, 0x25, 0x7f, 0x24, 0x83, 0x0,

    /* U+97AD "鞭" */
    0x53, 0xff, 0x51, 0x4f, 0xbb, 0x52, 0x3f, 0xf5,
    0x6a, 0xff, 0xd4, 0x22, 0x9f, 0x60, 0x8b, 0x80,

    /* U+97E6 "韦" */
    0x4, 0x0, 0x83, 0xff, 0x82, 0x7, 0xfc, 0x8,
    0x3f, 0xf8, 0x21, 0x4, 0x20, 0x98, 0x10, 0x0,

    /* U+97E7 "韧" */
    0x23, 0xe4, 0x17, 0xf2, 0x91, 0x5f, 0xaa, 0x45,
    0x7f, 0x29, 0x25, 0x25, 0x25, 0xa4, 0x89, 0x80,

    /* U+97E9 "韩" */
    0x20, 0x9f, 0x10, 0x8f, 0xfc, 0x48, 0xbf, 0xf1,
    0x22, 0xff, 0xc5, 0x20, 0xbf, 0x1c, 0x82, 0x0,

    /* U+97ED "韭" */
    0x11, 0x1e, 0x3c, 0x44, 0x8, 0x8f, 0x1e, 0x22,
    0x4, 0x47, 0x8f, 0x11, 0x2, 0x23, 0xff, 0x80,

    /* U+97F3 "音" */
    0x4, 0xf, 0xf8, 0x82, 0x8, 0x8f, 0xfe, 0x0,
    0xf, 0xe1, 0x4, 0x3f, 0x84, 0x10, 0xfe, 0x0,

    /* U+97F5 "韵" */
    0x22, 0x1f, 0x7d, 0x50, 0xa8, 0x1f, 0x92, 0x1,
    0x7e, 0xc, 0x45, 0xfb, 0x31, 0x7, 0xe3, 0x0,

    /* U+97F6 "韶" */
    0x27, 0xff, 0x25, 0x44, 0xa9, 0x1f, 0xc6, 0x0,
    0x3e, 0xfc, 0x51, 0xfa, 0x31, 0x47, 0xef, 0x80,

    /* U+9875 "页" */
    0xff, 0xe0, 0x81, 0xff, 0x20, 0x24, 0x44, 0x88,
    0x91, 0x12, 0x22, 0xa, 0x6, 0x33, 0x1, 0x80,

    /* U+9876 "顶" */
    0xef, 0xe8, 0x21, 0x3f, 0xa4, 0x14, 0x92, 0x92,
    0x52, 0x4a, 0x49, 0x42, 0x88, 0x8b, 0x20, 0x80,

    /* U+9877 "顷" */
    0x8f, 0xf0, 0x22, 0x3f, 0xf4, 0x18, 0x93, 0x12,
    0x62, 0x4d, 0x49, 0xc2, 0x80, 0x88, 0x20, 0x80,

    /* U+9879 "项" */
    0xf, 0xfc, 0x21, 0x3f, 0xa4, 0x14, 0x92, 0x92,
    0x52, 0x4b, 0x49, 0xc2, 0x80, 0x88, 0x20, 0x80,

    /* U+987A "顺" */
    0x8b, 0xf5, 0x12, 0xaf, 0xd5, 0x1a, 0xab, 0x55,
    0x6a, 0xad, 0x55, 0xa8, 0x95, 0x2a, 0x28, 0x80,

    /* U+987B "须" */
    0x2f, 0xe8, 0x22, 0x3f, 0x84, 0x12, 0x92, 0x92,
    0x62, 0x48, 0x49, 0x22, 0x88, 0x8a, 0x20, 0x80,

    /* U+987D "顽" */
    0x73, 0xe0, 0x10, 0xf, 0xfd, 0x15, 0x2a, 0xa5,
    0x54, 0xaa, 0x95, 0x58, 0x8a, 0x2a, 0x8, 0x80,

    /* U+987E "顾" */
    0xfb, 0xf0, 0x12, 0xef, 0xd5, 0x1a, 0xab, 0x75,
    0x68, 0xad, 0x15, 0xa8, 0x96, 0x2a, 0x88, 0x80,

    /* U+987F "顿" */
    0x23, 0xff, 0x10, 0x8f, 0xd5, 0x1a, 0xab, 0x55,
    0x7e, 0xa9, 0x15, 0x28, 0x86, 0x28, 0x88, 0x80,

    /* U+9881 "颁" */
    0x53, 0xea, 0x12, 0x2f, 0xc5, 0x10, 0x6b, 0xf5,
    0x52, 0xaa, 0x55, 0x48, 0x89, 0x2a, 0x68, 0x80,

    /* U+9882 "颂" */
    0x53, 0xea, 0x12, 0x2f, 0xc5, 0x10, 0x6a, 0x85,
    0x50, 0xaa, 0x95, 0x90, 0x95, 0x2b, 0x28, 0x80,

    /* U+9884 "预" */
    0xfb, 0xe1, 0x11, 0x4f, 0x91, 0x1f, 0xaa, 0x55,
    0x4c, 0xa9, 0x15, 0x20, 0x84, 0x29, 0x88, 0x80,

    /* U+9885 "颅" */
    0x23, 0xe7, 0x10, 0x8f, 0xbd, 0x14, 0xaa, 0x95,
    0x5e, 0xaa, 0x15, 0x40, 0x88, 0x2a, 0x8, 0x80,

    /* U+9886 "领" */
    0x23, 0xe4, 0x11, 0x4f, 0xc7, 0x12, 0x2a, 0x25,
    0x7e, 0xa8, 0x55, 0x50, 0x84, 0x28, 0x48, 0x80,

    /* U+9887 "颇" */
    0x23, 0xff, 0x12, 0xaf, 0xd1, 0x1f, 0xab, 0x15,
    0x72, 0xad, 0x55, 0x90, 0x95, 0x2b, 0x8, 0x80,

    /* U+9888 "颈" */
    0xfb, 0xe1, 0x10, 0x4f, 0x91, 0x1d, 0xaa, 0x5,
    0x7e, 0xa9, 0x15, 0x20, 0x87, 0x2b, 0x8, 0x80,

    /* U+988A "颊" */
    0x23, 0xff, 0x10, 0x8f, 0xd5, 0x17, 0x2a, 0x45,
    0x7e, 0xa9, 0x15, 0x50, 0x89, 0x2a, 0x8, 0x80,

    /* U+9890 "颐" */
    0xfb, 0xf2, 0x12, 0x4f, 0xdd, 0x1a, 0xab, 0x55,
    0x6a, 0xad, 0xd5, 0x90, 0x92, 0x2b, 0xe8, 0x80,

    /* U+9891 "频" */
    0x23, 0xf7, 0x12, 0x8f, 0xd1, 0x1f, 0xaa, 0x45,
    0x5a, 0xad, 0x55, 0x10, 0x84, 0x2b, 0x8, 0x80,

    /* U+9893 "颓" */
    0x1b, 0xfc, 0x10, 0x8f, 0xfd, 0x17, 0x2b, 0x55,
    0x5c, 0xaa, 0x95, 0x50, 0x8b, 0x2a, 0x48, 0x80,

    /* U+9896 "颖" */
    0x9b, 0xfc, 0x12, 0x2f, 0xbd, 0x10, 0xab, 0xe5,
    0x48, 0xaf, 0xd5, 0x20, 0x8e, 0x2a, 0xa8, 0x80,

    /* U+9897 "颗" */
    0xfb, 0xf5, 0x13, 0xef, 0xd5, 0x1f, 0xaa, 0x45,
    0x7e, 0xa9, 0x15, 0x70, 0x95, 0x28, 0x88, 0x80,

    /* U+9898 "题" */
    0xfb, 0xf1, 0x13, 0xef, 0xc5, 0x1f, 0xaa, 0x5,
    0x7e, 0x21, 0xa, 0xba, 0x3c, 0x2, 0x7f, 0x80,

    /* U+989C "颜" */
    0x23, 0xff, 0x11, 0x4f, 0x91, 0x1f, 0xab, 0x25,
    0x68, 0xac, 0x55, 0xb0, 0x91, 0x2a, 0xc8, 0x80,

    /* U+989D "额" */
    0x13, 0xff, 0x92, 0x9f, 0x9d, 0x1c, 0xaa, 0x65,
    0x73, 0xab, 0xd5, 0x48, 0x89, 0x29, 0xe8, 0x80,

    /* U+98A0 "颠" */
    0x23, 0xff, 0x90, 0x8f, 0xbd, 0x14, 0xaa, 0xf5,
    0x52, 0xaa, 0x55, 0xfc, 0x89, 0x2a, 0x18, 0x80,

    /* U+98A4 "颤" */
    0x13, 0xff, 0x92, 0xaf, 0xdd, 0x18, 0xab, 0xf5,
    0x52, 0xab, 0xd5, 0x48, 0x8b, 0xab, 0x88, 0x80,

    /* U+98A7 "颧" */
    0x53, 0xff, 0x11, 0x4f, 0xd5, 0x1f, 0xaa, 0xa5,
    0x7e, 0xac, 0x95, 0xf8, 0x92, 0x2b, 0xe8, 0x80,

    /* U+98CE "风" */
    0x7f, 0xc8, 0x9, 0x5, 0x28, 0xa4, 0xa4, 0x88,
    0x91, 0x12, 0x52, 0x51, 0x48, 0xe, 0x0, 0x80,

    /* U+98D8 "飘" */
    0xff, 0xe5, 0x47, 0xf9, 0xd5, 0xbf, 0xea, 0x5,
    0x5e, 0xa8, 0x1b, 0xff, 0x6a, 0x46, 0xd0, 0x80,

    /* U+98DE "飞" */
    0xff, 0x0, 0x24, 0x5, 0x0, 0xc0, 0x14, 0x2,
    0x40, 0x40, 0x8, 0x0, 0xa0, 0x14, 0x1, 0x0,

    /* U+98DF "食" */
    0xe, 0x6, 0x33, 0x11, 0x9f, 0xc2, 0x8, 0x7f,
    0x8, 0x21, 0xfd, 0x22, 0x45, 0x30, 0xc1, 0x80,

    /* U+9910 "餐" */
    0x7b, 0xe8, 0x5, 0xe5, 0x64, 0xc3, 0xe6, 0x41,
    0x3f, 0xf1, 0x5, 0x3f, 0x84, 0x4b, 0xe7, 0x80,

    /* U+9965 "饥" */
    0x47, 0x8e, 0x92, 0x52, 0x12, 0x44, 0x48, 0x89,
    0x11, 0x22, 0x24, 0x54, 0xac, 0x95, 0x23, 0x80,

    /* U+996D "饭" */
    0x40, 0xed, 0xe2, 0xa0, 0x4, 0x4, 0xfe, 0x98,
    0x52, 0x8a, 0x4a, 0x48, 0x8d, 0x29, 0x58, 0x80,

    /* U+996E "饮" */
    0x44, 0xe, 0x82, 0x5f, 0x92, 0x14, 0x94, 0x82,
    0x10, 0x42, 0x14, 0x52, 0x8c, 0x89, 0x20, 0x80,

    /* U+996F "饯" */
    0x42, 0x8c, 0x4a, 0x8f, 0x8f, 0x4, 0x20, 0x87,
    0xd7, 0x82, 0x12, 0x41, 0x8c, 0x65, 0x73, 0x80,

    /* U+9970 "饰" */
    0x44, 0xc, 0xfe, 0xa4, 0x0, 0x84, 0xfe, 0x92,
    0x52, 0x4a, 0x49, 0x49, 0x2d, 0x2d, 0x4, 0x0,

    /* U+9971 "饱" */
    0x44, 0xc, 0xfe, 0xa0, 0x83, 0xd4, 0x4a, 0x89,
    0x51, 0xea, 0x23, 0x54, 0xc, 0x85, 0xf, 0x80,

    /* U+9972 "饲" */
    0x47, 0xee, 0x6, 0x5e, 0x90, 0x14, 0x7a, 0x89,
    0x51, 0x2a, 0x25, 0x57, 0xac, 0x5, 0x3, 0x80,

    /* U+9975 "饵" */
    0x4f, 0xec, 0x8a, 0x9f, 0x2, 0x24, 0x44, 0x8f,
    0x91, 0x12, 0x22, 0x45, 0xed, 0xc9, 0x1, 0x0,

    /* U+9976 "饶" */
    0x42, 0xc, 0x4e, 0xbe, 0x1, 0x24, 0x1a, 0x9c,
    0xd0, 0x2, 0x7f, 0x42, 0x8c, 0x95, 0x63, 0x80,

    /* U+997A "饺" */
    0x41, 0xd, 0xfe, 0x80, 0x2, 0x24, 0x82, 0xa8,
    0x91, 0x12, 0x14, 0x41, 0xc, 0x51, 0x31, 0x80,

    /* U+997C "饼" */
    0x44, 0x2c, 0x4a, 0xbf, 0x81, 0x24, 0x24, 0x84,
    0x93, 0xfa, 0x12, 0x42, 0x4c, 0x89, 0x21, 0x0,

    /* U+997F "饿" */
    0x42, 0xcd, 0x96, 0x92, 0xf, 0xf4, 0x48, 0x89,
    0x51, 0xaa, 0xe2, 0x44, 0x4c, 0x95, 0x34, 0x80,

    /* U+9981 "馁" */
    0x40, 0xed, 0xe2, 0xa8, 0x82, 0x94, 0x54, 0x84,
    0x13, 0xfa, 0x12, 0x46, 0x8c, 0x31, 0x39, 0x80,

    /* U+9985 "馅" */
    0x42, 0xc, 0x7a, 0x91, 0xc, 0x44, 0x20, 0x99,
    0xd2, 0xa, 0x77, 0x48, 0x2d, 0x5, 0x3f, 0x80,

    /* U+9986 "馆" */
    0x41, 0xd, 0xfe, 0xa0, 0x83, 0xe4, 0x44, 0x8f,
    0x91, 0x2, 0x3f, 0x54, 0x2c, 0x85, 0x1f, 0x80,

    /* U+9988 "馈" */
    0x41, 0xd, 0xfa, 0xa5, 0x7, 0xe4, 0x10, 0xbf,
    0xd2, 0x12, 0x4a, 0x49, 0x4c, 0x51, 0x31, 0x80,

    /* U+998B "馋" */
    0x47, 0x8d, 0x12, 0xbf, 0x8c, 0x94, 0xfe, 0x85,
    0x17, 0x3a, 0x18, 0x4c, 0xcc, 0x61, 0x3, 0x0,

    /* U+998F "馏" */
    0x42, 0xd, 0xbe, 0xa2, 0x85, 0x54, 0xd6, 0x80,
    0x13, 0xfa, 0x49, 0x4f, 0xed, 0x25, 0x3f, 0x80,

    /* U+9992 "馒" */
    0x47, 0xce, 0x8a, 0x5f, 0x12, 0x24, 0xfe, 0x95,
    0x53, 0xfa, 0x22, 0x52, 0x8c, 0x21, 0x3b, 0x80,

    /* U+9996 "首" */
    0x20, 0x82, 0x23, 0xff, 0x82, 0x7, 0xfc, 0x80,
    0x9f, 0xf2, 0x2, 0x7f, 0xc8, 0x9, 0xff, 0x0,

    /* U+9999 "香" */
    0x3, 0xcf, 0x80, 0x10, 0x7f, 0xf1, 0x50, 0x49,
    0x3f, 0xf9, 0x4, 0x3f, 0x84, 0x10, 0xfe, 0x0,

    /* U+9A6C "马" */
    0x7f, 0x80, 0x10, 0x82, 0x10, 0x42, 0x8, 0x7f,
    0xc0, 0x8, 0x1, 0xff, 0x20, 0x4, 0x7, 0x0,

    /* U+9A6D "驭" */
    0xf3, 0xe2, 0x46, 0x48, 0xc9, 0x19, 0x23, 0xf4,
    0x42, 0x51, 0x4a, 0xc8, 0x81, 0x28, 0xd8, 0x80,

    /* U+9A6E "驮" */
    0xe1, 0x4, 0x22, 0x84, 0x57, 0xfa, 0x11, 0xe5,
    0x4, 0xa1, 0x94, 0xd4, 0x42, 0x89, 0xa0, 0x80,

    /* U+9A6F "驯" */
    0xe4, 0x24, 0x96, 0x92, 0xd2, 0x5a, 0x4b, 0xe9,
    0x45, 0x29, 0xa5, 0xd4, 0xa2, 0x95, 0xa0, 0x80,

    /* U+9A70 "驰" */
    0xe1, 0x4, 0xa2, 0x95, 0xd3, 0xda, 0xd3, 0xea,
    0x45, 0x59, 0xa8, 0xd4, 0x22, 0x85, 0x8f, 0x80,

    /* U+9A71 "驱" */
    0xe7, 0xe4, 0x82, 0x99, 0x52, 0xaa, 0x55, 0xe9,
    0x5, 0x21, 0xaa, 0xd6, 0x42, 0x81, 0x9f, 0x80,

    /* U+9A73 "驳" */
    0xf2, 0x22, 0x2a, 0x42, 0x48, 0xa9, 0x23, 0xf0,
    0x2, 0x89, 0x4a, 0xc8, 0x81, 0x28, 0xd8, 0x80,

    /* U+9A74 "驴" */
    0xf1, 0x2, 0x12, 0x4f, 0xc9, 0x19, 0x23, 0xf7,
    0xc2, 0x81, 0x50, 0xca, 0x1, 0x40, 0xd0, 0x0,

    /* U+9A76 "驶" */
    0xe1, 0x5, 0xfe, 0xa4, 0xd4, 0x9a, 0x93, 0xff,
    0xc4, 0x41, 0xa8, 0xd2, 0x2, 0xa1, 0xa3, 0x80,

    /* U+9A79 "驹" */
    0xe4, 0x4, 0xfe, 0xa0, 0xd0, 0x1a, 0x7b, 0xe9,
    0x45, 0x29, 0xa5, 0xd7, 0xa2, 0x5, 0x83, 0x0,

    /* U+9A7B "驻" */
    0xe2, 0x4, 0x22, 0xbf, 0xd0, 0x8a, 0x11, 0xe2,
    0x5, 0xf1, 0x88, 0xd1, 0x2, 0x21, 0xbf, 0x80,

    /* U+9A7C "驼" */
    0xe1, 0x5, 0xfe, 0xa0, 0xd2, 0xa, 0x45, 0xe9,
    0x5, 0xc1, 0xa0, 0xd4, 0x22, 0x85, 0x8f, 0x80,

    /* U+9A7E "驾" */
    0x20, 0x1f, 0x7c, 0xa8, 0xa5, 0x1b, 0xfe, 0x1,
    0x8, 0x21, 0xff, 0x0, 0x3f, 0xe4, 0x3, 0x0,

    /* U+9A82 "骂" */
    0xfb, 0xf1, 0x47, 0xef, 0x80, 0x7, 0xf8, 0x1,
    0x8, 0x21, 0xff, 0x0, 0x3f, 0xe4, 0x3, 0x0,

    /* U+9A84 "骄" */
    0xe0, 0xc4, 0xe2, 0x84, 0x57, 0xfa, 0x29, 0xe8,
    0x86, 0x99, 0x92, 0xd2, 0x42, 0x89, 0xa1, 0x0,

    /* U+9A86 "骆" */
    0xe2, 0x4, 0x7a, 0x91, 0x55, 0x4a, 0x11, 0xe5,
    0x7, 0x19, 0xbe, 0xd4, 0x42, 0x89, 0x9f, 0x0,

    /* U+9A87 "骇" */
    0xe1, 0x5, 0xfe, 0x88, 0x52, 0x2a, 0xf9, 0xe2,
    0x4, 0x89, 0xe2, 0xd0, 0x82, 0x69, 0xb0, 0x80,

    /* U+9A8B "骋" */
    0xe1, 0x5, 0xfa, 0xa5, 0x57, 0xea, 0x95, 0xff,
    0xc5, 0x1, 0xbe, 0xd0, 0x42, 0x9, 0x86, 0x0,

    /* U+9A8C "验" */
    0xe1, 0x4, 0x52, 0x91, 0x54, 0x1a, 0x7d, 0xe0,
    0x6, 0x89, 0xaa, 0xd5, 0x42, 0x11, 0xbf, 0x80,

    /* U+9A8F "骏" */
    0xf2, 0x42, 0x89, 0x7f, 0xa9, 0x4a, 0x45, 0xf4,
    0x64, 0xf1, 0xe2, 0xd4, 0x82, 0x71, 0xb1, 0x80,

    /* U+9A91 "骑" */
    0xe1, 0x5, 0xfe, 0x84, 0x51, 0x4a, 0x45, 0xff,
    0xc4, 0x11, 0xba, 0xd5, 0x42, 0xe9, 0x83, 0x0,

    /* U+9A97 "骗" */
    0xe1, 0x4, 0xfe, 0x90, 0xd3, 0xfa, 0x41, 0xef,
    0xc5, 0xa9, 0xb5, 0xd7, 0xe2, 0xd5, 0xaa, 0x80,

    /* U+9A9A "骚" */
    0xef, 0xe5, 0x26, 0x91, 0x51, 0xca, 0xc7, 0xe2,
    0x5, 0xf9, 0xa9, 0xd7, 0xe2, 0x29, 0xbe, 0x80,

    /* U+9AA1 "骡" */
    0xef, 0xe5, 0x26, 0xbf, 0xd4, 0x9a, 0xff, 0xe5,
    0x7, 0x41, 0x92, 0xdf, 0xa2, 0xa9, 0xac, 0x80,

    /* U+9AA4 "骤" */
    0xef, 0xe5, 0x46, 0xba, 0xd5, 0x5a, 0xed, 0xf6,
    0x64, 0x71, 0xb8, 0xd9, 0xa2, 0xa9, 0xa4, 0x80,

    /* U+9AA8 "骨" */
    0x3f, 0x84, 0x10, 0xf2, 0x12, 0x4f, 0xff, 0x41,
    0x4f, 0xe1, 0x4, 0x3f, 0x84, 0x10, 0x86, 0x0,

    /* U+9AB8 "骸" */
    0x70, 0x8a, 0xfd, 0x44, 0x7d, 0x28, 0xf8, 0xe2,
    0x14, 0x8b, 0xa2, 0x50, 0x8e, 0x29, 0x58, 0x80,

    /* U+9AD3 "髓" */
    0x70, 0x4b, 0x3d, 0x52, 0x78, 0xf9, 0xe4, 0xeb,
    0xd5, 0x4b, 0xaf, 0x55, 0x2f, 0x41, 0x47, 0x80,

    /* U+9AD8 "高" */
    0x4, 0x1f, 0xfc, 0x82, 0x1f, 0xc0, 0x1, 0xff,
    0xe0, 0xc, 0xf9, 0x91, 0x33, 0xe6, 0x1, 0x80,

    /* U+9B03 "鬃" */
    0x7c, 0x68, 0x33, 0xf1, 0xa4, 0xcf, 0xff, 0x0,
    0x4f, 0xe0, 0x0, 0xff, 0xe4, 0x93, 0x31, 0x80,

    /* U+9B3C "鬼" */
    0x8, 0xf, 0xf9, 0x11, 0x3f, 0xe4, 0x44, 0xff,
    0x82, 0xa0, 0x5a, 0x13, 0xc4, 0x47, 0xf, 0x80,

    /* U+9B41 "魁" */
    0x42, 0x5f, 0x2a, 0xa1, 0x7d, 0x2a, 0x95, 0xf0,
    0xca, 0xf2, 0xa2, 0x5c, 0x4a, 0x6, 0x7f, 0x80,

    /* U+9B42 "魂" */
    0x4, 0x1d, 0xf8, 0x29, 0x7, 0xef, 0xa4, 0x9f,
    0x90, 0xa4, 0xaa, 0xb5, 0xda, 0xa4, 0x27, 0x80,

    /* U+9B44 "魄" */
    0x44, 0x11, 0xfb, 0xa9, 0x57, 0xea, 0xa5, 0xdf,
    0xa8, 0xa5, 0x2a, 0xa5, 0xdd, 0x24, 0x47, 0x80,

    /* U+9B4F "魏" */
    0x1a, 0x1c, 0xf8, 0x95, 0x7f, 0xe7, 0x55, 0x5f,
    0x90, 0x57, 0xd5, 0x4a, 0xce, 0x56, 0x33, 0x80,

    /* U+9B54 "魔" */
    0x2, 0xf, 0xfd, 0x22, 0x3f, 0xf5, 0xdc, 0xd5,
    0x57, 0xf2, 0x92, 0x5f, 0xc8, 0xa6, 0xe7, 0x80,

    /* U+9C7C "鱼" */
    0x20, 0x7, 0xe1, 0x4, 0x7f, 0xe4, 0x44, 0xff,
    0x91, 0x12, 0x22, 0x7f, 0xc0, 0x3, 0xff, 0x80,

    /* U+9C81 "鲁" */
    0x3f, 0x8, 0x23, 0xff, 0x22, 0x27, 0xfc, 0x88,
    0xbf, 0xf9, 0x4, 0x3f, 0x84, 0x10, 0xfe, 0x0,

    /* U+9C8D "鲍" */
    0x42, 0xe, 0x7e, 0x50, 0xfd, 0xda, 0xab, 0xf5,
    0x6a, 0xef, 0xd3, 0x2, 0x3, 0x47, 0x87, 0x80,

    /* U+9C9C "鲜" */
    0x42, 0x2e, 0x2a, 0x4f, 0xfc, 0x4a, 0x89, 0xf7,
    0xea, 0x27, 0xc4, 0x3, 0xe3, 0x13, 0x82, 0x0,

    /* U+9CA4 "鲤" */
    0x43, 0xee, 0x56, 0x4a, 0xfd, 0xfa, 0xab, 0xf5,
    0x6a, 0xff, 0xc4, 0x3, 0xe3, 0x13, 0x9f, 0x80,

    /* U+9CB8 "鲸" */
    0x40, 0x8e, 0x7e, 0x40, 0x7d, 0xfa, 0xa3, 0xf4,
    0x6a, 0xff, 0xc4, 0x2, 0xa3, 0x57, 0x86, 0x0,

    /* U+9CC3 "鳃" */
    0x43, 0xee, 0x56, 0x4f, 0xfd, 0x5a, 0xab, 0xf7,
    0xea, 0x47, 0xd5, 0x6, 0x23, 0x4b, 0x87, 0x0,

    /* U+9CD6 "鳖" */
    0xaa, 0x4, 0x7f, 0xf1, 0x54, 0xab, 0xf8, 0x84,
    0xff, 0xf2, 0x22, 0x7f, 0xc0, 0x3, 0xff, 0x80,

    /* U+9CDE "鳞" */
    0x44, 0xae, 0x5a, 0x5f, 0xfd, 0x6a, 0xcb, 0xf4,
    0xaa, 0xff, 0xea, 0x3, 0x43, 0x5f, 0x91, 0x0,

    /* U+9E1F "鸟" */
    0x8, 0x7, 0xf0, 0x82, 0x14, 0x42, 0x58, 0x40,
    0xf, 0xf8, 0x1, 0xff, 0x20, 0x4, 0x7, 0x0,

    /* U+9E21 "鸡" */
    0x1, 0x1e, 0xf8, 0x51, 0x4a, 0xa5, 0x4c, 0xa8,
    0x9, 0xf9, 0x1, 0x57, 0xaa, 0x6, 0x7, 0x0,

    /* U+9E23 "鸣" */
    0x1, 0x1e, 0xfa, 0x51, 0x4a, 0xa9, 0x4d, 0x28,
    0x25, 0xfc, 0x81, 0xf7, 0xa0, 0x4, 0x7, 0x0,

    /* U+9E25 "鸥" */
    0xf9, 0x10, 0x7b, 0x29, 0x55, 0xaa, 0xad, 0x24,
    0x24, 0xfd, 0x41, 0xcb, 0xb0, 0x7, 0xe3, 0x0,

    /* U+9E26 "鸦" */
    0xf9, 0xa, 0x79, 0x49, 0x49, 0xaf, 0xac, 0x64,
    0x14, 0xfa, 0x81, 0x97, 0xb2, 0x4, 0xc3, 0x0,

    /* U+9E2D "鸭" */
    0xf9, 0x15, 0x7a, 0xa9, 0x7d, 0xaa, 0xad, 0x54,
    0x3e, 0xf9, 0x1, 0x27, 0xa4, 0x4, 0x83, 0x0,

    /* U+9E2F "鸯" */
    0x4, 0x7, 0xf0, 0x92, 0x7f, 0xf1, 0x11, 0xd1,
    0xcf, 0xe1, 0x24, 0x3f, 0xe0, 0x7, 0xfb, 0x0,

    /* U+9E33 "鸳" */
    0x20, 0x7, 0x7b, 0x29, 0x15, 0x61, 0x23, 0xd3,
    0xcf, 0xe1, 0x24, 0x3f, 0xe0, 0x7, 0xfb, 0x0,

    /* U+9E35 "鸵" */
    0x41, 0x1e, 0xfe, 0x50, 0xe9, 0xb, 0x25, 0x5,
    0x3e, 0xc0, 0x50, 0x2a, 0x39, 0x44, 0xc7, 0x80,

    /* U+9E3D "鸽" */
    0x21, 0x4, 0x79, 0x49, 0x47, 0xa7, 0x2c, 0x4,
    0x3e, 0xfc, 0x41, 0x8f, 0xb1, 0x7, 0xe3, 0x0,

    /* U+9E3F "鸿" */
    0x80, 0x88, 0x38, 0x75, 0x44, 0xe4, 0x94, 0x12,
    0x2, 0x7a, 0x61, 0x5b, 0xb0, 0x6, 0x3, 0x0,

    /* U+9E43 "鹃" */
    0xf9, 0x11, 0x7b, 0xe9, 0x1, 0xaf, 0xad, 0x14,
    0x3e, 0xfc, 0x41, 0xff, 0xb1, 0x6, 0x63, 0x0,

    /* U+9E45 "鹅" */
    0x29, 0x1a, 0xf9, 0x49, 0x7f, 0xa5, 0x2c, 0xa4,
    0x1c, 0xfe, 0xa1, 0x4b, 0xa9, 0x7, 0x53, 0x0,

    /* U+9E4A "鹊" */
    0x51, 0x1f, 0x79, 0x49, 0x29, 0xaf, 0xec, 0x4,
    0x3e, 0xfc, 0x41, 0xff, 0xb1, 0x7, 0xe3, 0x0,

    /* U+9E4F "鹏" */
    0xee, 0x55, 0x5e, 0xaa, 0xf7, 0x7a, 0xab, 0x55,
    0x3b, 0xbd, 0x51, 0xab, 0xb5, 0x45, 0xdb, 0x0,

    /* U+9E64 "鹤" */
    0x21, 0x1f, 0x7a, 0xa9, 0x29, 0xa7, 0xad, 0xa4,
    0x1e, 0xfa, 0x81, 0x7b, 0xaa, 0x5, 0xe3, 0x0,

    /* U+9E70 "鹰" */
    0x2, 0xf, 0xfd, 0x2a, 0x2b, 0xf7, 0x48, 0xaf,
    0xd2, 0x92, 0x7f, 0x40, 0x2b, 0xf6, 0x1, 0x80,

    /* U+9E7F "鹿" */
    0x2, 0xf, 0xfd, 0x24, 0x3f, 0xf4, 0x92, 0xff,
    0xd4, 0x42, 0xea, 0x51, 0x8a, 0xa6, 0x63, 0x80,

    /* U+9E93 "麓" */
    0x11, 0x1f, 0xfd, 0x4d, 0x4a, 0x97, 0xfe, 0x92,
    0x5f, 0xfd, 0x8, 0xbd, 0xe4, 0x21, 0xf7, 0x80,

    /* U+9EA6 "麦" */
    0x4, 0xf, 0xf8, 0x10, 0x3f, 0xe0, 0x41, 0xff,
    0xc2, 0x0, 0xfe, 0x70, 0x81, 0xe3, 0xc3, 0x80,

    /* U+9EBB "麻" */
    0x2, 0xf, 0xfd, 0x22, 0x24, 0x47, 0xfe, 0x91,
    0x16, 0x62, 0xee, 0x6a, 0xa9, 0x12, 0x22, 0x0,

    /* U+9EC4 "黄" */
    0x11, 0xf, 0xf8, 0x44, 0x7f, 0xf0, 0x40, 0xff,
    0x91, 0x13, 0xfe, 0x44, 0x4f, 0xfb, 0x1, 0x80,

    /* U+9ECD "黍" */
    0x3, 0xcf, 0x80, 0x10, 0x7f, 0xf2, 0x49, 0x88,
    0xc6, 0xc7, 0x27, 0x24, 0x82, 0xa1, 0xb3, 0x0,

    /* U+9ECE "黎" */
    0xfa, 0x4, 0x7f, 0xea, 0xba, 0x5a, 0x92, 0x48,
    0xc6, 0xc7, 0x27, 0x24, 0x82, 0xa1, 0xb3, 0x0,

    /* U+9ED1 "黑" */
    0x7f, 0xc8, 0x89, 0x55, 0x22, 0x27, 0xfc, 0x8,
    0x1f, 0xf0, 0x20, 0xff, 0xea, 0x4a, 0x24, 0x80,

    /* U+9ED4 "黔" */
    0xf8, 0x95, 0x13, 0xe5, 0x57, 0x1f, 0x88, 0x40,
    0xbe, 0xf9, 0x1, 0xf8, 0x40, 0xa, 0xa2, 0x0,

    /* U+9ED8 "默" */
    0xfc, 0xb2, 0x97, 0x72, 0x4b, 0xff, 0xc8, 0x21,
    0x3f, 0x20, 0x8a, 0xfd, 0x40, 0x2a, 0xa8, 0x80,

    /* U+9F0E "鼎" */
    0x3f, 0x84, 0x12, 0xfe, 0xd0, 0x5b, 0xfb, 0x41,
    0x7f, 0xf8, 0x50, 0xfb, 0xe9, 0x46, 0x28, 0x80,

    /* U+9F13 "鼓" */
    0x20, 0x9f, 0x90, 0x8f, 0xfc, 0x40, 0x9, 0xf7,
    0xe2, 0x8f, 0xd1, 0x51, 0x4b, 0x13, 0x9d, 0x80,

    /* U+9F20 "鼠" */
    0xf7, 0xa0, 0x2f, 0x7a, 0x2, 0xff, 0x80, 0xa,
    0xaa, 0x66, 0xaa, 0xa6, 0x6e, 0xe4,

    /* U+9F3B "鼻" */
    0x8, 0x7, 0xf0, 0x82, 0x1f, 0xc2, 0x8, 0xff,
    0x91, 0x13, 0xfe, 0x44, 0x5f, 0xfc, 0x82, 0x0,

    /* U+9F50 "齐" */
    0x4, 0x1f, 0xfc, 0x82, 0x8, 0x80, 0xe0, 0x63,
    0x30, 0x19, 0x4, 0x20, 0x84, 0x11, 0x2, 0x0,

    /* U+9F7F "齿" */
    0x4, 0x4, 0xf8, 0x90, 0x12, 0xf, 0xfe, 0x0,
    0x11, 0x12, 0x22, 0x4a, 0x4a, 0x29, 0xff, 0x0,

    /* U+9F84 "龄" */
    0x20, 0x97, 0x12, 0x85, 0x53, 0x1f, 0x88, 0x0,
    0xaa, 0xfd, 0x41, 0xd9, 0x51, 0x13, 0xe1, 0x0,

    /* U+9F8B "龋" */
    0x20, 0x77, 0x72, 0x82, 0x51, 0xff, 0xaa, 0x7,
    0xea, 0x25, 0x5f, 0xda, 0xb1, 0x77, 0xe9, 0x80,

    /* U+9F99 "龙" */
    0x9, 0x1, 0x13, 0xff, 0x85, 0x0, 0xa0, 0x24,
    0x84, 0xa1, 0x18, 0x22, 0x28, 0xc6, 0x27, 0x80,

    /* U+9F9A "龚" */
    0x8, 0x9f, 0xfc, 0x4a, 0x11, 0x9c, 0xde, 0x22,
    0x1f, 0xf0, 0x88, 0xff, 0xe4, 0x13, 0x1, 0x80,

    /* U+9F9F "龟" */
    0x20, 0x7, 0xe1, 0x4, 0x7f, 0xe4, 0x44, 0xff,
    0x91, 0x12, 0x22, 0x7f, 0xc0, 0x84, 0xf, 0x80,

    /* U+FF01 "！" */
    0x5f, 0xf4, 0x90, 0x40,

    /* U+FF08 "（" */
    0x29, 0x49, 0x24, 0x48, 0x80,

    /* U+FF09 "）" */
    0x89, 0x12, 0x49, 0x4a, 0x0,

    /* U+FF0C "，" */
    0xf6,

    /* U+FF1A "：" */
    0xf0, 0xf,

    /* U+FF1B "；" */
    0xf0, 0x3d, 0x80,

    /* U+FF1F "？" */
    0x74, 0x62, 0x11, 0x10, 0x80, 0x20,

    /* U+FFE5 "￥" */
    0x82, 0x89, 0x11, 0x4f, 0xe2, 0x3f, 0x88, 0x10
};


/*---------------------
 *  GLYPH DESCRIPTION
 *--------------------*/

static const lv_font_fmt_txt_glyph_dsc_t glyph_dsc[] = {
    {.bitmap_index = 0, .adv_w = 0, .box_w = 0, .box_h = 0, .ofs_x = 0, .ofs_y = 0} /* id = 0 reserved */,
    {.bitmap_index = 0, .adv_w = 96, .box_w = 1, .box_h = 1, .ofs_x = 0, .ofs_y = 0},
    {.bitmap_index = 1, .adv_w = 96, .box_w = 1, .box_h = 8, .ofs_x = 2, .ofs_y = 0},
    {.bitmap_index = 2, .adv_w = 96, .box_w = 3, .box_h = 3, .ofs_x = 1, .ofs_y = 5},
    {.bitmap_index = 4, .adv_w = 96, .box_w = 5, .box_h = 8, .ofs_x = 0, .ofs_y = 0},
    {.bitmap_index = 9, .adv_w = 96, .box_w = 5, .box_h = 10, .ofs_x = 0, .ofs_y = -1},
    {.bitmap_index = 16, .adv_w = 96, .box_w = 5, .box_h = 8, .ofs_x = 0, .ofs_y = 0},
    {.bitmap_index = 21, .adv_w = 96, .box_w = 5, .box_h = 8, .ofs_x = 0, .ofs_y = 0},
    {.bitmap_index = 26, .adv_w = 96, .box_w = 1, .box_h = 3, .ofs_x = 2, .ofs_y = 5},
    {.bitmap_index = 27, .adv_w = 96, .box_w = 3, .box_h = 10, .ofs_x = 1, .ofs_y = -1},
    {.bitmap_index = 31, .adv_w = 96, .box_w = 3, .box_h = 10, .ofs_x = 1, .ofs_y = -1},
    {.bitmap_index = 35, .adv_w = 96, .box_w = 5, .box_h = 5, .ofs_x = 0, .ofs_y = 1},
    {.bitmap_index = 39, .adv_w = 96, .box_w = 5, .box_h = 5, .ofs_x = 0, .ofs_y = 1},
    {.bitmap_index = 43, .adv_w = 96, .box_w = 2, .box_h = 3, .ofs_x = 1, .ofs_y = -2},
    {.bitmap_index = 44, .adv_w = 96, .box_w = 5, .box_h = 1, .ofs_x = 0, .ofs_y = 3},
    {.bitmap_index = 45, .adv_w = 96, .box_w = 1, .box_h = 1, .ofs_x = 2, .ofs_y = 0},
    {.bitmap_index = 46, .adv_w = 96, .box_w = 5, .box_h = 10, .ofs_x = 0, .ofs_y = -1},
    {.bitmap_index = 53, .adv_w = 96, .box_w = 5, .box_h = 8, .ofs_x = 0, .ofs_y = 0},
    {.bitmap_index = 58, .adv_w = 96, .box_w = 5, .box_h = 8, .ofs_x = 0, .ofs_y = 0},
    {.bitmap_index = 63, .adv_w = 96, .box_w = 5, .box_h = 8, .ofs_x = 0, .ofs_y = 0},
    {.bitmap_index = 68, .adv_w = 96, .box_w = 5, .box_h = 8, .ofs_x = 0, .ofs_y = 0},
    {.bitmap_index = 73, .adv_w = 96, .box_w = 5, .box_h = 8, .ofs_x = 0, .ofs_y = 0},
    {.bitmap_index = 78, .adv_w = 96, .box_w = 5, .box_h = 8, .ofs_x = 0, .ofs_y = 0},
    {.bitmap_index = 83, .adv_w = 96, .box_w = 5, .box_h = 8, .ofs_x = 0, .ofs_y = 0},
    {.bitmap_index = 88, .adv_w = 96, .box_w = 5, .box_h = 8, .ofs_x = 0, .ofs_y = 0},
    {.bitmap_index = 93, .adv_w = 96, .box_w = 5, .box_h = 8, .ofs_x = 0, .ofs_y = 0},
    {.bitmap_index = 98, .adv_w = 96, .box_w = 5, .box_h = 8, .ofs_x = 0, .ofs_y = 0},
    {.bitmap_index = 103, .adv_w = 96, .box_w = 1, .box_h = 6, .ofs_x = 2, .ofs_y = 0},
    {.bitmap_index = 104, .adv_w = 96, .box_w = 2, .box_h = 8, .ofs_x = 1, .ofs_y = -2},
    {.bitmap_index = 106, .adv_w = 96, .box_w = 4, .box_h = 7, .ofs_x = 1, .ofs_y = 0},
    {.bitmap_index = 110, .adv_w = 96, .box_w = 5, .box_h = 3, .ofs_x = 0, .ofs_y = 2},
    {.bitmap_index = 112, .adv_w = 96, .box_w = 4, .box_h = 7, .ofs_x = 1, .ofs_y = 0},
    {.bitmap_index = 116, .adv_w = 96, .box_w = 5, .box_h = 8, .ofs_x = 0, .ofs_y = 0},
    {.bitmap_index = 121, .adv_w = 96, .box_w = 5, .box_h = 9, .ofs_x = 0, .ofs_y = -1},
    {.bitmap_index = 127, .adv_w = 96, .box_w = 5, .box_h = 8, .ofs_x = 0, .ofs_y = 0},
    {.bitmap_index = 132, .adv_w = 96, .box_w = 5, .box_h = 8, .ofs_x = 0, .ofs_y = 0},
    {.bitmap_index = 137, .adv_w = 96, .box_w = 5, .box_h = 8, .ofs_x = 0, .ofs_y = 0},
    {.bitmap_index = 142, .adv_w = 96, .box_w = 5, .box_h = 8, .ofs_x = 0, .ofs_y = 0},
    {.bitmap_index = 147, .adv_w = 96, .box_w = 5, .box_h = 8, .ofs_x = 0, .ofs_y = 0},
    {.bitmap_index = 152, .adv_w = 96, .box_w = 5, .box_h = 8, .ofs_x = 0, .ofs_y = 0},
    {.bitmap_index = 157, .adv_w = 96, .box_w = 5, .box_h = 8, .ofs_x = 0, .ofs_y = 0},
    {.bitmap_index = 162, .adv_w = 96, .box_w = 5, .box_h = 8, .ofs_x = 0, .ofs_y = 0},
    {.bitmap_index = 167, .adv_w = 96, .box_w = 5, .box_h = 8, .ofs_x = 0, .ofs_y = 0},
    {.bitmap_index = 172, .adv_w = 96, .box_w = 5, .box_h = 8, .ofs_x = 0, .ofs_y = 0},
    {.bitmap_index = 177, .adv_w = 96, .box_w = 5, .box_h = 8, .ofs_x = 0, .ofs_y = 0},
    {.bitmap_index = 182, .adv_w = 96, .box_w = 5, .box_h = 8, .ofs_x = 0, .ofs_y = 0},
    {.bitmap_index = 187, .adv_w = 96, .box_w = 5, .box_h = 8, .ofs_x = 0, .ofs_y = 0},
    {.bitmap_index = 192, .adv_w = 96, .box_w = 5, .box_h = 8, .ofs_x = 0, .ofs_y = 0},
    {.bitmap_index = 197, .adv_w = 96, .box_w = 5, .box_h = 8, .ofs_x = 0, .ofs_y = 0},
    {.bitmap_index = 202, .adv_w = 96, .box_w = 5, .box_h = 8, .ofs_x = 0, .ofs_y = 0},
    {.bitmap_index = 207, .adv_w = 96, .box_w = 5, .box_h = 8, .ofs_x = 0, .ofs_y = 0},
    {.bitmap_index = 212, .adv_w = 96, .box_w = 5, .box_h = 8, .ofs_x = 0, .ofs_y = 0},
    {.bitmap_index = 217, .adv_w = 96, .box_w = 5, .box_h = 8, .ofs_x = 0, .ofs_y = 0},
    {.bitmap_index = 222, .adv_w = 96, .box_w = 5, .box_h = 8, .ofs_x = 0, .ofs_y = 0},
    {.bitmap_index = 227, .adv_w = 96, .box_w = 5, .box_h = 8, .ofs_x = 0, .ofs_y = 0},
    {.bitmap_index = 232, .adv_w = 96, .box_w = 5, .box_h = 8, .ofs_x = 0, .ofs_y = 0},
    {.bitmap_index = 237, .adv_w = 96, .box_w = 5, .box_h = 8, .ofs_x = 0, .ofs_y = 0},
    {.bitmap_index = 242, .adv_w = 96, .box_w = 5, .box_h = 8, .ofs_x = 0, .ofs_y = 0},
    {.bitmap_index = 247, .adv_w = 96, .box_w = 5, .box_h = 8, .ofs_x = 0, .ofs_y = 0},
    {.bitmap_index = 252, .adv_w = 96, .box_w = 5, .box_h = 8, .ofs_x = 0, .ofs_y = 0},
    {.bitmap_index = 257, .adv_w = 96, .box_w = 3, .box_h = 10, .ofs_x = 1, .ofs_y = -1},
    {.bitmap_index = 261, .adv_w = 96, .box_w = 5, .box_h = 10, .ofs_x = 0, .ofs_y = -1},
    {.bitmap_index = 268, .adv_w = 96, .box_w = 3, .box_h = 10, .ofs_x = 1, .ofs_y = -1},
    {.bitmap_index = 272, .adv_w = 96, .box_w = 5, .box_h = 3, .ofs_x = 0, .ofs_y = 5},
    {.bitmap_index = 274, .adv_w = 96, .box_w = 5, .box_h = 1, .ofs_x = 0, .ofs_y = -2},
    {.bitmap_index = 275, .adv_w = 96, .box_w = 2, .box_h = 2, .ofs_x = 2, .ofs_y = 6},
    {.bitmap_index = 276, .adv_w = 96, .box_w = 5, .box_h = 6, .ofs_x = 0, .ofs_y = 0},
    {.bitmap_index = 280, .adv_w = 96, .box_w = 5, .box_h = 8, .ofs_x = 0, .ofs_y = 0},
    {.bitmap_index = 285, .adv_w = 96, .box_w = 5, .box_h = 6, .ofs_x = 0, .ofs_y = 0},
    {.bitmap_index = 289, .adv_w = 96, .box_w = 5, .box_h = 8, .ofs_x = 0, .ofs_y = 0},
    {.bitmap_index = 294, .adv_w = 96, .box_w = 5, .box_h = 6, .ofs_x = 0, .ofs_y = 0},
    {.bitmap_index = 298, .adv_w = 96, .box_w = 5, .box_h = 8, .ofs_x = 0, .ofs_y = 0},
    {.bitmap_index = 303, .adv_w = 96, .box_w = 5, .box_h = 8, .ofs_x = 0, .ofs_y = -2},
    {.bitmap_index = 308, .adv_w = 96, .box_w = 5, .box_h = 8, .ofs_x = 0, .ofs_y = 0},
    {.bitmap_index = 313, .adv_w = 96, .box_w = 5, .box_h = 8, .ofs_x = 0, .ofs_y = 0},
    {.bitmap_index = 318, .adv_w = 96, .box_w = 4, .box_h = 10, .ofs_x = 0, .ofs_y = -2},
    {.bitmap_index = 323, .adv_w = 96, .box_w = 5, .box_h = 8, .ofs_x = 0, .ofs_y = 0},
    {.bitmap_index = 328, .adv_w = 96, .box_w = 5, .box_h = 8, .ofs_x = 0, .ofs_y = 0},
    {.bitmap_index = 333, .adv_w = 96, .box_w = 5, .box_h = 6, .ofs_x = 0, .ofs_y = 0},
    {.bitmap_index = 337, .adv_w = 96, .box_w = 5, .box_h = 6, .ofs_x = 0, .ofs_y = 0},
    {.bitmap_index = 341, .adv_w = 96, .box_w = 5, .box_h = 6, .ofs_x = 0, .ofs_y = 0},
    {.bitmap_index = 345, .adv_w = 96, .box_w = 5, .box_h = 8, .ofs_x = 0, .ofs_y = -2},
    {.bitmap_index = 350, .adv_w = 96, .box_w = 5, .box_h = 8, .ofs_x = 0, .ofs_y = -2},
    {.bitmap_index = 355, .adv_w = 96, .box_w = 5, .box_h = 6, .ofs_x = 0, .ofs_y = 0},
    {.bitmap_index = 359, .adv_w = 96, .box_w = 5, .box_h = 6, .ofs_x = 0, .ofs_y = 0},
    {.bitmap_index = 363, .adv_w = 96, .box_w = 5, .box_h = 8, .ofs_x = 0, .ofs_y = 0},
    {.bitmap_index = 368, .adv_w = 96, .box_w = 5, .box_h = 6, .ofs_x = 0, .ofs_y = 0},
    {.bitmap_index = 372, .adv_w = 96, .box_w = 5, .box_h = 6, .ofs_x = 0, .ofs_y = 0},
    {.bitmap_index = 376, .adv_w = 96, .box_w = 5, .box_h = 6, .ofs_x = 0, .ofs_y = 0},
    {.bitmap_index = 380, .adv_w = 96, .box_w = 5, .box_h = 6, .ofs_x = 0, .ofs_y = 0},
    {.bitmap_index = 384, .adv_w = 96, .box_w = 5, .box_h = 8, .ofs_x = 0, .ofs_y = -2},
    {.bitmap_index = 389, .adv_w = 96, .box_w = 5, .box_h = 6, .ofs_x = 0, .ofs_y = 0},
    {.bitmap_index = 393, .adv_w = 96, .box_w = 4, .box_h = 10, .ofs_x = 0, .ofs_y = -1},
    {.bitmap_index = 398, .adv_w = 96, .box_w = 1, .box_h = 10, .ofs_x = 2, .ofs_y = -1},
    {.bitmap_index = 400, .adv_w = 96, .box_w = 4, .box_h = 10, .ofs_x = 1, .ofs_y = -1},
    {.bitmap_index = 405, .adv_w = 96, .box_w = 5, .box_h = 3, .ofs_x = 0, .ofs_y = 2},
    {.bitmap_index = 407, .adv_w = 192, .box_w = 2, .box_h = 2, .ofs_x = 5, .ofs_y = 2},
    {.bitmap_index = 408, .adv_w = 192, .box_w = 11, .box_h = 1, .ofs_x = 0, .ofs_y = 3},
    {.bitmap_index = 410, .adv_w = 192, .box_w = 2, .box_h = 4, .ofs_x = 8, .ofs_y = 5},
    {.bitmap_index = 411, .adv_w = 192, .box_w = 2, .box_h = 4, .ofs_x = 1, .ofs_y = 5},
    {.bitmap_index = 412, .adv_w = 192, .box_w = 5, .box_h = 4, .ofs_x = 5, .ofs_y = 5},
    {.bitmap_index = 415, .adv_w = 192, .box_w = 5, .box_h = 4, .ofs_x = 1, .ofs_y = 5},
    {.bitmap_index = 418, .adv_w = 192, .box_w = 10, .box_h = 2, .ofs_x = 1, .ofs_y = 2},
    {.bitmap_index = 421, .adv_w = 192, .box_w = 3, .box_h = 3, .ofs_x = 1, .ofs_y = -2},
    {.bitmap_index = 423, .adv_w = 192, .box_w = 4, .box_h = 4, .ofs_x = 1, .ofs_y = -2},
    {.bitmap_index = 425, .adv_w = 192, .box_w = 6, .box_h = 11, .ofs_x = 4, .ofs_y = -2},
    {.bitmap_index = 434, .adv_w = 192, .box_w = 6, .box_h = 11, .ofs_x = 1, .ofs_y = -2},
    {.bitmap_index = 443, .adv_w = 192, .box_w = 5, .box_h = 11, .ofs_x = 5, .ofs_y = -2},
    {.bitmap_index = 450, .adv_w = 192, .box_w = 5, .box_h = 11, .ofs_x = 1, .ofs_y = -2},
    {.bitmap_index = 457, .adv_w = 192, .box_w = 11, .box_h = 1, .ofs_x = 0, .ofs_y = 3},
    {.bitmap_index = 459, .adv_w = 192, .box_w = 11, .box_h = 11, .ofs_x = 0, .ofs_y = -2},
    {.bitmap_index = 475, .adv_w = 192, .box_w = 11, .box_h = 11, .ofs_x = 0, .ofs_y = -2},
    {.bitmap_index = 491, .adv_w = 192, .box_w = 11, .box_h = 11, .ofs_x = 0, .ofs_y = -2},
    {.bitmap_index = 507, .adv_w = 192, .box_w = 11, .box_h = 11, .ofs_x = 0, .ofs_y = -2},
    {.bitmap_index = 523, .adv_w = 192, .box_w = 11, .box_h = 11, .ofs_x = 0, .ofs_y = -2},
    {.bitmap_index = 539, .adv_w = 192, .box_w = 11, .box_h = 11, .ofs_x = 0, .ofs_y = -2},
    {.bitmap_index = 555, .adv_w = 192, .box_w = 11, .box_h = 11, .ofs_x = 0, .ofs_y = -2},
    {.bitmap_index = 571, .adv_w = 192, .box_w = 11, .box_h = 11, .ofs_x = 0, .ofs_y = -2},
    {.bitmap_index = 587, .adv_w = 192, .box_w = 11, .box_h = 11, .ofs_x = 0, .ofs_y = -2},
    {.bitmap_index = 603, .adv_w = 192, .box_w = 11, .box_h = 11, .ofs_x = 0, .ofs_y = -2},
    {.bitmap_index = 619, .adv_w = 192, .box_w = 11, .box_h = 11, .ofs_x = 0, .ofs_y = -2},
    {.bitmap_index = 635, .adv_w = 192, .box_w = 11, .box_h = 11, .ofs_x = 0, .ofs_y = -2},
    {.bitmap_index = 651, .adv_w = 192, .box_w = 11, .box_h = 11, .ofs_x = 0, .ofs_y = -2},
    {.bitmap_index = 667, .adv_w = 192, .box_w = 11, .box_h = 11, .ofs_x = 0, .ofs_y = -2},
    {.bitmap_index = 683, .adv_w = 192, .box_w = 11, .box_h = 11, .ofs_x = 0, .ofs_y = -2},
    {.bitmap_index = 699, .adv_w = 192, .box_w = 11, .box_h = 11, .ofs_x = 0, .ofs_y = -2},
    {.bitmap_index = 715, .adv_w = 192, .box_w = 11, .box_h = 11, .ofs_x = 0, .ofs_y = -2},
    {.bitmap_index = 731, .adv_w = 192, .box_w = 11, .box_h = 11, .ofs_x = 0, .ofs_y = -2},
    {.bitmap_index = 747, .adv_w = 192, .box_w = 11, .box_h = 11, .ofs_x = 0, .ofs_y = -2},
    {.bitmap_index = 763, .adv_w = 192, .box_w = 11, .box_h = 11, .ofs_x = 0, .ofs_y = -2},
    {.bitmap_index = 779, .adv_w = 192, .box_w = 11, .box_h = 11, .ofs_x = 0, .ofs_y = -2},
    {.bitmap_index = 795, .adv_w = 192, .box_w = 11, .box_h = 11, .ofs_x = 0, .ofs_y = -2},
    {.bitmap_index = 811, .adv_w = 192, .box_w = 11, .box_h = 11, .ofs_x = 0, .ofs_y = -2},
    {.bitmap_index = 827, .adv_w = 192, .box_w = 11, .box_h = 11, .ofs_x = 0, .ofs_y = -2},
    {.bitmap_index = 843, .adv_w = 192, .box_w = 9, .box_h = 11, .ofs_x = 1, .ofs_y = -2},
    {.bitmap_index = 856, .adv_w = 192, .box_w = 11, .box_h = 11, .ofs_x = 0, .ofs_y = -2},
    {.bitmap_index = 872, .adv_w = 192, .box_w = 11, .box_h = 11, .ofs_x = 0, .ofs_y = -2},
    {.bitmap_index = 888, .adv_w = 192, .box_w = 11, .box_h = 11, .ofs_x = 0, .ofs_y = -2},
    {.bitmap_index = 904, .adv_w = 192, .box_w = 11, .box_h = 11, .ofs_x = 0, .ofs_y = -2},
    {.bitmap_index = 920, .adv_w = 192, .box_w = 11, .box_h = 11, .ofs_x = 0, .ofs_y = -2},
    {.bitmap_index = 936, .adv_w = 192, .box_w = 11, .box_h = 11, .ofs_x = 0, .ofs_y = -2},
    {.bitmap_index = 952, .adv_w = 192, .box_w = 11, .box_h = 11, .ofs_x = 0, .ofs_y = -2},
    {.bitmap_index = 968, .adv_w = 192, .box_w = 11, .box_h = 11, .ofs_x = 0, .ofs_y = -2},
    {.bitmap_index = 984, .adv_w = 192, .box_w = 11, .box_h = 11, .ofs_x = 0, .ofs_y = -2},
    {.bitmap_index = 1000, .adv_w = 192, .box_w = 11, .box_h = 11, .ofs_x = 0, .ofs_y = -2},
    {.bitmap_index = 1016, .adv_w = 192, .box_w = 11, .box_h = 11, .ofs_x = 0, .ofs_y = -2},
    {.bitmap_index = 1032, .adv_w = 192, .box_w = 11, .box_h = 11, .ofs_x = 0, .ofs_y = -2},
    {.bitmap_index = 1048, .adv_w = 192, .box_w = 11, .box_h = 11, .ofs_x = 0, .ofs_y = -2},
    {.bitmap_index = 1064, .adv_w = 192, .box_w = 11, .box_h = 11, .ofs_x = 0, .ofs_y = -2},
    {.bitmap_index = 1080, .adv_w = 192, .box_w = 11, .box_h = 11, .ofs_x = 0, .ofs_y = -2},
    {.bitmap_index = 1096, .adv_w = 192, .box_w = 11, .box_h = 11, .ofs_x = 0, .ofs_y = -2},
    {.bitmap_index = 1112, .adv_w = 192, .box_w = 11, .box_h = 11, .ofs_x = 0, .ofs_y = -2},
    {.bitmap_index = 1128, .adv_w = 192, .box_w = 11, .box_h = 11, .ofs_x = 0, .ofs_y = -2},
    {.bitmap_index = 1144, .adv_w = 192, .box_w = 11, .box_h = 11, .ofs_x = 0, .ofs_y = -2},
    {.bitmap_index = 1160, .adv_w = 192, .box_w = 11, .box_h = 11, .ofs_x = 0, .ofs_y = -2},
    {.bitmap_index = 1176, .adv_w = 192, .box_w = 11, .box_h = 11, .ofs_x = 0, .ofs_y = -2},
    {.bitmap_index = 1192, .adv_w = 192, .box_w = 11, .box_h = 11, .ofs_x = 0, .ofs_y = -2},
    {.bitmap_index = 1208, .adv_w = 192, .box_w = 11, .box_h = 11, .ofs_x = 0, .ofs_y = -2},
    {.bitmap_index = 1224, .adv_w = 192, .box_w = 11, .box_h = 11, .ofs_x = 0, .ofs_y = -2},
    {.bitmap_index = 1240, .adv_w = 192, .box_w = 11, .box_h = 11, .ofs_x = 0, .ofs_y = -2},
    {.bitmap_index = 1256, .adv_w = 192, .box_w = 11, .box_h = 11, .ofs_x = 0, .ofs_y = -2},
    {.bitmap_index = 1272, .adv_w = 192, .box_w = 11, .box_h = 11, .ofs_x = 0, .ofs_y = -2},
    {.bitmap_index = 1288, .adv_w = 192, .box_w = 11, .box_h = 11, .ofs_x = 0, .ofs_y = -2},
    {.bitmap_index = 1304, .adv_w = 192, .box_w = 11, .box_h = 11, .ofs_x = 0, .ofs_y = -2},
    {.bitmap_index = 1320, .adv_w = 192, .box_w = 10, .box_h = 11, .ofs_x = 1, .ofs_y = -2},
    {.bitmap_index = 1334, .adv_w = 192, .box_w = 11, .box_h = 11, .ofs_x = 0, .ofs_y = -2},
    {.bitmap_index = 1350, .adv_w = 192, .box_w = 11, .box_h = 11, .ofs_x = 0, .ofs_y = -2},
    {.bitmap_index = 1366, .adv_w = 192, .box_w = 11, .box_h = 11, .ofs_x = 0, .ofs_y = -2},
    {.bitmap_index = 1382, .adv_w = 192, .box_w = 11, .box_h = 11, .ofs_x = 0, .ofs_y = -2},
    {.bitmap_index = 1398, .adv_w = 192, .box_w = 11, .box_h = 11, .ofs_x = 0, .ofs_y = -2},
    {.bitmap_index = 1414, .adv_w = 192, .box_w = 11, .box_h = 11, .ofs_x = 0, .ofs_y = -2},
    {.bitmap_index = 1430, .adv_w = 192, .box_w = 9, .box_h = 11, .ofs_x = 1, .ofs_y = -2},
    {.bitmap_index = 1443, .adv_w = 192, .box_w = 11, .box_h = 11, .ofs_x = 0, .ofs_y = -2},
    {.bitmap_index = 1459, .adv_w = 192, .box_w = 11, .box_h = 11, .ofs_x = 0, .ofs_y = -2},
    {.bitmap_index = 1475, .adv_w = 192, .box_w = 11, .box_h = 11, .ofs_x = 0, .ofs_y = -2},
    {.bitmap_index = 1491, .adv_w = 192, .box_w = 11, .box_h = 9, .ofs_x = 0, .ofs_y = -1},
    {.bitmap_index = 1504, .adv_w = 192, .box_w = 11, .box_h = 11, .ofs_x = 0, .ofs_y = -2},
    {.bitmap_index = 1520, .adv_w = 192, .box_w = 11, .box_h = 11, .ofs_x = 0, .ofs_y = -2},
    {.bitmap_index = 1536, .adv_w = 192, .box_w = 11, .box_h = 11, .ofs_x = 0, .ofs_y = -2},
    {.bitmap_index = 1552, .adv_w = 192, .box_w = 11, .box_h = 11, .ofs_x = 0, .ofs_y = -2},
    {.bitmap_index = 1568, .adv_w = 192, .box_w = 11, .box_h = 11, .ofs_x = 0, .ofs_y = -2},
    {.bitmap_index = 1584, .adv_w = 192, .box_w = 11, .box_h = 11, .ofs_x = 0, .ofs_y = -2},
    {.bitmap_index = 1600, .adv_w = 192, .box_w = 11, .box_h = 11, .ofs_x = 0, .ofs_y = -2},
    {.bitmap_index = 1616, .adv_w = 192, .box_w = 11, .box_h = 11, .ofs_x = 0, .ofs_y = -2},
    {.bitmap_index = 1632, .adv_w = 192, .box_w = 11, .box_h = 11, .ofs_x = 0, .ofs_y = -2},
    {.bitmap_index = 1648, .adv_w = 192, .box_w = 11, .box_h = 11, .ofs_x = 0, .ofs_y = -2},
    {.bitmap_index = 1664, .adv_w = 192, .box_w = 11, .box_h = 11, .ofs_x = 0, .ofs_y = -2},
    {.bitmap_index = 1680, .adv_w = 192, .box_w = 11, .box_h = 11, .ofs_x = 0, .ofs_y = -2},
    {.bitmap_index = 1696, .adv_w = 192, .box_w = 11, .box_h = 11, .ofs_x = 0, .ofs_y = -2},
    {.bitmap_index = 1712, .adv_w = 192, .box_w = 11, .box_h = 11, .ofs_x = 0, .ofs_y = -2},
    {.bitmap_index = 1728, .adv_w = 192, .box_w = 11, .box_h = 11, .ofs_x = 0, .ofs_y = -2},
    {.bitmap_index = 1744, .adv_w = 192, .box_w = 11, .box_h = 11, .ofs_x = 0, .ofs_y = -2},
    {.bitmap_index = 1760, .adv_w = 192, .box_w = 11, .box_h = 11, .ofs_x = 0, .ofs_y = -2},
    {.bitmap_index = 1776, .adv_w = 192, .box_w = 11, .box_h = 11, .ofs_x = 0, .ofs_y = -2},
    {.bitmap_index = 1792, .adv_w = 192, .box_w = 11, .box_h = 11, .ofs_x = 0, .ofs_y = -2},
    {.bitmap_index = 1808, .adv_w = 192, .box_w = 11, .box_h = 11, .ofs_x = 0, .ofs_y = -2},
    {.bitmap_index = 1824, .adv_w = 192, .box_w = 11, .box_h = 11, .ofs_x = 0, .ofs_y = -2},
    {.bitmap_index = 1840, .adv_w = 192, .box_w = 11, .box_h = 11, .ofs_x = 0, .ofs_y = -2},
    {.bitmap_index = 1856, .adv_w = 192, .box_w = 11, .box_h = 11, .ofs_x = 0, .ofs_y = -2},
    {.bitmap_index = 1872, .adv_w = 192, .box_w = 11, .box_h = 11, .ofs_x = 0, .ofs_y = -2},
    {.bitmap_index = 1888, .adv_w = 192, .box_w = 11, .box_h = 11, .ofs_x = 0, .ofs_y = -2},
    {.bitmap_index = 1904, .adv_w = 192, .box_w = 11, .box_h = 11, .ofs_x = 0, .ofs_y = -2},
    {.bitmap_index = 1920, .adv_w = 192, .box_w = 11, .box_h = 11, .ofs_x = 0, .ofs_y = -2},
    {.bitmap_index = 1936, .adv_w = 192, .box_w = 11, .box_h = 11, .ofs_x = 0, .ofs_y = -2},
    {.bitmap_index = 1952, .adv_w = 192, .box_w = 11, .box_h = 11, .ofs_x = 0, .ofs_y = -2},
    {.bitmap_index = 1968, .adv_w = 192, .box_w = 11, .box_h = 11, .ofs_x = 0, .ofs_y = -2},
    {.bitmap_index = 1984, .adv_w = 192, .box_w = 11, .box_h = 11, .ofs_x = 0, .ofs_y = -2},
    {.bitmap_index = 2000, .adv_w = 192, .box_w = 11, .box_h = 11, .ofs_x = 0, .ofs_y = -2},
    {.bitmap_index = 2016, .adv_w = 192, .box_w = 11, .box_h = 11, .ofs_x = 0, .ofs_y = -2},
    {.bitmap_index = 2032, .adv_w = 192, .box_w = 11, .box_h = 11, .ofs_x = 0, .ofs_y = -2},
    {.bitmap_index = 2048, .adv_w = 192, .box_w = 11, .box_h = 11, .ofs_x = 0, .ofs_y = -2},
    {.bitmap_index = 2064, .adv_w = 192, .box_w = 11, .box_h = 11, .ofs_x = 0, .ofs_y = -2},
    {.bitmap_index = 2080, .adv_w = 192, .box_w = 11, .box_h = 11, .ofs_x = 0, .ofs_y = -2},
    {.bitmap_index = 2096, .adv_w = 192, .box_w = 11, .box_h = 11, .ofs_x = 0, .ofs_y = -2},
    {.bitmap_index = 2112, .adv_w = 192, .box_w = 11, .box_h = 11, .ofs_x = 0, .ofs_y = -2},
    {.bitmap_index = 2128, .adv_w = 192, .box_w = 11, .box_h = 11, .ofs_x = 0, .ofs_y = -2},
    {.bitmap_index = 2144, .adv_w = 192, .box_w = 11, .box_h = 11, .ofs_x = 0, .ofs_y = -2},
    {.bitmap_index = 2160, .adv_w = 192, .box_w = 11, .box_h = 11, .ofs_x = 0, .ofs_y = -2},
    {.bitmap_index = 2176, .adv_w = 192, .box_w = 11, .box_h = 11, .ofs_x = 0, .ofs_y = -2},
    {.bitmap_index = 2192, .adv_w = 192, .box_w = 10, .box_h = 11, .ofs_x = 1, .ofs_y = -2},
    {.bitmap_index = 2206, .adv_w = 192, .box_w = 11, .box_h = 11, .ofs_x = 0, .ofs_y = -2},
    {.bitmap_index = 2222, .adv_w = 192, .box_w = 11, .box_h = 11, .ofs_x = 0, .ofs_y = -2},
    {.bitmap_index = 2238, .adv_w = 192, .box_w = 11, .box_h = 11, .ofs_x = 0, .ofs_y = -2},
    {.bitmap_index = 2254, .adv_w = 192, .box_w = 11, .box_h = 11, .ofs_x = 0, .ofs_y = -2},
    {.bitmap_index = 2270, .adv_w = 192, .box_w = 11, .box_h = 11, .ofs_x = 0, .ofs_y = -2},
    {.bitmap_index = 2286, .adv_w = 192, .box_w = 11, .box_h = 11, .ofs_x = 0, .ofs_y = -2},
    {.bitmap_index = 2302, .adv_w = 192, .box_w = 11, .box_h = 11, .ofs_x = 0, .ofs_y = -2},
    {.bitmap_index = 2318, .adv_w = 192, .box_w = 11, .box_h = 11, .ofs_x = 0, .ofs_y = -2},
    {.bitmap_index = 2334, .adv_w = 192, .box_w = 11, .box_h = 11, .ofs_x = 0, .ofs_y = -2},
    {.bitmap_index = 2350, .adv_w = 192, .box_w = 11, .box_h = 11, .ofs_x = 0, .ofs_y = -2},
    {.bitmap_index = 2366, .adv_w = 192, .box_w = 11, .box_h = 11, .ofs_x = 0, .ofs_y = -2},
    {.bitmap_index = 2382, .adv_w = 192, .box_w = 11, .box_h = 11, .ofs_x = 0, .ofs_y = -2},
    {.bitmap_index = 2398, .adv_w = 192, .box_w = 11, .box_h = 11, .ofs_x = 0, .ofs_y = -2},
    {.bitmap_index = 2414, .adv_w = 192, .box_w = 11, .box_h = 11, .ofs_x = 0, .ofs_y = -2},
    {.bitmap_index = 2430, .adv_w = 192, .box_w = 11, .box_h = 11, .ofs_x = 0, .ofs_y = -2},
    {.bitmap_index = 2446, .adv_w = 192, .box_w = 11, .box_h = 11, .ofs_x = 0, .ofs_y = -2},
    {.bitmap_index = 2462, .adv_w = 192, .box_w = 11, .box_h = 11, .ofs_x = 0, .ofs_y = -2},
    {.bitmap_index = 2478, .adv_w = 192, .box_w = 11, .box_h = 11, .ofs_x = 0, .ofs_y = -2},
    {.bitmap_index = 2494, .adv_w = 192, .box_w = 11, .box_h = 11, .ofs_x = 0, .ofs_y = -2},
    {.bitmap_index = 2510, .adv_w = 192, .box_w = 11, .box_h = 11, .ofs_x = 0, .ofs_y = -2},
    {.bitmap_index = 2526, .adv_w = 192, .box_w = 11, .box_h = 11, .ofs_x = 0, .ofs_y = -2},
    {.bitmap_index = 2542, .adv_w = 192, .box_w = 11, .box_h = 11, .ofs_x = 0, .ofs_y = -2},
    {.bitmap_index = 2558, .adv_w = 192, .box_w = 11, .box_h = 11, .ofs_x = 0, .ofs_y = -2},
    {.bitmap_index = 2574, .adv_w = 192, .box_w = 11, .box_h = 11, .ofs_x = 0, .ofs_y = -2},
    {.bitmap_index = 2590, .adv_w = 192, .box_w = 11, .box_h = 11, .ofs_x = 0, .ofs_y = -2},
    {.bitmap_index = 2606, .adv_w = 192, .box_w = 11, .box_h = 11, .ofs_x = 0, .ofs_y = -2},
    {.bitmap_index = 2622, .adv_w = 192, .box_w = 11, .box_h = 11, .ofs_x = 0, .ofs_y = -2},
    {.bitmap_index = 2638, .adv_w = 192, .box_w = 11, .box_h = 11, .ofs_x = 0, .ofs_y = -2},
    {.bitmap_index = 2654, .adv_w = 192, .box_w = 11, .box_h = 11, .ofs_x = 0, .ofs_y = -2},
    {.bitmap_index = 2670, .adv_w = 192, .box_w = 11, .box_h = 11, .ofs_x = 0, .ofs_y = -2},
    {.bitmap_index = 2686, .adv_w = 192, .box_w = 11, .box_h = 11, .ofs_x = 0, .ofs_y = -2},
    {.bitmap_index = 2702, .adv_w = 192, .box_w = 11, .box_h = 11, .ofs_x = 0, .ofs_y = -2},
    {.bitmap_index = 2718, .adv_w = 192, .box_w = 11, .box_h = 11, .ofs_x = 0, .ofs_y = -2},
    {.bitmap_index = 2734, .adv_w = 192, .box_w = 11, .box_h = 11, .ofs_x = 0, .ofs_y = -2},
    {.bitmap_index = 2750, .adv_w = 192, .box_w = 11, .box_h = 11, .ofs_x = 0, .ofs_y = -2},
    {.bitmap_index = 2766, .adv_w = 192, .box_w = 11, .box_h = 11, .ofs_x = 0, .ofs_y = -2},
    {.bitmap_index = 2782, .adv_w = 192, .box_w = 11, .box_h = 11, .ofs_x = 0, .ofs_y = -2},
    {.bitmap_index = 2798, .adv_w = 192, .box_w = 11, .box_h = 11, .ofs_x = 0, .ofs_y = -2},
    {.bitmap_index = 2814, .adv_w = 192, .box_w = 11, .box_h = 11, .ofs_x = 0, .ofs_y = -2},
    {.bitmap_index = 2830, .adv_w = 192, .box_w = 11, .box_h = 11, .ofs_x = 0, .ofs_y = -2},
    {.bitmap_index = 2846, .adv_w = 192, .box_w = 11, .box_h = 11, .ofs_x = 0, .ofs_y = -2},
    {.bitmap_index = 2862, .adv_w = 192, .box_w = 11, .box_h = 11, .ofs_x = 0, .ofs_y = -2},
    {.bitmap_index = 2878, .adv_w = 192, .box_w = 11, .box_h = 11, .ofs_x = 0, .ofs_y = -2},
    {.bitmap_index = 2894, .adv_w = 192, .box_w = 11, .box_h = 11, .ofs_x = 0, .ofs_y = -2},
    {.bitmap_index = 2910, .adv_w = 192, .box_w = 11, .box_h = 11, .ofs_x = 0, .ofs_y = -2},
    {.bitmap_index = 2926, .adv_w = 192, .box_w = 11, .box_h = 11, .ofs_x = 0, .ofs_y = -2},
    {.bitmap_index = 2942, .adv_w = 192, .box_w = 11, .box_h = 11, .ofs_x = 0, .ofs_y = -2},
    {.bitmap_index = 2958, .adv_w = 192, .box_w = 11, .box_h = 11, .ofs_x = 0, .ofs_y = -2},
    {.bitmap_index = 2974, .adv_w = 192, .box_w = 11, .box_h = 11, .ofs_x = 0, .ofs_y = -2},
    {.bitmap_index = 2990, .adv_w = 192, .box_w = 11, .box_h = 11, .ofs_x = 0, .ofs_y = -2},
    {.bitmap_index = 3006, .adv_w = 192, .box_w = 11, .box_h = 11, .ofs_x = 0, .ofs_y = -2},
    {.bitmap_index = 3022, .adv_w = 192, .box_w = 11, .box_h = 11, .ofs_x = 0, .ofs_y = -2},
    {.bitmap_index = 3038, .adv_w = 192, .box_w = 11, .box_h = 11, .ofs_x = 0, .ofs_y = -2},
    {.bitmap_index = 3054, .adv_w = 192, .box_w = 11, .box_h = 11, .ofs_x = 0, .ofs_y = -2},
    {.bitmap_index = 3070, .adv_w = 192, .box_w = 11, .box_h = 11, .ofs_x = 0, .ofs_y = -2},
    {.bitmap_index = 3086, .adv_w = 192, .box_w = 11, .box_h = 11, .ofs_x = 0, .ofs_y = -2},
    {.bitmap_index = 3102, .adv_w = 192, .box_w = 11, .box_h = 11, .ofs_x = 0, .ofs_y = -2},
    {.bitmap_index = 3118, .adv_w = 192, .box_w = 11, .box_h = 11, .ofs_x = 0, .ofs_y = -2},
    {.bitmap_index = 3134, .adv_w = 192, .box_w = 11, .box_h = 11, .ofs_x = 0, .ofs_y = -2},
    {.bitmap_index = 3150, .adv_w = 192, .box_w = 11, .box_h = 11, .ofs_x = 0, .ofs_y = -2},
    {.bitmap_index = 3166, .adv_w = 192, .box_w = 11, .box_h = 11, .ofs_x = 0, .ofs_y = -2},
    {.bitmap_index = 3182, .adv_w = 192, .box_w = 11, .box_h = 11, .ofs_x = 0, .ofs_y = -2},
    {.bitmap_index = 3198, .adv_w = 192, .box_w = 11, .box_h = 11, .ofs_x = 0, .ofs_y = -2},
    {.bitmap_index = 3214, .adv_w = 192, .box_w = 11, .box_h = 11, .ofs_x = 0, .ofs_y = -2},
    {.bitmap_index = 3230, .adv_w = 192, .box_w = 11, .box_h = 11, .ofs_x = 0, .ofs_y = -2},
    {.bitmap_index = 3246, .adv_w = 192, .box_w = 11, .box_h = 11, .ofs_x = 0, .ofs_y = -2},
    {.bitmap_index = 3262, .adv_w = 192, .box_w = 11, .box_h = 11, .ofs_x = 0, .ofs_y = -2},
    {.bitmap_index = 3278, .adv_w = 192, .box_w = 11, .box_h = 11, .ofs_x = 0, .ofs_y = -2},
    {.bitmap_index = 3294, .adv_w = 192, .box_w = 11, .box_h = 11, .ofs_x = 0, .ofs_y = -2},
    {.bitmap_index = 3310, .adv_w = 192, .box_w = 11, .box_h = 11, .ofs_x = 0, .ofs_y = -2},
    {.bitmap_index = 3326, .adv_w = 192, .box_w = 11, .box_h = 11, .ofs_x = 0, .ofs_y = -2},
    {.bitmap_index = 3342, .adv_w = 192, .box_w = 11, .box_h = 11, .ofs_x = 0, .ofs_y = -2},
    {.bitmap_index = 3358, .adv_w = 192, .box_w = 11, .box_h = 11, .ofs_x = 0, .ofs_y = -2},
    {.bitmap_index = 3374, .adv_w = 192, .box_w = 11, .box_h = 11, .ofs_x = 0, .ofs_y = -2},
    {.bitmap_index = 3390, .adv_w = 192, .box_w = 11, .box_h = 11, .ofs_x = 0, .ofs_y = -2},
    {.bitmap_index = 3406, .adv_w = 192, .box_w = 11, .box_h = 11, .ofs_x = 0, .ofs_y = -2},
    {.bitmap_index = 3422, .adv_w = 192, .box_w = 11, .box_h = 11, .ofs_x = 0, .ofs_y = -2},
    {.bitmap_index = 3438, .adv_w = 192, .box_w = 11, .box_h = 11, .ofs_x = 0, .ofs_y = -2},
    {.bitmap_index = 3454, .adv_w = 192, .box_w = 11, .box_h = 11, .ofs_x = 0, .ofs_y = -2},
    {.bitmap_index = 3470, .adv_w = 192, .box_w = 11, .box_h = 11, .ofs_x = 0, .ofs_y = -2},
    {.bitmap_index = 3486, .adv_w = 192, .box_w = 11, .box_h = 11, .ofs_x = 0, .ofs_y = -2},
    {.bitmap_index = 3502, .adv_w = 192, .box_w = 11, .box_h = 11, .ofs_x = 0, .ofs_y = -2},
    {.bitmap_index = 3518, .adv_w = 192, .box_w = 11, .box_h = 11, .ofs_x = 0, .ofs_y = -2},
    {.bitmap_index = 3534, .adv_w = 192, .box_w = 11, .box_h = 11, .ofs_x = 0, .ofs_y = -2},
    {.bitmap_index = 3550, .adv_w = 192, .box_w = 11, .box_h = 11, .ofs_x = 0, .ofs_y = -2},
    {.bitmap_index = 3566, .adv_w = 192, .box_w = 11, .box_h = 11, .ofs_x = 0, .ofs_y = -2},
    {.bitmap_index = 3582, .adv_w = 192, .box_w = 11, .box_h = 11, .ofs_x = 0, .ofs_y = -2},
    {.bitmap_index = 3598, .adv_w = 192, .box_w = 11, .box_h = 11, .ofs_x = 0, .ofs_y = -2},
    {.bitmap_index = 3614, .adv_w = 192, .box_w = 11, .box_h = 11, .ofs_x = 0, .ofs_y = -2},
    {.bitmap_index = 3630, .adv_w = 192, .box_w = 11, .box_h = 11, .ofs_x = 0, .ofs_y = -2},
    {.bitmap_index = 3646, .adv_w = 192, .box_w = 11, .box_h = 11, .ofs_x = 0, .ofs_y = -2},
    {.bitmap_index = 3662, .adv_w = 192, .box_w = 11, .box_h = 11, .ofs_x = 0, .ofs_y = -2},
    {.bitmap_index = 3678, .adv_w = 192, .box_w = 11, .box_h = 11, .ofs_x = 0, .ofs_y = -2},
    {.bitmap_index = 3694, .adv_w = 192, .box_w = 11, .box_h = 11, .ofs_x = 0, .ofs_y = -2},
    {.bitmap_index = 3710, .adv_w = 192, .box_w = 11, .box_h = 11, .ofs_x = 0, .ofs_y = -2},
    {.bitmap_index = 3726, .adv_w = 192, .box_w = 11, .box_h = 11, .ofs_x = 0, .ofs_y = -2},
    {.bitmap_index = 3742, .adv_w = 192, .box_w = 11, .box_h = 11, .ofs_x = 0, .ofs_y = -2},
    {.bitmap_index = 3758, .adv_w = 192, .box_w = 11, .box_h = 11, .ofs_x = 0, .ofs_y = -2},
    {.bitmap_index = 3774, .adv_w = 192, .box_w = 11, .box_h = 11, .ofs_x = 0, .ofs_y = -2},
    {.bitmap_index = 3790, .adv_w = 192, .box_w = 11, .box_h = 11, .ofs_x = 0, .ofs_y = -2},
    {.bitmap_index = 3806, .adv_w = 192, .box_w = 11, .box_h = 11, .ofs_x = 0, .ofs_y = -2},
    {.bitmap_index = 3822, .adv_w = 192, .box_w = 11, .box_h = 11, .ofs_x = 0, .ofs_y = -2},
    {.bitmap_index = 3838, .adv_w = 192, .box_w = 11, .box_h = 11, .ofs_x = 0, .ofs_y = -2},
    {.bitmap_index = 3854, .adv_w = 192, .box_w = 11, .box_h = 11, .ofs_x = 0, .ofs_y = -2},
    {.bitmap_index = 3870, .adv_w = 192, .box_w = 11, .box_h = 11, .ofs_x = 0, .ofs_y = -2},
    {.bitmap_index = 3886, .adv_w = 192, .box_w = 11, .box_h = 11, .ofs_x = 0, .ofs_y = -2},
    {.bitmap_index = 3902, .adv_w = 192, .box_w = 11, .box_h = 11, .ofs_x = 0, .ofs_y = -2},
    {.bitmap_index = 3918, .adv_w = 192, .box_w = 11, .box_h = 11, .ofs_x = 0, .ofs_y = -2},
    {.bitmap_index = 3934, .adv_w = 192, .box_w = 11, .box_h = 11, .ofs_x = 0, .ofs_y = -2},
    {.bitmap_index = 3950, .adv_w = 192, .box_w = 11, .box_h = 11, .ofs_x = 0, .ofs_y = -2},
    {.bitmap_index = 3966, .adv_w = 192, .box_w = 11, .box_h = 11, .ofs_x = 0, .ofs_y = -2},
    {.bitmap_index = 3982, .adv_w = 192, .box_w = 11, .box_h = 11, .ofs_x = 0, .ofs_y = -2},
    {.bitmap_index = 3998, .adv_w = 192, .box_w = 11, .box_h = 11, .ofs_x = 0, .ofs_y = -2},
    {.bitmap_index = 4014, .adv_w = 192, .box_w = 11, .box_h = 11, .ofs_x = 0, .ofs_y = -2},
    {.bitmap_index = 4030, .adv_w = 192, .box_w = 11, .box_h = 11, .ofs_x = 0, .ofs_y = -2},
    {.bitmap_index = 4046, .adv_w = 192, .box_w = 11, .box_h = 11, .ofs_x = 0, .ofs_y = -2},
    {.bitmap_index = 4062, .adv_w = 192, .box_w = 11, .box_h = 11, .ofs_x = 0, .ofs_y = -2},
    {.bitmap_index = 4078, .adv_w = 192, .box_w = 11, .box_h = 11, .ofs_x = 0, .ofs_y = -2},
    {.bitmap_index = 4094, .adv_w = 192, .box_w = 11, .box_h = 11, .ofs_x = 0, .ofs_y = -2},
    {.bitmap_index = 4110, .adv_w = 192, .box_w = 11, .box_h = 11, .ofs_x = 0, .ofs_y = -2},
    {.bitmap_index = 4126, .adv_w = 192, .box_w = 11, .box_h = 11, .ofs_x = 0, .ofs_y = -2},
    {.bitmap_index = 4142, .adv_w = 192, .box_w = 11, .box_h = 11, .ofs_x = 0, .ofs_y = -2},
    {.bitmap_index = 4158, .adv_w = 192, .box_w = 11, .box_h = 11, .ofs_x = 0, .ofs_y = -2},
    {.bitmap_index = 4174, .adv_w = 192, .box_w = 11, .box_h = 11, .ofs_x = 0, .ofs_y = -2},
    {.bitmap_index = 4190, .adv_w = 192, .box_w = 11, .box_h = 11, .ofs_x = 0, .ofs_y = -2},
    {.bitmap_index = 4206, .adv_w = 192, .box_w = 11, .box_h = 11, .ofs_x = 0, .ofs_y = -2},
    {.bitmap_index = 4222, .adv_w = 192, .box_w = 11, .box_h = 11, .ofs_x = 0, .ofs_y = -2},
    {.bitmap_index = 4238, .adv_w = 192, .box_w = 11, .box_h = 11, .ofs_x = 0, .ofs_y = -2},
    {.bitmap_index = 4254, .adv_w = 192, .box_w = 11, .box_h = 11, .ofs_x = 0, .ofs_y = -2},
    {.bitmap_index = 4270, .adv_w = 192, .box_w = 11, .box_h = 11, .ofs_x = 0, .ofs_y = -2},
    {.bitmap_index = 4286, .adv_w = 192, .box_w = 11, .box_h = 11, .ofs_x = 0, .ofs_y = -2},
    {.bitmap_index = 4302, .adv_w = 192, .box_w = 11, .box_h = 11, .ofs_x = 0, .ofs_y = -2},
    {.bitmap_index = 4318, .adv_w = 192, .box_w = 11, .box_h = 11, .ofs_x = 0, .ofs_y = -2},
    {.bitmap_index = 4334, .adv_w = 192, .box_w = 11, .box_h = 11, .ofs_x = 0, .ofs_y = -2},
    {.bitmap_index = 4350, .adv_w = 192, .box_w = 11, .box_h = 11, .ofs_x = 0, .ofs_y = -2},
    {.bitmap_index = 4366, .adv_w = 192, .box_w = 11, .box_h = 11, .ofs_x = 0, .ofs_y = -2},
    {.bitmap_index = 4382, .adv_w = 192, .box_w = 11, .box_h = 11, .ofs_x = 0, .ofs_y = -2},
    {.bitmap_index = 4398, .adv_w = 192, .box_w = 11, .box_h = 11, .ofs_x = 0, .ofs_y = -2},
    {.bitmap_index = 4414, .adv_w = 192, .box_w = 11, .box_h = 11, .ofs_x = 0, .ofs_y = -2},
    {.bitmap_index = 4430, .adv_w = 192, .box_w = 11, .box_h = 11, .ofs_x = 0, .ofs_y = -2},
    {.bitmap_index = 4446, .adv_w = 192, .box_w = 11, .box_h = 11, .ofs_x = 0, .ofs_y = -2},
    {.bitmap_index = 4462, .adv_w = 192, .box_w = 11, .box_h = 11, .ofs_x = 0, .ofs_y = -2},
    {.bitmap_index = 4478, .adv_w = 192, .box_w = 11, .box_h = 11, .ofs_x = 0, .ofs_y = -2},
    {.bitmap_index = 4494, .adv_w = 192, .box_w = 11, .box_h = 11, .ofs_x = 0, .ofs_y = -2},
    {.bitmap_index = 4510, .adv_w = 192, .box_w = 11, .box_h = 11, .ofs_x = 0, .ofs_y = -2},
    {.bitmap_index = 4526, .adv_w = 192, .box_w = 11, .box_h = 11, .ofs_x = 0, .ofs_y = -2},
    {.bitmap_index = 4542, .adv_w = 192, .box_w = 11, .box_h = 11, .ofs_x = 0, .ofs_y = -2},
    {.bitmap_index = 4558, .adv_w = 192, .box_w = 11, .box_h = 11, .ofs_x = 0, .ofs_y = -2},
    {.bitmap_index = 4574, .adv_w = 192, .box_w = 11, .box_h = 11, .ofs_x = 0, .ofs_y = -2},
    {.bitmap_index = 4590, .adv_w = 192, .box_w = 11, .box_h = 11, .ofs_x = 0, .ofs_y = -2},
    {.bitmap_index = 4606, .adv_w = 192, .box_w = 11, .box_h = 11, .ofs_x = 0, .ofs_y = -2},
    {.bitmap_index = 4622, .adv_w = 192, .box_w = 11, .box_h = 11, .ofs_x = 0, .ofs_y = -2},
    {.bitmap_index = 4638, .adv_w = 192, .box_w = 11, .box_h = 11, .ofs_x = 0, .ofs_y = -2},
    {.bitmap_index = 4654, .adv_w = 192, .box_w = 11, .box_h = 11, .ofs_x = 0, .ofs_y = -2},
    {.bitmap_index = 4670, .adv_w = 192, .box_w = 11, .box_h = 11, .ofs_x = 0, .ofs_y = -2},
    {.bitmap_index = 4686, .adv_w = 192, .box_w = 11, .box_h = 11, .ofs_x = 0, .ofs_y = -2},
    {.bitmap_index = 4702, .adv_w = 192, .box_w = 11, .box_h = 11, .ofs_x = 0, .ofs_y = -2},
    {.bitmap_index = 4718, .adv_w = 192, .box_w = 11, .box_h = 11, .ofs_x = 0, .ofs_y = -2},
    {.bitmap_index = 4734, .adv_w = 192, .box_w = 11, .box_h = 11, .ofs_x = 0, .ofs_y = -2},
    {.bitmap_index = 4750, .adv_w = 192, .box_w = 11, .box_h = 11, .ofs_x = 0, .ofs_y = -2},
    {.bitmap_index = 4766, .adv_w = 192, .box_w = 11, .box_h = 11, .ofs_x = 0, .ofs_y = -2},
    {.bitmap_index = 4782, .adv_w = 192, .box_w = 11, .box_h = 11, .ofs_x = 0, .ofs_y = -2},
    {.bitmap_index = 4798, .adv_w = 192, .box_w = 11, .box_h = 11, .ofs_x = 0, .ofs_y = -2},
    {.bitmap_index = 4814, .adv_w = 192, .box_w = 11, .box_h = 11, .ofs_x = 0, .ofs_y = -2},
    {.bitmap_index = 4830, .adv_w = 192, .box_w = 11, .box_h = 11, .ofs_x = 0, .ofs_y = -2},
    {.bitmap_index = 4846, .adv_w = 192, .box_w = 11, .box_h = 11, .ofs_x = 0, .ofs_y = -2},
    {.bitmap_index = 4862, .adv_w = 192, .box_w = 11, .box_h = 11, .ofs_x = 0, .ofs_y = -2},
    {.bitmap_index = 4878, .adv_w = 192, .box_w = 11, .box_h = 11, .ofs_x = 0, .ofs_y = -2},
    {.bitmap_index = 4894, .adv_w = 192, .box_w = 11, .box_h = 11, .ofs_x = 0, .ofs_y = -2},
    {.bitmap_index = 4910, .adv_w = 192, .box_w = 11, .box_h = 11, .ofs_x = 0, .ofs_y = -2},
    {.bitmap_index = 4926, .adv_w = 192, .box_w = 11, .box_h = 11, .ofs_x = 0, .ofs_y = -2},
    {.bitmap_index = 4942, .adv_w = 192, .box_w = 11, .box_h = 11, .ofs_x = 0, .ofs_y = -2},
    {.bitmap_index = 4958, .adv_w = 192, .box_w = 11, .box_h = 11, .ofs_x = 0, .ofs_y = -2},
    {.bitmap_index = 4974, .adv_w = 192, .box_w = 11, .box_h = 11, .ofs_x = 0, .ofs_y = -2},
    {.bitmap_index = 4990, .adv_w = 192, .box_w = 11, .box_h = 11, .ofs_x = 0, .ofs_y = -2},
    {.bitmap_index = 5006, .adv_w = 192, .box_w = 11, .box_h = 11, .ofs_x = 0, .ofs_y = -2},
    {.bitmap_index = 5022, .adv_w = 192, .box_w = 11, .box_h = 11, .ofs_x = 0, .ofs_y = -2},
    {.bitmap_index = 5038, .adv_w = 192, .box_w = 11, .box_h = 11, .ofs_x = 0, .ofs_y = -2},
    {.bitmap_index = 5054, .adv_w = 192, .box_w = 11, .box_h = 11, .ofs_x = 0, .ofs_y = -2},
    {.bitmap_index = 5070, .adv_w = 192, .box_w = 11, .box_h = 11, .ofs_x = 0, .ofs_y = -2},
    {.bitmap_index = 5086, .adv_w = 192, .box_w = 11, .box_h = 11, .ofs_x = 0, .ofs_y = -2},
    {.bitmap_index = 5102, .adv_w = 192, .box_w = 11, .box_h = 11, .ofs_x = 0, .ofs_y = -2},
    {.bitmap_index = 5118, .adv_w = 192, .box_w = 11, .box_h = 11, .ofs_x = 0, .ofs_y = -2},
    {.bitmap_index = 5134, .adv_w = 192, .box_w = 11, .box_h = 11, .ofs_x = 0, .ofs_y = -2},
    {.bitmap_index = 5150, .adv_w = 192, .box_w = 11, .box_h = 11, .ofs_x = 0, .ofs_y = -2},
    {.bitmap_index = 5166, .adv_w = 192, .box_w = 11, .box_h = 11, .ofs_x = 0, .ofs_y = -2},
    {.bitmap_index = 5182, .adv_w = 192, .box_w = 11, .box_h = 11, .ofs_x = 0, .ofs_y = -2},
    {.bitmap_index = 5198, .adv_w = 192, .box_w = 11, .box_h = 11, .ofs_x = 0, .ofs_y = -2},
    {.bitmap_index = 5214, .adv_w = 192, .box_w = 11, .box_h = 11, .ofs_x = 0, .ofs_y = -2},
    {.bitmap_index = 5230, .adv_w = 192, .box_w = 11, .box_h = 11, .ofs_x = 0, .ofs_y = -2},
    {.bitmap_index = 5246, .adv_w = 192, .box_w = 11, .box_h = 11, .ofs_x = 0, .ofs_y = -2},
    {.bitmap_index = 5262, .adv_w = 192, .box_w = 11, .box_h = 11, .ofs_x = 0, .ofs_y = -2},
    {.bitmap_index = 5278, .adv_w = 192, .box_w = 11, .box_h = 11, .ofs_x = 0, .ofs_y = -2},
    {.bitmap_index = 5294, .adv_w = 192, .box_w = 11, .box_h = 11, .ofs_x = 0, .ofs_y = -2},
    {.bitmap_index = 5310, .adv_w = 192, .box_w = 11, .box_h = 11, .ofs_x = 0, .ofs_y = -2},
    {.bitmap_index = 5326, .adv_w = 192, .box_w = 11, .box_h = 11, .ofs_x = 0, .ofs_y = -2},
    {.bitmap_index = 5342, .adv_w = 192, .box_w = 11, .box_h = 11, .ofs_x = 0, .ofs_y = -2},
    {.bitmap_index = 5358, .adv_w = 192, .box_w = 11, .box_h = 11, .ofs_x = 0, .ofs_y = -2},
    {.bitmap_index = 5374, .adv_w = 192, .box_w = 11, .box_h = 11, .ofs_x = 0, .ofs_y = -2},
    {.bitmap_index = 5390, .adv_w = 192, .box_w = 11, .box_h = 11, .ofs_x = 0, .ofs_y = -2},
    {.bitmap_index = 5406, .adv_w = 192, .box_w = 11, .box_h = 11, .ofs_x = 0, .ofs_y = -2},
    {.bitmap_index = 5422, .adv_w = 192, .box_w = 11, .box_h = 11, .ofs_x = 0, .ofs_y = -2},
    {.bitmap_index = 5438, .adv_w = 192, .box_w = 11, .box_h = 11, .ofs_x = 0, .ofs_y = -2},
    {.bitmap_index = 5454, .adv_w = 192, .box_w = 11, .box_h = 11, .ofs_x = 0, .ofs_y = -2},
    {.bitmap_index = 5470, .adv_w = 192, .box_w = 11, .box_h = 11, .ofs_x = 0, .ofs_y = -2},
    {.bitmap_index = 5486, .adv_w = 192, .box_w = 10, .box_h = 11, .ofs_x = 1, .ofs_y = -2},
    {.bitmap_index = 5500, .adv_w = 192, .box_w = 11, .box_h = 11, .ofs_x = 0, .ofs_y = -2},
    {.bitmap_index = 5516, .adv_w = 192, .box_w = 11, .box_h = 11, .ofs_x = 0, .ofs_y = -2},
    {.bitmap_index = 5532, .adv_w = 192, .box_w = 11, .box_h = 11, .ofs_x = 0, .ofs_y = -2},
    {.bitmap_index = 5548, .adv_w = 192, .box_w = 11, .box_h = 11, .ofs_x = 0, .ofs_y = -2},
    {.bitmap_index = 5564, .adv_w = 192, .box_w = 11, .box_h = 11, .ofs_x = 0, .ofs_y = -2},
    {.bitmap_index = 5580, .adv_w = 192, .box_w = 11, .box_h = 11, .ofs_x = 0, .ofs_y = -2},
    {.bitmap_index = 5596, .adv_w = 192, .box_w = 11, .box_h = 11, .ofs_x = 0, .ofs_y = -2},
    {.bitmap_index = 5612, .adv_w = 192, .box_w = 11, .box_h = 11, .ofs_x = 0, .ofs_y = -2},
    {.bitmap_index = 5628, .adv_w = 192, .box_w = 11, .box_h = 11, .ofs_x = 0, .ofs_y = -2},
    {.bitmap_index = 5644, .adv_w = 192, .box_w = 11, .box_h = 11, .ofs_x = 0, .ofs_y = -2},
    {.bitmap_index = 5660, .adv_w = 192, .box_w = 11, .box_h = 11, .ofs_x = 0, .ofs_y = -2},
    {.bitmap_index = 5676, .adv_w = 192, .box_w = 11, .box_h = 11, .ofs_x = 0, .ofs_y = -2},
    {.bitmap_index = 5692, .adv_w = 192, .box_w = 11, .box_h = 11, .ofs_x = 0, .ofs_y = -2},
    {.bitmap_index = 5708, .adv_w = 192, .box_w = 11, .box_h = 11, .ofs_x = 0, .ofs_y = -2},
    {.bitmap_index = 5724, .adv_w = 192, .box_w = 11, .box_h = 11, .ofs_x = 0, .ofs_y = -2},
    {.bitmap_index = 5740, .adv_w = 192, .box_w = 11, .box_h = 11, .ofs_x = 0, .ofs_y = -2},
    {.bitmap_index = 5756, .adv_w = 192, .box_w = 11, .box_h = 11, .ofs_x = 0, .ofs_y = -2},
    {.bitmap_index = 5772, .adv_w = 192, .box_w = 11, .box_h = 11, .ofs_x = 0, .ofs_y = -2},
    {.bitmap_index = 5788, .adv_w = 192, .box_w = 11, .box_h = 11, .ofs_x = 0, .ofs_y = -2},
    {.bitmap_index = 5804, .adv_w = 192, .box_w = 11, .box_h = 11, .ofs_x = 0, .ofs_y = -2},
    {.bitmap_index = 5820, .adv_w = 192, .box_w = 11, .box_h = 11, .ofs_x = 0, .ofs_y = -2},
    {.bitmap_index = 5836, .adv_w = 192, .box_w = 11, .box_h = 11, .ofs_x = 0, .ofs_y = -2},
    {.bitmap_index = 5852, .adv_w = 192, .box_w = 11, .box_h = 11, .ofs_x = 0, .ofs_y = -2},
    {.bitmap_index = 5868, .adv_w = 192, .box_w = 11, .box_h = 11, .ofs_x = 0, .ofs_y = -2},
    {.bitmap_index = 5884, .adv_w = 192, .box_w = 11, .box_h = 11, .ofs_x = 0, .ofs_y = -2},
    {.bitmap_index = 5900, .adv_w = 192, .box_w = 11, .box_h = 11, .ofs_x = 0, .ofs_y = -2},
    {.bitmap_index = 5916, .adv_w = 192, .box_w = 11, .box_h = 11, .ofs_x = 0, .ofs_y = -2},
    {.bitmap_index = 5932, .adv_w = 192, .box_w = 11, .box_h = 11, .ofs_x = 0, .ofs_y = -2},
    {.bitmap_index = 5948, .adv_w = 192, .box_w = 11, .box_h = 11, .ofs_x = 0, .ofs_y = -2},
    {.bitmap_index = 5964, .adv_w = 192, .box_w = 11, .box_h = 11, .ofs_x = 0, .ofs_y = -2},
    {.bitmap_index = 5980, .adv_w = 192, .box_w = 11, .box_h = 11, .ofs_x = 0, .ofs_y = -2},
    {.bitmap_index = 5996, .adv_w = 192, .box_w = 11, .box_h = 11, .ofs_x = 0, .ofs_y = -2},
    {.bitmap_index = 6012, .adv_w = 192, .box_w = 11, .box_h = 11, .ofs_x = 0, .ofs_y = -2},
    {.bitmap_index = 6028, .adv_w = 192, .box_w = 11, .box_h = 11, .ofs_x = 0, .ofs_y = -2},
    {.bitmap_index = 6044, .adv_w = 192, .box_w = 11, .box_h = 11, .ofs_x = 0, .ofs_y = -2},
    {.bitmap_index = 6060, .adv_w = 192, .box_w = 11, .box_h = 11, .ofs_x = 0, .ofs_y = -2},
    {.bitmap_index = 6076, .adv_w = 192, .box_w = 11, .box_h = 11, .ofs_x = 0, .ofs_y = -2},
    {.bitmap_index = 6092, .adv_w = 192, .box_w = 11, .box_h = 11, .ofs_x = 0, .ofs_y = -2},
    {.bitmap_index = 6108, .adv_w = 192, .box_w = 11, .box_h = 11, .ofs_x = 0, .ofs_y = -2},
    {.bitmap_index = 6124, .adv_w = 192, .box_w = 11, .box_h = 11, .ofs_x = 0, .ofs_y = -2},
    {.bitmap_index = 6140, .adv_w = 192, .box_w = 11, .box_h = 11, .ofs_x = 0, .ofs_y = -2},
    {.bitmap_index = 6156, .adv_w = 192, .box_w = 11, .box_h = 11, .ofs_x = 0, .ofs_y = -2},
    {.bitmap_index = 6172, .adv_w = 192, .box_w = 11, .box_h = 11, .ofs_x = 0, .ofs_y = -2},
    {.bitmap_index = 6188, .adv_w = 192, .box_w = 11, .box_h = 11, .ofs_x = 0, .ofs_y = -2},
    {.bitmap_index = 6204, .adv_w = 192, .box_w = 11, .box_h = 11, .ofs_x = 0, .ofs_y = -2},
    {.bitmap_index = 6220, .adv_w = 192, .box_w = 11, .box_h = 11, .ofs_x = 0, .ofs_y = -2},
    {.bitmap_index = 6236, .adv_w = 192, .box_w = 11, .box_h = 11, .ofs_x = 0, .ofs_y = -2},
    {.bitmap_index = 6252, .adv_w = 192, .box_w = 11, .box_h = 11, .ofs_x = 0, .ofs_y = -2},
    {.bitmap_index = 6268, .adv_w = 192, .box_w = 11, .box_h = 11, .ofs_x = 0, .ofs_y = -2},
    {.bitmap_index = 6284, .adv_w = 192, .box_w = 11, .box_h = 11, .ofs_x = 0, .ofs_y = -2},
    {.bitmap_index = 6300, .adv_w = 192, .box_w = 11, .box_h = 11, .ofs_x = 0, .ofs_y = -2},
    {.bitmap_index = 6316, .adv_w = 192, .box_w = 11, .box_h = 11, .ofs_x = 0, .ofs_y = -2},
    {.bitmap_index = 6332, .adv_w = 192, .box_w = 11, .box_h = 11, .ofs_x = 0, .ofs_y = -2},
    {.bitmap_index = 6348, .adv_w = 192, .box_w = 11, .box_h = 11, .ofs_x = 0, .ofs_y = -2},
    {.bitmap_index = 6364, .adv_w = 192, .box_w = 11, .box_h = 11, .ofs_x = 0, .ofs_y = -2},
    {.bitmap_index = 6380, .adv_w = 192, .box_w = 11, .box_h = 11, .ofs_x = 0, .ofs_y = -2},
    {.bitmap_index = 6396, .adv_w = 192, .box_w = 11, .box_h = 11, .ofs_x = 0, .ofs_y = -2},
    {.bitmap_index = 6412, .adv_w = 192, .box_w = 11, .box_h = 11, .ofs_x = 0, .ofs_y = -2},
    {.bitmap_index = 6428, .adv_w = 192, .box_w = 11, .box_h = 11, .ofs_x = 0, .ofs_y = -2},
    {.bitmap_index = 6444, .adv_w = 192, .box_w = 11, .box_h = 11, .ofs_x = 0, .ofs_y = -2},
    {.bitmap_index = 6460, .adv_w = 192, .box_w = 11, .box_h = 11, .ofs_x = 0, .ofs_y = -2},
    {.bitmap_index = 6476, .adv_w = 192, .box_w = 11, .box_h = 11, .ofs_x = 0, .ofs_y = -2},
    {.bitmap_index = 6492, .adv_w = 192, .box_w = 11, .box_h = 11, .ofs_x = 0, .ofs_y = -2},
    {.bitmap_index = 6508, .adv_w = 192, .box_w = 11, .box_h = 11, .ofs_x = 0, .ofs_y = -2},
    {.bitmap_index = 6524, .adv_w = 192, .box_w = 11, .box_h = 11, .ofs_x = 0, .ofs_y = -2},
    {.bitmap_index = 6540, .adv_w = 192, .box_w = 11, .box_h = 11, .ofs_x = 0, .ofs_y = -2},
    {.bitmap_index = 6556, .adv_w = 192, .box_w = 11, .box_h = 11, .ofs_x = 0, .ofs_y = -2},
    {.bitmap_index = 6572, .adv_w = 192, .box_w = 11, .box_h = 11, .ofs_x = 0, .ofs_y = -2},
    {.bitmap_index = 6588, .adv_w = 192, .box_w = 11, .box_h = 11, .ofs_x = 0, .ofs_y = -2},
    {.bitmap_index = 6604, .adv_w = 192, .box_w = 11, .box_h = 11, .ofs_x = 0, .ofs_y = -2},
    {.bitmap_index = 6620, .adv_w = 192, .box_w = 11, .box_h = 11, .ofs_x = 0, .ofs_y = -2},
    {.bitmap_index = 6636, .adv_w = 192, .box_w = 11, .box_h = 11, .ofs_x = 0, .ofs_y = -2},
    {.bitmap_index = 6652, .adv_w = 192, .box_w = 11, .box_h = 11, .ofs_x = 0, .ofs_y = -2},
    {.bitmap_index = 6668, .adv_w = 192, .box_w = 11, .box_h = 11, .ofs_x = 0, .ofs_y = -2},
    {.bitmap_index = 6684, .adv_w = 192, .box_w = 11, .box_h = 11, .ofs_x = 0, .ofs_y = -2},
    {.bitmap_index = 6700, .adv_w = 192, .box_w = 11, .box_h = 11, .ofs_x = 0, .ofs_y = -2},
    {.bitmap_index = 6716, .adv_w = 192, .box_w = 11, .box_h = 11, .ofs_x = 0, .ofs_y = -2},
    {.bitmap_index = 6732, .adv_w = 192, .box_w = 11, .box_h = 11, .ofs_x = 0, .ofs_y = -2},
    {.bitmap_index = 6748, .adv_w = 192, .box_w = 11, .box_h = 11, .ofs_x = 0, .ofs_y = -2},
    {.bitmap_index = 6764, .adv_w = 192, .box_w = 11, .box_h = 11, .ofs_x = 0, .ofs_y = -2},
    {.bitmap_index = 6780, .adv_w = 192, .box_w = 11, .box_h = 11, .ofs_x = 0, .ofs_y = -2},
    {.bitmap_index = 6796, .adv_w = 192, .box_w = 11, .box_h = 11, .ofs_x = 0, .ofs_y = -2},
    {.bitmap_index = 6812, .adv_w = 192, .box_w = 11, .box_h = 11, .ofs_x = 0, .ofs_y = -2},
    {.bitmap_index = 6828, .adv_w = 192, .box_w = 11, .box_h = 11, .ofs_x = 0, .ofs_y = -2},
    {.bitmap_index = 6844, .adv_w = 192, .box_w = 11, .box_h = 11, .ofs_x = 0, .ofs_y = -2},
    {.bitmap_index = 6860, .adv_w = 192, .box_w = 11, .box_h = 11, .ofs_x = 0, .ofs_y = -2},
    {.bitmap_index = 6876, .adv_w = 192, .box_w = 11, .box_h = 11, .ofs_x = 0, .ofs_y = -2},
    {.bitmap_index = 6892, .adv_w = 192, .box_w = 11, .box_h = 11, .ofs_x = 0, .ofs_y = -2},
    {.bitmap_index = 6908, .adv_w = 192, .box_w = 11, .box_h = 11, .ofs_x = 0, .ofs_y = -2},
    {.bitmap_index = 6924, .adv_w = 192, .box_w = 11, .box_h = 11, .ofs_x = 0, .ofs_y = -2},
    {.bitmap_index = 6940, .adv_w = 192, .box_w = 11, .box_h = 11, .ofs_x = 0, .ofs_y = -2},
    {.bitmap_index = 6956, .adv_w = 192, .box_w = 11, .box_h = 11, .ofs_x = 0, .ofs_y = -2},
    {.bitmap_index = 6972, .adv_w = 192, .box_w = 11, .box_h = 11, .ofs_x = 0, .ofs_y = -2},
    {.bitmap_index = 6988, .adv_w = 192, .box_w = 11, .box_h = 11, .ofs_x = 0, .ofs_y = -2},
    {.bitmap_index = 7004, .adv_w = 192, .box_w = 11, .box_h = 11, .ofs_x = 0, .ofs_y = -2},
    {.bitmap_index = 7020, .adv_w = 192, .box_w = 11, .box_h = 11, .ofs_x = 0, .ofs_y = -2},
    {.bitmap_index = 7036, .adv_w = 192, .box_w = 11, .box_h = 11, .ofs_x = 0, .ofs_y = -2},
    {.bitmap_index = 7052, .adv_w = 192, .box_w = 11, .box_h = 11, .ofs_x = 0, .ofs_y = -2},
    {.bitmap_index = 7068, .adv_w = 192, .box_w = 11, .box_h = 11, .ofs_x = 0, .ofs_y = -2},
    {.bitmap_index = 7084, .adv_w = 192, .box_w = 11, .box_h = 11, .ofs_x = 0, .ofs_y = -2},
    {.bitmap_index = 7100, .adv_w = 192, .box_w = 6, .box_h = 11, .ofs_x = 4, .ofs_y = -2},
    {.bitmap_index = 7109, .adv_w = 192, .box_w = 11, .box_h = 11, .ofs_x = 0, .ofs_y = -2},
    {.bitmap_index = 7125, .adv_w = 192, .box_w = 10, .box_h = 11, .ofs_x = 1, .ofs_y = -2},
    {.bitmap_index = 7139, .adv_w = 192, .box_w = 11, .box_h = 11, .ofs_x = 0, .ofs_y = -2},
    {.bitmap_index = 7155, .adv_w = 192, .box_w = 11, .box_h = 11, .ofs_x = 0, .ofs_y = -2},
    {.bitmap_index = 7171, .adv_w = 192, .box_w = 10, .box_h = 11, .ofs_x = 1, .ofs_y = -2},
    {.bitmap_index = 7185, .adv_w = 192, .box_w = 11, .box_h = 11, .ofs_x = 0, .ofs_y = -2},
    {.bitmap_index = 7201, .adv_w = 192, .box_w = 11, .box_h = 11, .ofs_x = 0, .ofs_y = -2},
    {.bitmap_index = 7217, .adv_w = 192, .box_w = 11, .box_h = 11, .ofs_x = 0, .ofs_y = -2},
    {.bitmap_index = 7233, .adv_w = 192, .box_w = 11, .box_h = 11, .ofs_x = 0, .ofs_y = -2},
    {.bitmap_index = 7249, .adv_w = 192, .box_w = 11, .box_h = 11, .ofs_x = 0, .ofs_y = -2},
    {.bitmap_index = 7265, .adv_w = 192, .box_w = 11, .box_h = 11, .ofs_x = 0, .ofs_y = -2},
    {.bitmap_index = 7281, .adv_w = 192, .box_w = 11, .box_h = 11, .ofs_x = 0, .ofs_y = -2},
    {.bitmap_index = 7297, .adv_w = 192, .box_w = 11, .box_h = 11, .ofs_x = 0, .ofs_y = -2},
    {.bitmap_index = 7313, .adv_w = 192, .box_w = 11, .box_h = 11, .ofs_x = 0, .ofs_y = -2},
    {.bitmap_index = 7329, .adv_w = 192, .box_w = 11, .box_h = 11, .ofs_x = 0, .ofs_y = -2},
    {.bitmap_index = 7345, .adv_w = 192, .box_w = 11, .box_h = 11, .ofs_x = 0, .ofs_y = -2},
    {.bitmap_index = 7361, .adv_w = 192, .box_w = 11, .box_h = 11, .ofs_x = 0, .ofs_y = -2},
    {.bitmap_index = 7377, .adv_w = 192, .box_w = 11, .box_h = 11, .ofs_x = 0, .ofs_y = -2},
    {.bitmap_index = 7393, .adv_w = 192, .box_w = 11, .box_h = 11, .ofs_x = 0, .ofs_y = -2},
    {.bitmap_index = 7409, .adv_w = 192, .box_w = 11, .box_h = 11, .ofs_x = 0, .ofs_y = -2},
    {.bitmap_index = 7425, .adv_w = 192, .box_w = 11, .box_h = 11, .ofs_x = 0, .ofs_y = -2},
    {.bitmap_index = 7441, .adv_w = 192, .box_w = 11, .box_h = 11, .ofs_x = 0, .ofs_y = -2},
    {.bitmap_index = 7457, .adv_w = 192, .box_w = 11, .box_h = 11, .ofs_x = 0, .ofs_y = -2},
    {.bitmap_index = 7473, .adv_w = 192, .box_w = 11, .box_h = 11, .ofs_x = 0, .ofs_y = -2},
    {.bitmap_index = 7489, .adv_w = 192, .box_w = 11, .box_h = 11, .ofs_x = 0, .ofs_y = -2},
    {.bitmap_index = 7505, .adv_w = 192, .box_w = 11, .box_h = 11, .ofs_x = 0, .ofs_y = -2},
    {.bitmap_index = 7521, .adv_w = 192, .box_w = 11, .box_h = 11, .ofs_x = 0, .ofs_y = -2},
    {.bitmap_index = 7537, .adv_w = 192, .box_w = 11, .box_h = 11, .ofs_x = 0, .ofs_y = -2},
    {.bitmap_index = 7553, .adv_w = 192, .box_w = 11, .box_h = 11, .ofs_x = 0, .ofs_y = -2},
    {.bitmap_index = 7569, .adv_w = 192, .box_w = 11, .box_h = 11, .ofs_x = 0, .ofs_y = -2},
    {.bitmap_index = 7585, .adv_w = 192, .box_w = 11, .box_h = 11, .ofs_x = 0, .ofs_y = -2},
    {.bitmap_index = 7601, .adv_w = 192, .box_w = 11, .box_h = 11, .ofs_x = 0, .ofs_y = -2},
    {.bitmap_index = 7617, .adv_w = 192, .box_w = 11, .box_h = 11, .ofs_x = 0, .ofs_y = -2},
    {.bitmap_index = 7633, .adv_w = 192, .box_w = 11, .box_h = 11, .ofs_x = 0, .ofs_y = -2},
    {.bitmap_index = 7649, .adv_w = 192, .box_w = 11, .box_h = 11, .ofs_x = 0, .ofs_y = -2},
    {.bitmap_index = 7665, .adv_w = 192, .box_w = 11, .box_h = 11, .ofs_x = 0, .ofs_y = -2},
    {.bitmap_index = 7681, .adv_w = 192, .box_w = 11, .box_h = 11, .ofs_x = 0, .ofs_y = -2},
    {.bitmap_index = 7697, .adv_w = 192, .box_w = 11, .box_h = 11, .ofs_x = 0, .ofs_y = -2},
    {.bitmap_index = 7713, .adv_w = 192, .box_w = 11, .box_h = 11, .ofs_x = 0, .ofs_y = -2},
    {.bitmap_index = 7729, .adv_w = 192, .box_w = 11, .box_h = 11, .ofs_x = 0, .ofs_y = -2},
    {.bitmap_index = 7745, .adv_w = 192, .box_w = 11, .box_h = 11, .ofs_x = 0, .ofs_y = -2},
    {.bitmap_index = 7761, .adv_w = 192, .box_w = 11, .box_h = 11, .ofs_x = 0, .ofs_y = -2},
    {.bitmap_index = 7777, .adv_w = 192, .box_w = 11, .box_h = 11, .ofs_x = 0, .ofs_y = -2},
    {.bitmap_index = 7793, .adv_w = 192, .box_w = 11, .box_h = 11, .ofs_x = 0, .ofs_y = -2},
    {.bitmap_index = 7809, .adv_w = 192, .box_w = 11, .box_h = 11, .ofs_x = 0, .ofs_y = -2},
    {.bitmap_index = 7825, .adv_w = 192, .box_w = 11, .box_h = 11, .ofs_x = 0, .ofs_y = -2},
    {.bitmap_index = 7841, .adv_w = 192, .box_w = 11, .box_h = 11, .ofs_x = 0, .ofs_y = -2},
    {.bitmap_index = 7857, .adv_w = 192, .box_w = 11, .box_h = 11, .ofs_x = 0, .ofs_y = -2},
    {.bitmap_index = 7873, .adv_w = 192, .box_w = 11, .box_h = 11, .ofs_x = 0, .ofs_y = -2},
    {.bitmap_index = 7889, .adv_w = 192, .box_w = 9, .box_h = 9, .ofs_x = 1, .ofs_y = -1},
    {.bitmap_index = 7900, .adv_w = 192, .box_w = 11, .box_h = 11, .ofs_x = 0, .ofs_y = -2},
    {.bitmap_index = 7916, .adv_w = 192, .box_w = 11, .box_h = 11, .ofs_x = 0, .ofs_y = -2},
    {.bitmap_index = 7932, .adv_w = 192, .box_w = 11, .box_h = 11, .ofs_x = 0, .ofs_y = -2},
    {.bitmap_index = 7948, .adv_w = 192, .box_w = 11, .box_h = 11, .ofs_x = 0, .ofs_y = -2},
    {.bitmap_index = 7964, .adv_w = 192, .box_w = 11, .box_h = 11, .ofs_x = 0, .ofs_y = -2},
    {.bitmap_index = 7980, .adv_w = 192, .box_w = 11, .box_h = 11, .ofs_x = 0, .ofs_y = -2},
    {.bitmap_index = 7996, .adv_w = 192, .box_w = 11, .box_h = 11, .ofs_x = 0, .ofs_y = -2},
    {.bitmap_index = 8012, .adv_w = 192, .box_w = 11, .box_h = 11, .ofs_x = 0, .ofs_y = -2},
    {.bitmap_index = 8028, .adv_w = 192, .box_w = 11, .box_h = 11, .ofs_x = 0, .ofs_y = -2},
    {.bitmap_index = 8044, .adv_w = 192, .box_w = 11, .box_h = 11, .ofs_x = 0, .ofs_y = -2},
    {.bitmap_index = 8060, .adv_w = 192, .box_w = 11, .box_h = 11, .ofs_x = 0, .ofs_y = -2},
    {.bitmap_index = 8076, .adv_w = 192, .box_w = 11, .box_h = 11, .ofs_x = 0, .ofs_y = -2},
    {.bitmap_index = 8092, .adv_w = 192, .box_w = 11, .box_h = 11, .ofs_x = 0, .ofs_y = -2},
    {.bitmap_index = 8108, .adv_w = 192, .box_w = 11, .box_h = 11, .ofs_x = 0, .ofs_y = -2},
    {.bitmap_index = 8124, .adv_w = 192, .box_w = 11, .box_h = 11, .ofs_x = 0, .ofs_y = -2},
    {.bitmap_index = 8140, .adv_w = 192, .box_w = 11, .box_h = 11, .ofs_x = 0, .ofs_y = -2},
    {.bitmap_index = 8156, .adv_w = 192, .box_w = 11, .box_h = 11, .ofs_x = 0, .ofs_y = -2},
    {.bitmap_index = 8172, .adv_w = 192, .box_w = 11, .box_h = 11, .ofs_x = 0, .ofs_y = -2},
    {.bitmap_index = 8188, .adv_w = 192, .box_w = 11, .box_h = 11, .ofs_x = 0, .ofs_y = -2},
    {.bitmap_index = 8204, .adv_w = 192, .box_w = 11, .box_h = 11, .ofs_x = 0, .ofs_y = -2},
    {.bitmap_index = 8220, .adv_w = 192, .box_w = 11, .box_h = 11, .ofs_x = 0, .ofs_y = -2},
    {.bitmap_index = 8236, .adv_w = 192, .box_w = 11, .box_h = 11, .ofs_x = 0, .ofs_y = -2},
    {.bitmap_index = 8252, .adv_w = 192, .box_w = 11, .box_h = 11, .ofs_x = 0, .ofs_y = -2},
    {.bitmap_index = 8268, .adv_w = 192, .box_w = 11, .box_h = 11, .ofs_x = 0, .ofs_y = -2},
    {.bitmap_index = 8284, .adv_w = 192, .box_w = 11, .box_h = 11, .ofs_x = 0, .ofs_y = -2},
    {.bitmap_index = 8300, .adv_w = 192, .box_w = 11, .box_h = 11, .ofs_x = 0, .ofs_y = -2},
    {.bitmap_index = 8316, .adv_w = 192, .box_w = 11, .box_h = 11, .ofs_x = 0, .ofs_y = -2},
    {.bitmap_index = 8332, .adv_w = 192, .box_w = 11, .box_h = 11, .ofs_x = 0, .ofs_y = -2},
    {.bitmap_index = 8348, .adv_w = 192, .box_w = 11, .box_h = 11, .ofs_x = 0, .ofs_y = -2},
    {.bitmap_index = 8364, .adv_w = 192, .box_w = 11, .box_h = 11, .ofs_x = 0, .ofs_y = -2},
    {.bitmap_index = 8380, .adv_w = 192, .box_w = 9, .box_h = 11, .ofs_x = 1, .ofs_y = -2},
    {.bitmap_index = 8393, .adv_w = 192, .box_w = 11, .box_h = 11, .ofs_x = 0, .ofs_y = -2},
    {.bitmap_index = 8409, .adv_w = 192, .box_w = 11, .box_h = 11, .ofs_x = 0, .ofs_y = -2},
    {.bitmap_index = 8425, .adv_w = 192, .box_w = 11, .box_h = 11, .ofs_x = 0, .ofs_y = -2},
    {.bitmap_index = 8441, .adv_w = 192, .box_w = 11, .box_h = 11, .ofs_x = 0, .ofs_y = -2},
    {.bitmap_index = 8457, .adv_w = 192, .box_w = 11, .box_h = 11, .ofs_x = 0, .ofs_y = -2},
    {.bitmap_index = 8473, .adv_w = 192, .box_w = 11, .box_h = 11, .ofs_x = 0, .ofs_y = -2},
    {.bitmap_index = 8489, .adv_w = 192, .box_w = 11, .box_h = 11, .ofs_x = 0, .ofs_y = -2},
    {.bitmap_index = 8505, .adv_w = 192, .box_w = 11, .box_h = 11, .ofs_x = 0, .ofs_y = -2},
    {.bitmap_index = 8521, .adv_w = 192, .box_w = 11, .box_h = 11, .ofs_x = 0, .ofs_y = -2},
    {.bitmap_index = 8537, .adv_w = 192, .box_w = 11, .box_h = 11, .ofs_x = 0, .ofs_y = -2},
    {.bitmap_index = 8553, .adv_w = 192, .box_w = 11, .box_h = 11, .ofs_x = 0, .ofs_y = -2},
    {.bitmap_index = 8569, .adv_w = 192, .box_w = 11, .box_h = 11, .ofs_x = 0, .ofs_y = -2},
    {.bitmap_index = 8585, .adv_w = 192, .box_w = 11, .box_h = 11, .ofs_x = 0, .ofs_y = -2},
    {.bitmap_index = 8601, .adv_w = 192, .box_w = 11, .box_h = 11, .ofs_x = 0, .ofs_y = -2},
    {.bitmap_index = 8617, .adv_w = 192, .box_w = 11, .box_h = 11, .ofs_x = 0, .ofs_y = -2},
    {.bitmap_index = 8633, .adv_w = 192, .box_w = 11, .box_h = 11, .ofs_x = 0, .ofs_y = -2},
    {.bitmap_index = 8649, .adv_w = 192, .box_w = 11, .box_h = 11, .ofs_x = 0, .ofs_y = -2},
    {.bitmap_index = 8665, .adv_w = 192, .box_w = 11, .box_h = 11, .ofs_x = 0, .ofs_y = -2},
    {.bitmap_index = 8681, .adv_w = 192, .box_w = 11, .box_h = 11, .ofs_x = 0, .ofs_y = -2},
    {.bitmap_index = 8697, .adv_w = 192, .box_w = 11, .box_h = 11, .ofs_x = 0, .ofs_y = -2},
    {.bitmap_index = 8713, .adv_w = 192, .box_w = 11, .box_h = 11, .ofs_x = 0, .ofs_y = -2},
    {.bitmap_index = 8729, .adv_w = 192, .box_w = 11, .box_h = 11, .ofs_x = 0, .ofs_y = -2},
    {.bitmap_index = 8745, .adv_w = 192, .box_w = 11, .box_h = 11, .ofs_x = 0, .ofs_y = -2},
    {.bitmap_index = 8761, .adv_w = 192, .box_w = 11, .box_h = 11, .ofs_x = 0, .ofs_y = -2},
    {.bitmap_index = 8777, .adv_w = 192, .box_w = 11, .box_h = 11, .ofs_x = 0, .ofs_y = -2},
    {.bitmap_index = 8793, .adv_w = 192, .box_w = 11, .box_h = 11, .ofs_x = 0, .ofs_y = -2},
    {.bitmap_index = 8809, .adv_w = 192, .box_w = 11, .box_h = 11, .ofs_x = 0, .ofs_y = -2},
    {.bitmap_index = 8825, .adv_w = 192, .box_w = 11, .box_h = 11, .ofs_x = 0, .ofs_y = -2},
    {.bitmap_index = 8841, .adv_w = 192, .box_w = 11, .box_h = 11, .ofs_x = 0, .ofs_y = -2},
    {.bitmap_index = 8857, .adv_w = 192, .box_w = 11, .box_h = 11, .ofs_x = 0, .ofs_y = -2},
    {.bitmap_index = 8873, .adv_w = 192, .box_w = 11, .box_h = 11, .ofs_x = 0, .ofs_y = -2},
    {.bitmap_index = 8889, .adv_w = 192, .box_w = 11, .box_h = 11, .ofs_x = 0, .ofs_y = -2},
    {.bitmap_index = 8905, .adv_w = 192, .box_w = 11, .box_h = 11, .ofs_x = 0, .ofs_y = -2},
    {.bitmap_index = 8921, .adv_w = 192, .box_w = 11, .box_h = 11, .ofs_x = 0, .ofs_y = -2},
    {.bitmap_index = 8937, .adv_w = 192, .box_w = 11, .box_h = 11, .ofs_x = 0, .ofs_y = -2},
    {.bitmap_index = 8953, .adv_w = 192, .box_w = 11, .box_h = 11, .ofs_x = 0, .ofs_y = -2},
    {.bitmap_index = 8969, .adv_w = 192, .box_w = 11, .box_h = 11, .ofs_x = 0, .ofs_y = -2},
    {.bitmap_index = 8985, .adv_w = 192, .box_w = 11, .box_h = 11, .ofs_x = 0, .ofs_y = -2},
    {.bitmap_index = 9001, .adv_w = 192, .box_w = 11, .box_h = 11, .ofs_x = 0, .ofs_y = -2},
    {.bitmap_index = 9017, .adv_w = 192, .box_w = 11, .box_h = 11, .ofs_x = 0, .ofs_y = -2},
    {.bitmap_index = 9033, .adv_w = 192, .box_w = 11, .box_h = 11, .ofs_x = 0, .ofs_y = -2},
    {.bitmap_index = 9049, .adv_w = 192, .box_w = 11, .box_h = 11, .ofs_x = 0, .ofs_y = -2},
    {.bitmap_index = 9065, .adv_w = 192, .box_w = 11, .box_h = 11, .ofs_x = 0, .ofs_y = -2},
    {.bitmap_index = 9081, .adv_w = 192, .box_w = 11, .box_h = 11, .ofs_x = 0, .ofs_y = -2},
    {.bitmap_index = 9097, .adv_w = 192, .box_w = 11, .box_h = 11, .ofs_x = 0, .ofs_y = -2},
    {.bitmap_index = 9113, .adv_w = 192, .box_w = 11, .box_h = 11, .ofs_x = 0, .ofs_y = -2},
    {.bitmap_index = 9129, .adv_w = 192, .box_w = 11, .box_h = 11, .ofs_x = 0, .ofs_y = -2},
    {.bitmap_index = 9145, .adv_w = 192, .box_w = 11, .box_h = 11, .ofs_x = 0, .ofs_y = -2},
    {.bitmap_index = 9161, .adv_w = 192, .box_w = 11, .box_h = 11, .ofs_x = 0, .ofs_y = -2},
    {.bitmap_index = 9177, .adv_w = 192, .box_w = 11, .box_h = 11, .ofs_x = 0, .ofs_y = -2},
    {.bitmap_index = 9193, .adv_w = 192, .box_w = 11, .box_h = 11, .ofs_x = 0, .ofs_y = -2},
    {.bitmap_index = 9209, .adv_w = 192, .box_w = 11, .box_h = 11, .ofs_x = 0, .ofs_y = -2},
    {.bitmap_index = 9225, .adv_w = 192, .box_w = 11, .box_h = 11, .ofs_x = 0, .ofs_y = -2},
    {.bitmap_index = 9241, .adv_w = 192, .box_w = 11, .box_h = 11, .ofs_x = 0, .ofs_y = -2},
    {.bitmap_index = 9257, .adv_w = 192, .box_w = 11, .box_h = 11, .ofs_x = 0, .ofs_y = -2},
    {.bitmap_index = 9273, .adv_w = 192, .box_w = 11, .box_h = 11, .ofs_x = 0, .ofs_y = -2},
    {.bitmap_index = 9289, .adv_w = 192, .box_w = 11, .box_h = 11, .ofs_x = 0, .ofs_y = -2},
    {.bitmap_index = 9305, .adv_w = 192, .box_w = 11, .box_h = 11, .ofs_x = 0, .ofs_y = -2},
    {.bitmap_index = 9321, .adv_w = 192, .box_w = 11, .box_h = 11, .ofs_x = 0, .ofs_y = -2},
    {.bitmap_index = 9337, .adv_w = 192, .box_w = 11, .box_h = 11, .ofs_x = 0, .ofs_y = -2},
    {.bitmap_index = 9353, .adv_w = 192, .box_w = 11, .box_h = 11, .ofs_x = 0, .ofs_y = -2},
    {.bitmap_index = 9369, .adv_w = 192, .box_w = 11, .box_h = 11, .ofs_x = 0, .ofs_y = -2},
    {.bitmap_index = 9385, .adv_w = 192, .box_w = 11, .box_h = 11, .ofs_x = 0, .ofs_y = -2},
    {.bitmap_index = 9401, .adv_w = 192, .box_w = 11, .box_h = 11, .ofs_x = 0, .ofs_y = -2},
    {.bitmap_index = 9417, .adv_w = 192, .box_w = 11, .box_h = 11, .ofs_x = 0, .ofs_y = -2},
    {.bitmap_index = 9433, .adv_w = 192, .box_w = 11, .box_h = 11, .ofs_x = 0, .ofs_y = -2},
    {.bitmap_index = 9449, .adv_w = 192, .box_w = 11, .box_h = 11, .ofs_x = 0, .ofs_y = -2},
    {.bitmap_index = 9465, .adv_w = 192, .box_w = 11, .box_h = 11, .ofs_x = 0, .ofs_y = -2},
    {.bitmap_index = 9481, .adv_w = 192, .box_w = 11, .box_h = 11, .ofs_x = 0, .ofs_y = -2},
    {.bitmap_index = 9497, .adv_w = 192, .box_w = 11, .box_h = 11, .ofs_x = 0, .ofs_y = -2},
    {.bitmap_index = 9513, .adv_w = 192, .box_w = 11, .box_h = 11, .ofs_x = 0, .ofs_y = -2},
    {.bitmap_index = 9529, .adv_w = 192, .box_w = 11, .box_h = 11, .ofs_x = 0, .ofs_y = -2},
    {.bitmap_index = 9545, .adv_w = 192, .box_w = 11, .box_h = 11, .ofs_x = 0, .ofs_y = -2},
    {.bitmap_index = 9561, .adv_w = 192, .box_w = 11, .box_h = 11, .ofs_x = 0, .ofs_y = -2},
    {.bitmap_index = 9577, .adv_w = 192, .box_w = 11, .box_h = 11, .ofs_x = 0, .ofs_y = -2},
    {.bitmap_index = 9593, .adv_w = 192, .box_w = 11, .box_h = 11, .ofs_x = 0, .ofs_y = -2},
    {.bitmap_index = 9609, .adv_w = 192, .box_w = 11, .box_h = 11, .ofs_x = 0, .ofs_y = -2},
    {.bitmap_index = 9625, .adv_w = 192, .box_w = 11, .box_h = 11, .ofs_x = 0, .ofs_y = -2},
    {.bitmap_index = 9641, .adv_w = 192, .box_w = 11, .box_h = 11, .ofs_x = 0, .ofs_y = -2},
    {.bitmap_index = 9657, .adv_w = 192, .box_w = 11, .box_h = 11, .ofs_x = 0, .ofs_y = -2},
    {.bitmap_index = 9673, .adv_w = 192, .box_w = 11, .box_h = 11, .ofs_x = 0, .ofs_y = -2},
    {.bitmap_index = 9689, .adv_w = 192, .box_w = 11, .box_h = 11, .ofs_x = 0, .ofs_y = -2},
    {.bitmap_index = 9705, .adv_w = 192, .box_w = 11, .box_h = 11, .ofs_x = 0, .ofs_y = -2},
    {.bitmap_index = 9721, .adv_w = 192, .box_w = 11, .box_h = 11, .ofs_x = 0, .ofs_y = -2},
    {.bitmap_index = 9737, .adv_w = 192, .box_w = 11, .box_h = 11, .ofs_x = 0, .ofs_y = -2},
    {.bitmap_index = 9753, .adv_w = 192, .box_w = 11, .box_h = 11, .ofs_x = 0, .ofs_y = -2},
    {.bitmap_index = 9769, .adv_w = 192, .box_w = 11, .box_h = 11, .ofs_x = 0, .ofs_y = -2},
    {.bitmap_index = 9785, .adv_w = 192, .box_w = 11, .box_h = 11, .ofs_x = 0, .ofs_y = -2},
    {.bitmap_index = 9801, .adv_w = 192, .box_w = 11, .box_h = 11, .ofs_x = 0, .ofs_y = -2},
    {.bitmap_index = 9817, .adv_w = 192, .box_w = 11, .box_h = 11, .ofs_x = 0, .ofs_y = -2},
    {.bitmap_index = 9833, .adv_w = 192, .box_w = 11, .box_h = 11, .ofs_x = 0, .ofs_y = -2},
    {.bitmap_index = 9849, .adv_w = 192, .box_w = 11, .box_h = 11, .ofs_x = 0, .ofs_y = -2},
    {.bitmap_index = 9865, .adv_w = 192, .box_w = 11, .box_h = 11, .ofs_x = 0, .ofs_y = -2},
    {.bitmap_index = 9881, .adv_w = 192, .box_w = 11, .box_h = 11, .ofs_x = 0, .ofs_y = -2},
    {.bitmap_index = 9897, .adv_w = 192, .box_w = 11, .box_h = 11, .ofs_x = 0, .ofs_y = -2},
    {.bitmap_index = 9913, .adv_w = 192, .box_w = 11, .box_h = 11, .ofs_x = 0, .ofs_y = -2},
    {.bitmap_index = 9929, .adv_w = 192, .box_w = 11, .box_h = 11, .ofs_x = 0, .ofs_y = -2},
    {.bitmap_index = 9945, .adv_w = 192, .box_w = 11, .box_h = 11, .ofs_x = 0, .ofs_y = -2},
    {.bitmap_index = 9961, .adv_w = 192, .box_w = 11, .box_h = 11, .ofs_x = 0, .ofs_y = -2},
    {.bitmap_index = 9977, .adv_w = 192, .box_w = 11, .box_h = 11, .ofs_x = 0, .ofs_y = -2},
    {.bitmap_index = 9993, .adv_w = 192, .box_w = 11, .box_h = 11, .ofs_x = 0, .ofs_y = -2},
    {.bitmap_index = 10009, .adv_w = 192, .box_w = 11, .box_h = 11, .ofs_x = 0, .ofs_y = -2},
    {.bitmap_index = 10025, .adv_w = 192, .box_w = 11, .box_h = 11, .ofs_x = 0, .ofs_y = -2},
    {.bitmap_index = 10041, .adv_w = 192, .box_w = 11, .box_h = 11, .ofs_x = 0, .ofs_y = -2},
    {.bitmap_index = 10057, .adv_w = 192, .box_w = 11, .box_h = 11, .ofs_x = 0, .ofs_y = -2},
    {.bitmap_index = 10073, .adv_w = 192, .box_w = 11, .box_h = 11, .ofs_x = 0, .ofs_y = -2},
    {.bitmap_index = 10089, .adv_w = 192, .box_w = 11, .box_h = 11, .ofs_x = 0, .ofs_y = -2},
    {.bitmap_index = 10105, .adv_w = 192, .box_w = 11, .box_h = 11, .ofs_x = 0, .ofs_y = -2},
    {.bitmap_index = 10121, .adv_w = 192, .box_w = 11, .box_h = 11, .ofs_x = 0, .ofs_y = -2},
    {.bitmap_index = 10137, .adv_w = 192, .box_w = 11, .box_h = 11, .ofs_x = 0, .ofs_y = -2},
    {.bitmap_index = 10153, .adv_w = 192, .box_w = 11, .box_h = 11, .ofs_x = 0, .ofs_y = -2},
    {.bitmap_index = 10169, .adv_w = 192, .box_w = 11, .box_h = 11, .ofs_x = 0, .ofs_y = -2},
    {.bitmap_index = 10185, .adv_w = 192, .box_w = 11, .box_h = 11, .ofs_x = 0, .ofs_y = -2},
    {.bitmap_index = 10201, .adv_w = 192, .box_w = 11, .box_h = 11, .ofs_x = 0, .ofs_y = -2},
    {.bitmap_index = 10217, .adv_w = 192, .box_w = 11, .box_h = 11, .ofs_x = 0, .ofs_y = -2},
    {.bitmap_index = 10233, .adv_w = 192, .box_w = 11, .box_h = 11, .ofs_x = 0, .ofs_y = -2},
    {.bitmap_index = 10249, .adv_w = 192, .box_w = 11, .box_h = 11, .ofs_x = 0, .ofs_y = -2},
    {.bitmap_index = 10265, .adv_w = 192, .box_w = 11, .box_h = 11, .ofs_x = 0, .ofs_y = -2},
    {.bitmap_index = 10281, .adv_w = 192, .box_w = 11, .box_h = 11, .ofs_x = 0, .ofs_y = -2},
    {.bitmap_index = 10297, .adv_w = 192, .box_w = 11, .box_h = 11, .ofs_x = 0, .ofs_y = -2},
    {.bitmap_index = 10313, .adv_w = 192, .box_w = 11, .box_h = 11, .ofs_x = 0, .ofs_y = -2},
    {.bitmap_index = 10329, .adv_w = 192, .box_w = 11, .box_h = 11, .ofs_x = 0, .ofs_y = -2},
    {.bitmap_index = 10345, .adv_w = 192, .box_w = 11, .box_h = 11, .ofs_x = 0, .ofs_y = -2},
    {.bitmap_index = 10361, .adv_w = 192, .box_w = 11, .box_h = 11, .ofs_x = 0, .ofs_y = -2},
    {.bitmap_index = 10377, .adv_w = 192, .box_w = 11, .box_h = 11, .ofs_x = 0, .ofs_y = -2},
    {.bitmap_index = 10393, .adv_w = 192, .box_w = 11, .box_h = 11, .ofs_x = 0, .ofs_y = -2},
    {.bitmap_index = 10409, .adv_w = 192, .box_w = 11, .box_h = 11, .ofs_x = 0, .ofs_y = -2},
    {.bitmap_index = 10425, .adv_w = 192, .box_w = 11, .box_h = 11, .ofs_x = 0, .ofs_y = -2},
    {.bitmap_index = 10441, .adv_w = 192, .box_w = 11, .box_h = 11, .ofs_x = 0, .ofs_y = -2},
    {.bitmap_index = 10457, .adv_w = 192, .box_w = 11, .box_h = 11, .ofs_x = 0, .ofs_y = -2},
    {.bitmap_index = 10473, .adv_w = 192, .box_w = 11, .box_h = 11, .ofs_x = 0, .ofs_y = -2},
    {.bitmap_index = 10489, .adv_w = 192, .box_w = 11, .box_h = 11, .ofs_x = 0, .ofs_y = -2},
    {.bitmap_index = 10505, .adv_w = 192, .box_w = 11, .box_h = 11, .ofs_x = 0, .ofs_y = -2},
    {.bitmap_index = 10521, .adv_w = 192, .box_w = 11, .box_h = 11, .ofs_x = 0, .ofs_y = -2},
    {.bitmap_index = 10537, .adv_w = 192, .box_w = 11, .box_h = 11, .ofs_x = 0, .ofs_y = -2},
    {.bitmap_index = 10553, .adv_w = 192, .box_w = 11, .box_h = 11, .ofs_x = 0, .ofs_y = -2},
    {.bitmap_index = 10569, .adv_w = 192, .box_w = 11, .box_h = 11, .ofs_x = 0, .ofs_y = -2},
    {.bitmap_index = 10585, .adv_w = 192, .box_w = 11, .box_h = 11, .ofs_x = 0, .ofs_y = -2},
    {.bitmap_index = 10601, .adv_w = 192, .box_w = 11, .box_h = 11, .ofs_x = 0, .ofs_y = -2},
    {.bitmap_index = 10617, .adv_w = 192, .box_w = 11, .box_h = 11, .ofs_x = 0, .ofs_y = -2},
    {.bitmap_index = 10633, .adv_w = 192, .box_w = 11, .box_h = 11, .ofs_x = 0, .ofs_y = -2},
    {.bitmap_index = 10649, .adv_w = 192, .box_w = 11, .box_h = 11, .ofs_x = 0, .ofs_y = -2},
    {.bitmap_index = 10665, .adv_w = 192, .box_w = 11, .box_h = 11, .ofs_x = 0, .ofs_y = -2},
    {.bitmap_index = 10681, .adv_w = 192, .box_w = 11, .box_h = 11, .ofs_x = 0, .ofs_y = -2},
    {.bitmap_index = 10697, .adv_w = 192, .box_w = 11, .box_h = 11, .ofs_x = 0, .ofs_y = -2},
    {.bitmap_index = 10713, .adv_w = 192, .box_w = 11, .box_h = 11, .ofs_x = 0, .ofs_y = -2},
    {.bitmap_index = 10729, .adv_w = 192, .box_w = 11, .box_h = 11, .ofs_x = 0, .ofs_y = -2},
    {.bitmap_index = 10745, .adv_w = 192, .box_w = 11, .box_h = 11, .ofs_x = 0, .ofs_y = -2},
    {.bitmap_index = 10761, .adv_w = 192, .box_w = 11, .box_h = 11, .ofs_x = 0, .ofs_y = -2},
    {.bitmap_index = 10777, .adv_w = 192, .box_w = 11, .box_h = 11, .ofs_x = 0, .ofs_y = -2},
    {.bitmap_index = 10793, .adv_w = 192, .box_w = 11, .box_h = 11, .ofs_x = 0, .ofs_y = -2},
    {.bitmap_index = 10809, .adv_w = 192, .box_w = 9, .box_h = 11, .ofs_x = 1, .ofs_y = -2},
    {.bitmap_index = 10822, .adv_w = 192, .box_w = 11, .box_h = 11, .ofs_x = 0, .ofs_y = -2},
    {.bitmap_index = 10838, .adv_w = 192, .box_w = 11, .box_h = 11, .ofs_x = 0, .ofs_y = -2},
    {.bitmap_index = 10854, .adv_w = 192, .box_w = 11, .box_h = 11, .ofs_x = 0, .ofs_y = -2},
    {.bitmap_index = 10870, .adv_w = 192, .box_w = 11, .box_h = 11, .ofs_x = 0, .ofs_y = -2},
    {.bitmap_index = 10886, .adv_w = 192, .box_w = 11, .box_h = 11, .ofs_x = 0, .ofs_y = -2},
    {.bitmap_index = 10902, .adv_w = 192, .box_w = 11, .box_h = 11, .ofs_x = 0, .ofs_y = -2},
    {.bitmap_index = 10918, .adv_w = 192, .box_w = 11, .box_h = 11, .ofs_x = 0, .ofs_y = -2},
    {.bitmap_index = 10934, .adv_w = 192, .box_w = 11, .box_h = 11, .ofs_x = 0, .ofs_y = -2},
    {.bitmap_index = 10950, .adv_w = 192, .box_w = 11, .box_h = 11, .ofs_x = 0, .ofs_y = -2},
    {.bitmap_index = 10966, .adv_w = 192, .box_w = 11, .box_h = 11, .ofs_x = 0, .ofs_y = -2},
    {.bitmap_index = 10982, .adv_w = 192, .box_w = 11, .box_h = 11, .ofs_x = 0, .ofs_y = -2},
    {.bitmap_index = 10998, .adv_w = 192, .box_w = 11, .box_h = 11, .ofs_x = 0, .ofs_y = -2},
    {.bitmap_index = 11014, .adv_w = 192, .box_w = 11, .box_h = 11, .ofs_x = 0, .ofs_y = -2},
    {.bitmap_index = 11030, .adv_w = 192, .box_w = 11, .box_h = 11, .ofs_x = 0, .ofs_y = -2},
    {.bitmap_index = 11046, .adv_w = 192, .box_w = 11, .box_h = 11, .ofs_x = 0, .ofs_y = -2},
    {.bitmap_index = 11062, .adv_w = 192, .box_w = 11, .box_h = 11, .ofs_x = 0, .ofs_y = -2},
    {.bitmap_index = 11078, .adv_w = 192, .box_w = 11, .box_h = 11, .ofs_x = 0, .ofs_y = -2},
    {.bitmap_index = 11094, .adv_w = 192, .box_w = 11, .box_h = 11, .ofs_x = 0, .ofs_y = -2},
    {.bitmap_index = 11110, .adv_w = 192, .box_w = 11, .box_h = 11, .ofs_x = 0, .ofs_y = -2},
    {.bitmap_index = 11126, .adv_w = 192, .box_w = 11, .box_h = 11, .ofs_x = 0, .ofs_y = -2},
    {.bitmap_index = 11142, .adv_w = 192, .box_w = 11, .box_h = 11, .ofs_x = 0, .ofs_y = -2},
    {.bitmap_index = 11158, .adv_w = 192, .box_w = 11, .box_h = 11, .ofs_x = 0, .ofs_y = -2},
    {.bitmap_index = 11174, .adv_w = 192, .box_w = 11, .box_h = 11, .ofs_x = 0, .ofs_y = -2},
    {.bitmap_index = 11190, .adv_w = 192, .box_w = 11, .box_h = 11, .ofs_x = 0, .ofs_y = -2},
    {.bitmap_index = 11206, .adv_w = 192, .box_w = 11, .box_h = 11, .ofs_x = 0, .ofs_y = -2},
    {.bitmap_index = 11222, .adv_w = 192, .box_w = 11, .box_h = 11, .ofs_x = 0, .ofs_y = -2},
    {.bitmap_index = 11238, .adv_w = 192, .box_w = 11, .box_h = 11, .ofs_x = 0, .ofs_y = -2},
    {.bitmap_index = 11254, .adv_w = 192, .box_w = 11, .box_h = 11, .ofs_x = 0, .ofs_y = -2},
    {.bitmap_index = 11270, .adv_w = 192, .box_w = 11, .box_h = 11, .ofs_x = 0, .ofs_y = -2},
    {.bitmap_index = 11286, .adv_w = 192, .box_w = 11, .box_h = 11, .ofs_x = 0, .ofs_y = -2},
    {.bitmap_index = 11302, .adv_w = 192, .box_w = 11, .box_h = 11, .ofs_x = 0, .ofs_y = -2},
    {.bitmap_index = 11318, .adv_w = 192, .box_w = 11, .box_h = 11, .ofs_x = 0, .ofs_y = -2},
    {.bitmap_index = 11334, .adv_w = 192, .box_w = 11, .box_h = 11, .ofs_x = 0, .ofs_y = -2},
    {.bitmap_index = 11350, .adv_w = 192, .box_w = 11, .box_h = 11, .ofs_x = 0, .ofs_y = -2},
    {.bitmap_index = 11366, .adv_w = 192, .box_w = 11, .box_h = 11, .ofs_x = 0, .ofs_y = -2},
    {.bitmap_index = 11382, .adv_w = 192, .box_w = 11, .box_h = 11, .ofs_x = 0, .ofs_y = -2},
    {.bitmap_index = 11398, .adv_w = 192, .box_w = 11, .box_h = 11, .ofs_x = 0, .ofs_y = -2},
    {.bitmap_index = 11414, .adv_w = 192, .box_w = 11, .box_h = 11, .ofs_x = 0, .ofs_y = -2},
    {.bitmap_index = 11430, .adv_w = 192, .box_w = 11, .box_h = 11, .ofs_x = 0, .ofs_y = -2},
    {.bitmap_index = 11446, .adv_w = 192, .box_w = 11, .box_h = 11, .ofs_x = 0, .ofs_y = -2},
    {.bitmap_index = 11462, .adv_w = 192, .box_w = 11, .box_h = 11, .ofs_x = 0, .ofs_y = -2},
    {.bitmap_index = 11478, .adv_w = 192, .box_w = 11, .box_h = 11, .ofs_x = 0, .ofs_y = -2},
    {.bitmap_index = 11494, .adv_w = 192, .box_w = 11, .box_h = 11, .ofs_x = 0, .ofs_y = -2},
    {.bitmap_index = 11510, .adv_w = 192, .box_w = 11, .box_h = 11, .ofs_x = 0, .ofs_y = -2},
    {.bitmap_index = 11526, .adv_w = 192, .box_w = 11, .box_h = 11, .ofs_x = 0, .ofs_y = -2},
    {.bitmap_index = 11542, .adv_w = 192, .box_w = 11, .box_h = 11, .ofs_x = 0, .ofs_y = -2},
    {.bitmap_index = 11558, .adv_w = 192, .box_w = 11, .box_h = 11, .ofs_x = 0, .ofs_y = -2},
    {.bitmap_index = 11574, .adv_w = 192, .box_w = 11, .box_h = 11, .ofs_x = 0, .ofs_y = -2},
    {.bitmap_index = 11590, .adv_w = 192, .box_w = 11, .box_h = 11, .ofs_x = 0, .ofs_y = -2},
    {.bitmap_index = 11606, .adv_w = 192, .box_w = 11, .box_h = 11, .ofs_x = 0, .ofs_y = -2},
    {.bitmap_index = 11622, .adv_w = 192, .box_w = 11, .box_h = 11, .ofs_x = 0, .ofs_y = -2},
    {.bitmap_index = 11638, .adv_w = 192, .box_w = 11, .box_h = 11, .ofs_x = 0, .ofs_y = -2},
    {.bitmap_index = 11654, .adv_w = 192, .box_w = 11, .box_h = 11, .ofs_x = 0, .ofs_y = -2},
    {.bitmap_index = 11670, .adv_w = 192, .box_w = 11, .box_h = 11, .ofs_x = 0, .ofs_y = -2},
    {.bitmap_index = 11686, .adv_w = 192, .box_w = 11, .box_h = 11, .ofs_x = 0, .ofs_y = -2},
    {.bitmap_index = 11702, .adv_w = 192, .box_w = 11, .box_h = 11, .ofs_x = 0, .ofs_y = -2},
    {.bitmap_index = 11718, .adv_w = 192, .box_w = 11, .box_h = 11, .ofs_x = 0, .ofs_y = -2},
    {.bitmap_index = 11734, .adv_w = 192, .box_w = 11, .box_h = 11, .ofs_x = 0, .ofs_y = -2},
    {.bitmap_index = 11750, .adv_w = 192, .box_w = 11, .box_h = 11, .ofs_x = 0, .ofs_y = -2},
    {.bitmap_index = 11766, .adv_w = 192, .box_w = 11, .box_h = 11, .ofs_x = 0, .ofs_y = -2},
    {.bitmap_index = 11782, .adv_w = 192, .box_w = 11, .box_h = 11, .ofs_x = 0, .ofs_y = -2},
    {.bitmap_index = 11798, .adv_w = 192, .box_w = 11, .box_h = 11, .ofs_x = 0, .ofs_y = -2},
    {.bitmap_index = 11814, .adv_w = 192, .box_w = 11, .box_h = 11, .ofs_x = 0, .ofs_y = -2},
    {.bitmap_index = 11830, .adv_w = 192, .box_w = 11, .box_h = 11, .ofs_x = 0, .ofs_y = -2},
    {.bitmap_index = 11846, .adv_w = 192, .box_w = 11, .box_h = 11, .ofs_x = 0, .ofs_y = -2},
    {.bitmap_index = 11862, .adv_w = 192, .box_w = 11, .box_h = 11, .ofs_x = 0, .ofs_y = -2},
    {.bitmap_index = 11878, .adv_w = 192, .box_w = 11, .box_h = 11, .ofs_x = 0, .ofs_y = -2},
    {.bitmap_index = 11894, .adv_w = 192, .box_w = 11, .box_h = 11, .ofs_x = 0, .ofs_y = -2},
    {.bitmap_index = 11910, .adv_w = 192, .box_w = 11, .box_h = 11, .ofs_x = 0, .ofs_y = -2},
    {.bitmap_index = 11926, .adv_w = 192, .box_w = 11, .box_h = 11, .ofs_x = 0, .ofs_y = -2},
    {.bitmap_index = 11942, .adv_w = 192, .box_w = 11, .box_h = 11, .ofs_x = 0, .ofs_y = -2},
    {.bitmap_index = 11958, .adv_w = 192, .box_w = 11, .box_h = 11, .ofs_x = 0, .ofs_y = -2},
    {.bitmap_index = 11974, .adv_w = 192, .box_w = 11, .box_h = 11, .ofs_x = 0, .ofs_y = -2},
    {.bitmap_index = 11990, .adv_w = 192, .box_w = 11, .box_h = 11, .ofs_x = 0, .ofs_y = -2},
    {.bitmap_index = 12006, .adv_w = 192, .box_w = 11, .box_h = 11, .ofs_x = 0, .ofs_y = -2},
    {.bitmap_index = 12022, .adv_w = 192, .box_w = 11, .box_h = 11, .ofs_x = 0, .ofs_y = -2},
    {.bitmap_index = 12038, .adv_w = 192, .box_w = 11, .box_h = 11, .ofs_x = 0, .ofs_y = -2},
    {.bitmap_index = 12054, .adv_w = 192, .box_w = 11, .box_h = 11, .ofs_x = 0, .ofs_y = -2},
    {.bitmap_index = 12070, .adv_w = 192, .box_w = 11, .box_h = 11, .ofs_x = 0, .ofs_y = -2},
    {.bitmap_index = 12086, .adv_w = 192, .box_w = 11, .box_h = 11, .ofs_x = 0, .ofs_y = -2},
    {.bitmap_index = 12102, .adv_w = 192, .box_w = 11, .box_h = 11, .ofs_x = 0, .ofs_y = -2},
    {.bitmap_index = 12118, .adv_w = 192, .box_w = 11, .box_h = 11, .ofs_x = 0, .ofs_y = -2},
    {.bitmap_index = 12134, .adv_w = 192, .box_w = 11, .box_h = 11, .ofs_x = 0, .ofs_y = -2},
    {.bitmap_index = 12150, .adv_w = 192, .box_w = 11, .box_h = 11, .ofs_x = 0, .ofs_y = -2},
    {.bitmap_index = 12166, .adv_w = 192, .box_w = 11, .box_h = 11, .ofs_x = 0, .ofs_y = -2},
    {.bitmap_index = 12182, .adv_w = 192, .box_w = 11, .box_h = 11, .ofs_x = 0, .ofs_y = -2},
    {.bitmap_index = 12198, .adv_w = 192, .box_w = 11, .box_h = 11, .ofs_x = 0, .ofs_y = -2},
    {.bitmap_index = 12214, .adv_w = 192, .box_w = 11, .box_h = 11, .ofs_x = 0, .ofs_y = -2},
    {.bitmap_index = 12230, .adv_w = 192, .box_w = 11, .box_h = 11, .ofs_x = 0, .ofs_y = -2},
    {.bitmap_index = 12246, .adv_w = 192, .box_w = 11, .box_h = 11, .ofs_x = 0, .ofs_y = -2},
    {.bitmap_index = 12262, .adv_w = 192, .box_w = 11, .box_h = 11, .ofs_x = 0, .ofs_y = -2},
    {.bitmap_index = 12278, .adv_w = 192, .box_w = 11, .box_h = 11, .ofs_x = 0, .ofs_y = -2},
    {.bitmap_index = 12294, .adv_w = 192, .box_w = 11, .box_h = 11, .ofs_x = 0, .ofs_y = -2},
    {.bitmap_index = 12310, .adv_w = 192, .box_w = 10, .box_h = 11, .ofs_x = 0, .ofs_y = -2},
    {.bitmap_index = 12324, .adv_w = 192, .box_w = 11, .box_h = 11, .ofs_x = 0, .ofs_y = -2},
    {.bitmap_index = 12340, .adv_w = 192, .box_w = 11, .box_h = 11, .ofs_x = 0, .ofs_y = -2},
    {.bitmap_index = 12356, .adv_w = 192, .box_w = 11, .box_h = 11, .ofs_x = 0, .ofs_y = -2},
    {.bitmap_index = 12372, .adv_w = 192, .box_w = 11, .box_h = 11, .ofs_x = 0, .ofs_y = -2},
    {.bitmap_index = 12388, .adv_w = 192, .box_w = 11, .box_h = 11, .ofs_x = 0, .ofs_y = -2},
    {.bitmap_index = 12404, .adv_w = 192, .box_w = 11, .box_h = 11, .ofs_x = 0, .ofs_y = -2},
    {.bitmap_index = 12420, .adv_w = 192, .box_w = 11, .box_h = 11, .ofs_x = 0, .ofs_y = -2},
    {.bitmap_index = 12436, .adv_w = 192, .box_w = 11, .box_h = 11, .ofs_x = 0, .ofs_y = -2},
    {.bitmap_index = 12452, .adv_w = 192, .box_w = 11, .box_h = 11, .ofs_x = 0, .ofs_y = -2},
    {.bitmap_index = 12468, .adv_w = 192, .box_w = 11, .box_h = 11, .ofs_x = 0, .ofs_y = -2},
    {.bitmap_index = 12484, .adv_w = 192, .box_w = 11, .box_h = 11, .ofs_x = 0, .ofs_y = -2},
    {.bitmap_index = 12500, .adv_w = 192, .box_w = 11, .box_h = 11, .ofs_x = 0, .ofs_y = -2},
    {.bitmap_index = 12516, .adv_w = 192, .box_w = 11, .box_h = 11, .ofs_x = 0, .ofs_y = -2},
    {.bitmap_index = 12532, .adv_w = 192, .box_w = 11, .box_h = 11, .ofs_x = 0, .ofs_y = -2},
    {.bitmap_index = 12548, .adv_w = 192, .box_w = 11, .box_h = 11, .ofs_x = 0, .ofs_y = -2},
    {.bitmap_index = 12564, .adv_w = 192, .box_w = 11, .box_h = 11, .ofs_x = 0, .ofs_y = -2},
    {.bitmap_index = 12580, .adv_w = 192, .box_w = 11, .box_h = 11, .ofs_x = 0, .ofs_y = -2},
    {.bitmap_index = 12596, .adv_w = 192, .box_w = 11, .box_h = 11, .ofs_x = 0, .ofs_y = -2},
    {.bitmap_index = 12612, .adv_w = 192, .box_w = 11, .box_h = 11, .ofs_x = 0, .ofs_y = -2},
    {.bitmap_index = 12628, .adv_w = 192, .box_w = 11, .box_h = 11, .ofs_x = 0, .ofs_y = -2},
    {.bitmap_index = 12644, .adv_w = 192, .box_w = 11, .box_h = 11, .ofs_x = 0, .ofs_y = -2},
    {.bitmap_index = 12660, .adv_w = 192, .box_w = 11, .box_h = 11, .ofs_x = 0, .ofs_y = -2},
    {.bitmap_index = 12676, .adv_w = 192, .box_w = 11, .box_h = 11, .ofs_x = 0, .ofs_y = -2},
    {.bitmap_index = 12692, .adv_w = 192, .box_w = 11, .box_h = 11, .ofs_x = 0, .ofs_y = -2},
    {.bitmap_index = 12708, .adv_w = 192, .box_w = 11, .box_h = 11, .ofs_x = 0, .ofs_y = -2},
    {.bitmap_index = 12724, .adv_w = 192, .box_w = 11, .box_h = 11, .ofs_x = 0, .ofs_y = -2},
    {.bitmap_index = 12740, .adv_w = 192, .box_w = 11, .box_h = 11, .ofs_x = 0, .ofs_y = -2},
    {.bitmap_index = 12756, .adv_w = 192, .box_w = 11, .box_h = 11, .ofs_x = 0, .ofs_y = -2},
    {.bitmap_index = 12772, .adv_w = 192, .box_w = 11, .box_h = 11, .ofs_x = 0, .ofs_y = -2},
    {.bitmap_index = 12788, .adv_w = 192, .box_w = 11, .box_h = 11, .ofs_x = 0, .ofs_y = -2},
    {.bitmap_index = 12804, .adv_w = 192, .box_w = 11, .box_h = 11, .ofs_x = 0, .ofs_y = -2},
    {.bitmap_index = 12820, .adv_w = 192, .box_w = 11, .box_h = 11, .ofs_x = 0, .ofs_y = -2},
    {.bitmap_index = 12836, .adv_w = 192, .box_w = 11, .box_h = 11, .ofs_x = 0, .ofs_y = -2},
    {.bitmap_index = 12852, .adv_w = 192, .box_w = 11, .box_h = 11, .ofs_x = 0, .ofs_y = -2},
    {.bitmap_index = 12868, .adv_w = 192, .box_w = 11, .box_h = 11, .ofs_x = 0, .ofs_y = -2},
    {.bitmap_index = 12884, .adv_w = 192, .box_w = 11, .box_h = 11, .ofs_x = 0, .ofs_y = -2},
    {.bitmap_index = 12900, .adv_w = 192, .box_w = 11, .box_h = 11, .ofs_x = 0, .ofs_y = -2},
    {.bitmap_index = 12916, .adv_w = 192, .box_w = 11, .box_h = 11, .ofs_x = 0, .ofs_y = -2},
    {.bitmap_index = 12932, .adv_w = 192, .box_w = 11, .box_h = 11, .ofs_x = 0, .ofs_y = -2},
    {.bitmap_index = 12948, .adv_w = 192, .box_w = 11, .box_h = 11, .ofs_x = 0, .ofs_y = -2},
    {.bitmap_index = 12964, .adv_w = 192, .box_w = 11, .box_h = 11, .ofs_x = 0, .ofs_y = -2},
    {.bitmap_index = 12980, .adv_w = 192, .box_w = 11, .box_h = 11, .ofs_x = 0, .ofs_y = -2},
    {.bitmap_index = 12996, .adv_w = 192, .box_w = 11, .box_h = 11, .ofs_x = 0, .ofs_y = -2},
    {.bitmap_index = 13012, .adv_w = 192, .box_w = 11, .box_h = 11, .ofs_x = 0, .ofs_y = -2},
    {.bitmap_index = 13028, .adv_w = 192, .box_w = 11, .box_h = 11, .ofs_x = 0, .ofs_y = -2},
    {.bitmap_index = 13044, .adv_w = 192, .box_w = 11, .box_h = 11, .ofs_x = 0, .ofs_y = -2},
    {.bitmap_index = 13060, .adv_w = 192, .box_w = 11, .box_h = 11, .ofs_x = 0, .ofs_y = -2},
    {.bitmap_index = 13076, .adv_w = 192, .box_w = 11, .box_h = 11, .ofs_x = 0, .ofs_y = -2},
    {.bitmap_index = 13092, .adv_w = 192, .box_w = 11, .box_h = 11, .ofs_x = 0, .ofs_y = -2},
    {.bitmap_index = 13108, .adv_w = 192, .box_w = 11, .box_h = 11, .ofs_x = 0, .ofs_y = -2},
    {.bitmap_index = 13124, .adv_w = 192, .box_w = 11, .box_h = 11, .ofs_x = 0, .ofs_y = -2},
    {.bitmap_index = 13140, .adv_w = 192, .box_w = 11, .box_h = 11, .ofs_x = 0, .ofs_y = -2},
    {.bitmap_index = 13156, .adv_w = 192, .box_w = 11, .box_h = 11, .ofs_x = 0, .ofs_y = -2},
    {.bitmap_index = 13172, .adv_w = 192, .box_w = 11, .box_h = 11, .ofs_x = 0, .ofs_y = -2},
    {.bitmap_index = 13188, .adv_w = 192, .box_w = 11, .box_h = 11, .ofs_x = 0, .ofs_y = -2},
    {.bitmap_index = 13204, .adv_w = 192, .box_w = 11, .box_h = 11, .ofs_x = 0, .ofs_y = -2},
    {.bitmap_index = 13220, .adv_w = 192, .box_w = 11, .box_h = 11, .ofs_x = 0, .ofs_y = -2},
    {.bitmap_index = 13236, .adv_w = 192, .box_w = 11, .box_h = 11, .ofs_x = 0, .ofs_y = -2},
    {.bitmap_index = 13252, .adv_w = 192, .box_w = 11, .box_h = 11, .ofs_x = 0, .ofs_y = -2},
    {.bitmap_index = 13268, .adv_w = 192, .box_w = 11, .box_h = 11, .ofs_x = 0, .ofs_y = -2},
    {.bitmap_index = 13284, .adv_w = 192, .box_w = 11, .box_h = 11, .ofs_x = 0, .ofs_y = -2},
    {.bitmap_index = 13300, .adv_w = 192, .box_w = 11, .box_h = 11, .ofs_x = 0, .ofs_y = -2},
    {.bitmap_index = 13316, .adv_w = 192, .box_w = 11, .box_h = 11, .ofs_x = 0, .ofs_y = -2},
    {.bitmap_index = 13332, .adv_w = 192, .box_w = 11, .box_h = 11, .ofs_x = 0, .ofs_y = -2},
    {.bitmap_index = 13348, .adv_w = 192, .box_w = 11, .box_h = 11, .ofs_x = 0, .ofs_y = -2},
    {.bitmap_index = 13364, .adv_w = 192, .box_w = 11, .box_h = 11, .ofs_x = 0, .ofs_y = -2},
    {.bitmap_index = 13380, .adv_w = 192, .box_w = 11, .box_h = 11, .ofs_x = 0, .ofs_y = -2},
    {.bitmap_index = 13396, .adv_w = 192, .box_w = 11, .box_h = 11, .ofs_x = 0, .ofs_y = -2},
    {.bitmap_index = 13412, .adv_w = 192, .box_w = 11, .box_h = 11, .ofs_x = 0, .ofs_y = -2},
    {.bitmap_index = 13428, .adv_w = 192, .box_w = 11, .box_h = 11, .ofs_x = 0, .ofs_y = -2},
    {.bitmap_index = 13444, .adv_w = 192, .box_w = 11, .box_h = 11, .ofs_x = 0, .ofs_y = -2},
    {.bitmap_index = 13460, .adv_w = 192, .box_w = 11, .box_h = 11, .ofs_x = 0, .ofs_y = -2},
    {.bitmap_index = 13476, .adv_w = 192, .box_w = 11, .box_h = 11, .ofs_x = 0, .ofs_y = -2},
    {.bitmap_index = 13492, .adv_w = 192, .box_w = 11, .box_h = 11, .ofs_x = 0, .ofs_y = -2},
    {.bitmap_index = 13508, .adv_w = 192, .box_w = 11, .box_h = 11, .ofs_x = 0, .ofs_y = -2},
    {.bitmap_index = 13524, .adv_w = 192, .box_w = 11, .box_h = 11, .ofs_x = 0, .ofs_y = -2},
    {.bitmap_index = 13540, .adv_w = 192, .box_w = 11, .box_h = 11, .ofs_x = 0, .ofs_y = -2},
    {.bitmap_index = 13556, .adv_w = 192, .box_w = 11, .box_h = 11, .ofs_x = 0, .ofs_y = -2},
    {.bitmap_index = 13572, .adv_w = 192, .box_w = 11, .box_h = 11, .ofs_x = 0, .ofs_y = -2},
    {.bitmap_index = 13588, .adv_w = 192, .box_w = 11, .box_h = 11, .ofs_x = 0, .ofs_y = -2},
    {.bitmap_index = 13604, .adv_w = 192, .box_w = 11, .box_h = 11, .ofs_x = 0, .ofs_y = -2},
    {.bitmap_index = 13620, .adv_w = 192, .box_w = 11, .box_h = 11, .ofs_x = 0, .ofs_y = -2},
    {.bitmap_index = 13636, .adv_w = 192, .box_w = 11, .box_h = 11, .ofs_x = 0, .ofs_y = -2},
    {.bitmap_index = 13652, .adv_w = 192, .box_w = 11, .box_h = 11, .ofs_x = 0, .ofs_y = -2},
    {.bitmap_index = 13668, .adv_w = 192, .box_w = 11, .box_h = 11, .ofs_x = 0, .ofs_y = -2},
    {.bitmap_index = 13684, .adv_w = 192, .box_w = 11, .box_h = 11, .ofs_x = 0, .ofs_y = -2},
    {.bitmap_index = 13700, .adv_w = 192, .box_w = 11, .box_h = 11, .ofs_x = 0, .ofs_y = -2},
    {.bitmap_index = 13716, .adv_w = 192, .box_w = 11, .box_h = 11, .ofs_x = 0, .ofs_y = -2},
    {.bitmap_index = 13732, .adv_w = 192, .box_w = 11, .box_h = 11, .ofs_x = 0, .ofs_y = -2},
    {.bitmap_index = 13748, .adv_w = 192, .box_w = 11, .box_h = 11, .ofs_x = 0, .ofs_y = -2},
    {.bitmap_index = 13764, .adv_w = 192, .box_w = 11, .box_h = 11, .ofs_x = 0, .ofs_y = -2},
    {.bitmap_index = 13780, .adv_w = 192, .box_w = 11, .box_h = 11, .ofs_x = 0, .ofs_y = -2},
    {.bitmap_index = 13796, .adv_w = 192, .box_w = 11, .box_h = 11, .ofs_x = 0, .ofs_y = -2},
    {.bitmap_index = 13812, .adv_w = 192, .box_w = 11, .box_h = 11, .ofs_x = 0, .ofs_y = -2},
    {.bitmap_index = 13828, .adv_w = 192, .box_w = 11, .box_h = 11, .ofs_x = 0, .ofs_y = -2},
    {.bitmap_index = 13844, .adv_w = 192, .box_w = 11, .box_h = 11, .ofs_x = 0, .ofs_y = -2},
    {.bitmap_index = 13860, .adv_w = 192, .box_w = 11, .box_h = 11, .ofs_x = 0, .ofs_y = -2},
    {.bitmap_index = 13876, .adv_w = 192, .box_w = 11, .box_h = 11, .ofs_x = 0, .ofs_y = -2},
    {.bitmap_index = 13892, .adv_w = 192, .box_w = 11, .box_h = 11, .ofs_x = 0, .ofs_y = -2},
    {.bitmap_index = 13908, .adv_w = 192, .box_w = 11, .box_h = 11, .ofs_x = 0, .ofs_y = -2},
    {.bitmap_index = 13924, .adv_w = 192, .box_w = 11, .box_h = 11, .ofs_x = 0, .ofs_y = -2},
    {.bitmap_index = 13940, .adv_w = 192, .box_w = 11, .box_h = 11, .ofs_x = 0, .ofs_y = -2},
    {.bitmap_index = 13956, .adv_w = 192, .box_w = 11, .box_h = 11, .ofs_x = 0, .ofs_y = -2},
    {.bitmap_index = 13972, .adv_w = 192, .box_w = 11, .box_h = 11, .ofs_x = 0, .ofs_y = -2},
    {.bitmap_index = 13988, .adv_w = 192, .box_w = 11, .box_h = 11, .ofs_x = 0, .ofs_y = -2},
    {.bitmap_index = 14004, .adv_w = 192, .box_w = 11, .box_h = 11, .ofs_x = 0, .ofs_y = -2},
    {.bitmap_index = 14020, .adv_w = 192, .box_w = 11, .box_h = 11, .ofs_x = 0, .ofs_y = -2},
    {.bitmap_index = 14036, .adv_w = 192, .box_w = 11, .box_h = 11, .ofs_x = 0, .ofs_y = -2},
    {.bitmap_index = 14052, .adv_w = 192, .box_w = 11, .box_h = 11, .ofs_x = 0, .ofs_y = -2},
    {.bitmap_index = 14068, .adv_w = 192, .box_w = 11, .box_h = 11, .ofs_x = 0, .ofs_y = -2},
    {.bitmap_index = 14084, .adv_w = 192, .box_w = 11, .box_h = 11, .ofs_x = 0, .ofs_y = -2},
    {.bitmap_index = 14100, .adv_w = 192, .box_w = 11, .box_h = 11, .ofs_x = 0, .ofs_y = -2},
    {.bitmap_index = 14116, .adv_w = 192, .box_w = 11, .box_h = 11, .ofs_x = 0, .ofs_y = -2},
    {.bitmap_index = 14132, .adv_w = 192, .box_w = 11, .box_h = 11, .ofs_x = 0, .ofs_y = -2},
    {.bitmap_index = 14148, .adv_w = 192, .box_w = 11, .box_h = 11, .ofs_x = 0, .ofs_y = -2},
    {.bitmap_index = 14164, .adv_w = 192, .box_w = 11, .box_h = 11, .ofs_x = 0, .ofs_y = -2},
    {.bitmap_index = 14180, .adv_w = 192, .box_w = 11, .box_h = 11, .ofs_x = 0, .ofs_y = -2},
    {.bitmap_index = 14196, .adv_w = 192, .box_w = 11, .box_h = 11, .ofs_x = 0, .ofs_y = -2},
    {.bitmap_index = 14212, .adv_w = 192, .box_w = 11, .box_h = 11, .ofs_x = 0, .ofs_y = -2},
    {.bitmap_index = 14228, .adv_w = 192, .box_w = 11, .box_h = 11, .ofs_x = 0, .ofs_y = -2},
    {.bitmap_index = 14244, .adv_w = 192, .box_w = 11, .box_h = 11, .ofs_x = 0, .ofs_y = -2},
    {.bitmap_index = 14260, .adv_w = 192, .box_w = 11, .box_h = 11, .ofs_x = 0, .ofs_y = -2},
    {.bitmap_index = 14276, .adv_w = 192, .box_w = 11, .box_h = 11, .ofs_x = 0, .ofs_y = -2},
    {.bitmap_index = 14292, .adv_w = 192, .box_w = 11, .box_h = 11, .ofs_x = 0, .ofs_y = -2},
    {.bitmap_index = 14308, .adv_w = 192, .box_w = 11, .box_h = 11, .ofs_x = 0, .ofs_y = -2},
    {.bitmap_index = 14324, .adv_w = 192, .box_w = 11, .box_h = 11, .ofs_x = 0, .ofs_y = -2},
    {.bitmap_index = 14340, .adv_w = 192, .box_w = 11, .box_h = 11, .ofs_x = 0, .ofs_y = -2},
    {.bitmap_index = 14356, .adv_w = 192, .box_w = 11, .box_h = 11, .ofs_x = 0, .ofs_y = -2},
    {.bitmap_index = 14372, .adv_w = 192, .box_w = 11, .box_h = 11, .ofs_x = 0, .ofs_y = -2},
    {.bitmap_index = 14388, .adv_w = 192, .box_w = 11, .box_h = 11, .ofs_x = 0, .ofs_y = -2},
    {.bitmap_index = 14404, .adv_w = 192, .box_w = 11, .box_h = 11, .ofs_x = 0, .ofs_y = -2},
    {.bitmap_index = 14420, .adv_w = 192, .box_w = 11, .box_h = 11, .ofs_x = 0, .ofs_y = -2},
    {.bitmap_index = 14436, .adv_w = 192, .box_w = 11, .box_h = 11, .ofs_x = 0, .ofs_y = -2},
    {.bitmap_index = 14452, .adv_w = 192, .box_w = 11, .box_h = 11, .ofs_x = 0, .ofs_y = -2},
    {.bitmap_index = 14468, .adv_w = 192, .box_w = 11, .box_h = 11, .ofs_x = 0, .ofs_y = -2},
    {.bitmap_index = 14484, .adv_w = 192, .box_w = 11, .box_h = 11, .ofs_x = 0, .ofs_y = -2},
    {.bitmap_index = 14500, .adv_w = 192, .box_w = 11, .box_h = 11, .ofs_x = 0, .ofs_y = -2},
    {.bitmap_index = 14516, .adv_w = 192, .box_w = 11, .box_h = 11, .ofs_x = 0, .ofs_y = -2},
    {.bitmap_index = 14532, .adv_w = 192, .box_w = 11, .box_h = 11, .ofs_x = 0, .ofs_y = -2},
    {.bitmap_index = 14548, .adv_w = 192, .box_w = 11, .box_h = 11, .ofs_x = 0, .ofs_y = -2},
    {.bitmap_index = 14564, .adv_w = 192, .box_w = 11, .box_h = 11, .ofs_x = 0, .ofs_y = -2},
    {.bitmap_index = 14580, .adv_w = 192, .box_w = 11, .box_h = 11, .ofs_x = 0, .ofs_y = -2},
    {.bitmap_index = 14596, .adv_w = 192, .box_w = 11, .box_h = 11, .ofs_x = 0, .ofs_y = -2},
    {.bitmap_index = 14612, .adv_w = 192, .box_w = 11, .box_h = 11, .ofs_x = 0, .ofs_y = -2},
    {.bitmap_index = 14628, .adv_w = 192, .box_w = 11, .box_h = 11, .ofs_x = 0, .ofs_y = -2},
    {.bitmap_index = 14644, .adv_w = 192, .box_w = 11, .box_h = 11, .ofs_x = 0, .ofs_y = -2},
    {.bitmap_index = 14660, .adv_w = 192, .box_w = 11, .box_h = 11, .ofs_x = 0, .ofs_y = -2},
    {.bitmap_index = 14676, .adv_w = 192, .box_w = 11, .box_h = 11, .ofs_x = 0, .ofs_y = -2},
    {.bitmap_index = 14692, .adv_w = 192, .box_w = 11, .box_h = 11, .ofs_x = 0, .ofs_y = -2},
    {.bitmap_index = 14708, .adv_w = 192, .box_w = 11, .box_h = 11, .ofs_x = 0, .ofs_y = -2},
    {.bitmap_index = 14724, .adv_w = 192, .box_w = 11, .box_h = 11, .ofs_x = 0, .ofs_y = -2},
    {.bitmap_index = 14740, .adv_w = 192, .box_w = 11, .box_h = 11, .ofs_x = 0, .ofs_y = -2},
    {.bitmap_index = 14756, .adv_w = 192, .box_w = 11, .box_h = 11, .ofs_x = 0, .ofs_y = -2},
    {.bitmap_index = 14772, .adv_w = 192, .box_w = 11, .box_h = 11, .ofs_x = 0, .ofs_y = -2},
    {.bitmap_index = 14788, .adv_w = 192, .box_w = 11, .box_h = 11, .ofs_x = 0, .ofs_y = -2},
    {.bitmap_index = 14804, .adv_w = 192, .box_w = 11, .box_h = 11, .ofs_x = 0, .ofs_y = -2},
    {.bitmap_index = 14820, .adv_w = 192, .box_w = 11, .box_h = 11, .ofs_x = 0, .ofs_y = -2},
    {.bitmap_index = 14836, .adv_w = 192, .box_w = 11, .box_h = 11, .ofs_x = 0, .ofs_y = -2},
    {.bitmap_index = 14852, .adv_w = 192, .box_w = 11, .box_h = 11, .ofs_x = 0, .ofs_y = -2},
    {.bitmap_index = 14868, .adv_w = 192, .box_w = 11, .box_h = 11, .ofs_x = 0, .ofs_y = -2},
    {.bitmap_index = 14884, .adv_w = 192, .box_w = 11, .box_h = 11, .ofs_x = 0, .ofs_y = -2},
    {.bitmap_index = 14900, .adv_w = 192, .box_w = 11, .box_h = 11, .ofs_x = 0, .ofs_y = -2},
    {.bitmap_index = 14916, .adv_w = 192, .box_w = 11, .box_h = 11, .ofs_x = 0, .ofs_y = -2},
    {.bitmap_index = 14932, .adv_w = 192, .box_w = 11, .box_h = 11, .ofs_x = 0, .ofs_y = -2},
    {.bitmap_index = 14948, .adv_w = 192, .box_w = 11, .box_h = 11, .ofs_x = 0, .ofs_y = -2},
    {.bitmap_index = 14964, .adv_w = 192, .box_w = 11, .box_h = 11, .ofs_x = 0, .ofs_y = -2},
    {.bitmap_index = 14980, .adv_w = 192, .box_w = 11, .box_h = 11, .ofs_x = 0, .ofs_y = -2},
    {.bitmap_index = 14996, .adv_w = 192, .box_w = 11, .box_h = 11, .ofs_x = 0, .ofs_y = -2},
    {.bitmap_index = 15012, .adv_w = 192, .box_w = 11, .box_h = 11, .ofs_x = 0, .ofs_y = -2},
    {.bitmap_index = 15028, .adv_w = 192, .box_w = 11, .box_h = 11, .ofs_x = 0, .ofs_y = -2},
    {.bitmap_index = 15044, .adv_w = 192, .box_w = 11, .box_h = 11, .ofs_x = 0, .ofs_y = -2},
    {.bitmap_index = 15060, .adv_w = 192, .box_w = 11, .box_h = 11, .ofs_x = 0, .ofs_y = -2},
    {.bitmap_index = 15076, .adv_w = 192, .box_w = 11, .box_h = 11, .ofs_x = 0, .ofs_y = -2},
    {.bitmap_index = 15092, .adv_w = 192, .box_w = 11, .box_h = 11, .ofs_x = 0, .ofs_y = -2},
    {.bitmap_index = 15108, .adv_w = 192, .box_w = 11, .box_h = 11, .ofs_x = 0, .ofs_y = -2},
    {.bitmap_index = 15124, .adv_w = 192, .box_w = 11, .box_h = 11, .ofs_x = 0, .ofs_y = -2},
    {.bitmap_index = 15140, .adv_w = 192, .box_w = 11, .box_h = 11, .ofs_x = 0, .ofs_y = -2},
    {.bitmap_index = 15156, .adv_w = 192, .box_w = 11, .box_h = 11, .ofs_x = 0, .ofs_y = -2},
    {.bitmap_index = 15172, .adv_w = 192, .box_w = 11, .box_h = 11, .ofs_x = 0, .ofs_y = -2},
    {.bitmap_index = 15188, .adv_w = 192, .box_w = 11, .box_h = 11, .ofs_x = 0, .ofs_y = -2},
    {.bitmap_index = 15204, .adv_w = 192, .box_w = 11, .box_h = 11, .ofs_x = 0, .ofs_y = -2},
    {.bitmap_index = 15220, .adv_w = 192, .box_w = 11, .box_h = 11, .ofs_x = 0, .ofs_y = -2},
    {.bitmap_index = 15236, .adv_w = 192, .box_w = 11, .box_h = 11, .ofs_x = 0, .ofs_y = -2},
    {.bitmap_index = 15252, .adv_w = 192, .box_w = 11, .box_h = 11, .ofs_x = 0, .ofs_y = -2},
    {.bitmap_index = 15268, .adv_w = 192, .box_w = 11, .box_h = 11, .ofs_x = 0, .ofs_y = -2},
    {.bitmap_index = 15284, .adv_w = 192, .box_w = 11, .box_h = 11, .ofs_x = 0, .ofs_y = -2},
    {.bitmap_index = 15300, .adv_w = 192, .box_w = 11, .box_h = 11, .ofs_x = 0, .ofs_y = -2},
    {.bitmap_index = 15316, .adv_w = 192, .box_w = 11, .box_h = 11, .ofs_x = 0, .ofs_y = -2},
    {.bitmap_index = 15332, .adv_w = 192, .box_w = 11, .box_h = 11, .ofs_x = 0, .ofs_y = -2},
    {.bitmap_index = 15348, .adv_w = 192, .box_w = 11, .box_h = 11, .ofs_x = 0, .ofs_y = -2},
    {.bitmap_index = 15364, .adv_w = 192, .box_w = 11, .box_h = 11, .ofs_x = 0, .ofs_y = -2},
    {.bitmap_index = 15380, .adv_w = 192, .box_w = 11, .box_h = 11, .ofs_x = 0, .ofs_y = -2},
    {.bitmap_index = 15396, .adv_w = 192, .box_w = 11, .box_h = 11, .ofs_x = 0, .ofs_y = -2},
    {.bitmap_index = 15412, .adv_w = 192, .box_w = 11, .box_h = 11, .ofs_x = 0, .ofs_y = -2},
    {.bitmap_index = 15428, .adv_w = 192, .box_w = 11, .box_h = 11, .ofs_x = 0, .ofs_y = -2},
    {.bitmap_index = 15444, .adv_w = 192, .box_w = 11, .box_h = 11, .ofs_x = 0, .ofs_y = -2},
    {.bitmap_index = 15460, .adv_w = 192, .box_w = 11, .box_h = 11, .ofs_x = 0, .ofs_y = -2},
    {.bitmap_index = 15476, .adv_w = 192, .box_w = 11, .box_h = 11, .ofs_x = 0, .ofs_y = -2},
    {.bitmap_index = 15492, .adv_w = 192, .box_w = 11, .box_h = 11, .ofs_x = 0, .ofs_y = -2},
    {.bitmap_index = 15508, .adv_w = 192, .box_w = 11, .box_h = 11, .ofs_x = 0, .ofs_y = -2},
    {.bitmap_index = 15524, .adv_w = 192, .box_w = 11, .box_h = 11, .ofs_x = 0, .ofs_y = -2},
    {.bitmap_index = 15540, .adv_w = 192, .box_w = 11, .box_h = 11, .ofs_x = 0, .ofs_y = -2},
    {.bitmap_index = 15556, .adv_w = 192, .box_w = 11, .box_h = 11, .ofs_x = 0, .ofs_y = -2},
    {.bitmap_index = 15572, .adv_w = 192, .box_w = 11, .box_h = 11, .ofs_x = 0, .ofs_y = -2},
    {.bitmap_index = 15588, .adv_w = 192, .box_w = 11, .box_h = 11, .ofs_x = 0, .ofs_y = -2},
    {.bitmap_index = 15604, .adv_w = 192, .box_w = 11, .box_h = 11, .ofs_x = 0, .ofs_y = -2},
    {.bitmap_index = 15620, .adv_w = 192, .box_w = 11, .box_h = 11, .ofs_x = 0, .ofs_y = -2},
    {.bitmap_index = 15636, .adv_w = 192, .box_w = 11, .box_h = 11, .ofs_x = 0, .ofs_y = -2},
    {.bitmap_index = 15652, .adv_w = 192, .box_w = 11, .box_h = 11, .ofs_x = 0, .ofs_y = -2},
    {.bitmap_index = 15668, .adv_w = 192, .box_w = 11, .box_h = 11, .ofs_x = 0, .ofs_y = -2},
    {.bitmap_index = 15684, .adv_w = 192, .box_w = 9, .box_h = 11, .ofs_x = 1, .ofs_y = -2},
    {.bitmap_index = 15697, .adv_w = 192, .box_w = 10, .box_h = 11, .ofs_x = 1, .ofs_y = -2},
    {.bitmap_index = 15711, .adv_w = 192, .box_w = 11, .box_h = 11, .ofs_x = 0, .ofs_y = -2},
    {.bitmap_index = 15727, .adv_w = 192, .box_w = 11, .box_h = 11, .ofs_x = 0, .ofs_y = -2},
    {.bitmap_index = 15743, .adv_w = 192, .box_w = 11, .box_h = 11, .ofs_x = 0, .ofs_y = -2},
    {.bitmap_index = 15759, .adv_w = 192, .box_w = 11, .box_h = 11, .ofs_x = 0, .ofs_y = -2},
    {.bitmap_index = 15775, .adv_w = 192, .box_w = 11, .box_h = 11, .ofs_x = 0, .ofs_y = -2},
    {.bitmap_index = 15791, .adv_w = 192, .box_w = 11, .box_h = 11, .ofs_x = 0, .ofs_y = -2},
    {.bitmap_index = 15807, .adv_w = 192, .box_w = 11, .box_h = 11, .ofs_x = 0, .ofs_y = -2},
    {.bitmap_index = 15823, .adv_w = 192, .box_w = 11, .box_h = 11, .ofs_x = 0, .ofs_y = -2},
    {.bitmap_index = 15839, .adv_w = 192, .box_w = 11, .box_h = 11, .ofs_x = 0, .ofs_y = -2},
    {.bitmap_index = 15855, .adv_w = 192, .box_w = 11, .box_h = 11, .ofs_x = 0, .ofs_y = -2},
    {.bitmap_index = 15871, .adv_w = 192, .box_w = 11, .box_h = 11, .ofs_x = 0, .ofs_y = -2},
    {.bitmap_index = 15887, .adv_w = 192, .box_w = 11, .box_h = 11, .ofs_x = 0, .ofs_y = -2},
    {.bitmap_index = 15903, .adv_w = 192, .box_w = 11, .box_h = 11, .ofs_x = 0, .ofs_y = -2},
    {.bitmap_index = 15919, .adv_w = 192, .box_w = 11, .box_h = 11, .ofs_x = 0, .ofs_y = -2},
    {.bitmap_index = 15935, .adv_w = 192, .box_w = 11, .box_h = 11, .ofs_x = 0, .ofs_y = -2},
    {.bitmap_index = 15951, .adv_w = 192, .box_w = 11, .box_h = 11, .ofs_x = 0, .ofs_y = -2},
    {.bitmap_index = 15967, .adv_w = 192, .box_w = 11, .box_h = 11, .ofs_x = 0, .ofs_y = -2},
    {.bitmap_index = 15983, .adv_w = 192, .box_w = 11, .box_h = 11, .ofs_x = 0, .ofs_y = -2},
    {.bitmap_index = 15999, .adv_w = 192, .box_w = 11, .box_h = 11, .ofs_x = 0, .ofs_y = -2},
    {.bitmap_index = 16015, .adv_w = 192, .box_w = 11, .box_h = 11, .ofs_x = 0, .ofs_y = -2},
    {.bitmap_index = 16031, .adv_w = 192, .box_w = 11, .box_h = 11, .ofs_x = 0, .ofs_y = -2},
    {.bitmap_index = 16047, .adv_w = 192, .box_w = 11, .box_h = 11, .ofs_x = 0, .ofs_y = -2},
    {.bitmap_index = 16063, .adv_w = 192, .box_w = 11, .box_h = 11, .ofs_x = 0, .ofs_y = -2},
    {.bitmap_index = 16079, .adv_w = 192, .box_w = 11, .box_h = 11, .ofs_x = 0, .ofs_y = -2},
    {.bitmap_index = 16095, .adv_w = 192, .box_w = 11, .box_h = 11, .ofs_x = 0, .ofs_y = -2},
    {.bitmap_index = 16111, .adv_w = 192, .box_w = 11, .box_h = 11, .ofs_x = 0, .ofs_y = -2},
    {.bitmap_index = 16127, .adv_w = 192, .box_w = 11, .box_h = 11, .ofs_x = 0, .ofs_y = -2},
    {.bitmap_index = 16143, .adv_w = 192, .box_w = 11, .box_h = 11, .ofs_x = 0, .ofs_y = -2},
    {.bitmap_index = 16159, .adv_w = 192, .box_w = 11, .box_h = 11, .ofs_x = 0, .ofs_y = -2},
    {.bitmap_index = 16175, .adv_w = 192, .box_w = 11, .box_h = 11, .ofs_x = 0, .ofs_y = -2},
    {.bitmap_index = 16191, .adv_w = 192, .box_w = 11, .box_h = 11, .ofs_x = 0, .ofs_y = -2},
    {.bitmap_index = 16207, .adv_w = 192, .box_w = 11, .box_h = 11, .ofs_x = 0, .ofs_y = -2},
    {.bitmap_index = 16223, .adv_w = 192, .box_w = 10, .box_h = 11, .ofs_x = 1, .ofs_y = -2},
    {.bitmap_index = 16237, .adv_w = 192, .box_w = 10, .box_h = 11, .ofs_x = 1, .ofs_y = -2},
    {.bitmap_index = 16251, .adv_w = 192, .box_w = 10, .box_h = 11, .ofs_x = 1, .ofs_y = -2},
    {.bitmap_index = 16265, .adv_w = 192, .box_w = 10, .box_h = 11, .ofs_x = 1, .ofs_y = -2},
    {.bitmap_index = 16279, .adv_w = 192, .box_w = 11, .box_h = 11, .ofs_x = 0, .ofs_y = -2},
    {.bitmap_index = 16295, .adv_w = 192, .box_w = 9, .box_h = 11, .ofs_x = 1, .ofs_y = -2},
    {.bitmap_index = 16308, .adv_w = 192, .box_w = 11, .box_h = 11, .ofs_x = 0, .ofs_y = -2},
    {.bitmap_index = 16324, .adv_w = 192, .box_w = 11, .box_h = 11, .ofs_x = 0, .ofs_y = -2},
    {.bitmap_index = 16340, .adv_w = 192, .box_w = 11, .box_h = 11, .ofs_x = 0, .ofs_y = -2},
    {.bitmap_index = 16356, .adv_w = 192, .box_w = 11, .box_h = 11, .ofs_x = 0, .ofs_y = -2},
    {.bitmap_index = 16372, .adv_w = 192, .box_w = 11, .box_h = 11, .ofs_x = 0, .ofs_y = -2},
    {.bitmap_index = 16388, .adv_w = 192, .box_w = 11, .box_h = 11, .ofs_x = 0, .ofs_y = -2},
    {.bitmap_index = 16404, .adv_w = 192, .box_w = 11, .box_h = 11, .ofs_x = 0, .ofs_y = -2},
    {.bitmap_index = 16420, .adv_w = 192, .box_w = 11, .box_h = 11, .ofs_x = 0, .ofs_y = -2},
    {.bitmap_index = 16436, .adv_w = 192, .box_w = 11, .box_h = 11, .ofs_x = 0, .ofs_y = -2},
    {.bitmap_index = 16452, .adv_w = 192, .box_w = 11, .box_h = 11, .ofs_x = 0, .ofs_y = -2},
    {.bitmap_index = 16468, .adv_w = 192, .box_w = 11, .box_h = 11, .ofs_x = 0, .ofs_y = -2},
    {.bitmap_index = 16484, .adv_w = 192, .box_w = 11, .box_h = 11, .ofs_x = 0, .ofs_y = -2},
    {.bitmap_index = 16500, .adv_w = 192, .box_w = 11, .box_h = 11, .ofs_x = 0, .ofs_y = -2},
    {.bitmap_index = 16516, .adv_w = 192, .box_w = 11, .box_h = 11, .ofs_x = 0, .ofs_y = -2},
    {.bitmap_index = 16532, .adv_w = 192, .box_w = 11, .box_h = 11, .ofs_x = 0, .ofs_y = -2},
    {.bitmap_index = 16548, .adv_w = 192, .box_w = 11, .box_h = 11, .ofs_x = 0, .ofs_y = -2},
    {.bitmap_index = 16564, .adv_w = 192, .box_w = 11, .box_h = 11, .ofs_x = 0, .ofs_y = -2},
    {.bitmap_index = 16580, .adv_w = 192, .box_w = 11, .box_h = 11, .ofs_x = 0, .ofs_y = -2},
    {.bitmap_index = 16596, .adv_w = 192, .box_w = 11, .box_h = 11, .ofs_x = 0, .ofs_y = -2},
    {.bitmap_index = 16612, .adv_w = 192, .box_w = 11, .box_h = 11, .ofs_x = 0, .ofs_y = -2},
    {.bitmap_index = 16628, .adv_w = 192, .box_w = 11, .box_h = 11, .ofs_x = 0, .ofs_y = -2},
    {.bitmap_index = 16644, .adv_w = 192, .box_w = 11, .box_h = 11, .ofs_x = 0, .ofs_y = -2},
    {.bitmap_index = 16660, .adv_w = 192, .box_w = 11, .box_h = 11, .ofs_x = 0, .ofs_y = -2},
    {.bitmap_index = 16676, .adv_w = 192, .box_w = 11, .box_h = 11, .ofs_x = 0, .ofs_y = -2},
    {.bitmap_index = 16692, .adv_w = 192, .box_w = 11, .box_h = 11, .ofs_x = 0, .ofs_y = -2},
    {.bitmap_index = 16708, .adv_w = 192, .box_w = 11, .box_h = 11, .ofs_x = 0, .ofs_y = -2},
    {.bitmap_index = 16724, .adv_w = 192, .box_w = 11, .box_h = 11, .ofs_x = 0, .ofs_y = -2},
    {.bitmap_index = 16740, .adv_w = 192, .box_w = 11, .box_h = 11, .ofs_x = 0, .ofs_y = -2},
    {.bitmap_index = 16756, .adv_w = 192, .box_w = 11, .box_h = 11, .ofs_x = 0, .ofs_y = -2},
    {.bitmap_index = 16772, .adv_w = 192, .box_w = 11, .box_h = 11, .ofs_x = 0, .ofs_y = -2},
    {.bitmap_index = 16788, .adv_w = 192, .box_w = 11, .box_h = 11, .ofs_x = 0, .ofs_y = -2},
    {.bitmap_index = 16804, .adv_w = 192, .box_w = 11, .box_h = 11, .ofs_x = 0, .ofs_y = -2},
    {.bitmap_index = 16820, .adv_w = 192, .box_w = 11, .box_h = 11, .ofs_x = 0, .ofs_y = -2},
    {.bitmap_index = 16836, .adv_w = 192, .box_w = 11, .box_h = 11, .ofs_x = 0, .ofs_y = -2},
    {.bitmap_index = 16852, .adv_w = 192, .box_w = 11, .box_h = 11, .ofs_x = 0, .ofs_y = -2},
    {.bitmap_index = 16868, .adv_w = 192, .box_w = 11, .box_h = 11, .ofs_x = 0, .ofs_y = -2},
    {.bitmap_index = 16884, .adv_w = 192, .box_w = 11, .box_h = 11, .ofs_x = 0, .ofs_y = -2},
    {.bitmap_index = 16900, .adv_w = 192, .box_w = 11, .box_h = 11, .ofs_x = 0, .ofs_y = -2},
    {.bitmap_index = 16916, .adv_w = 192, .box_w = 11, .box_h = 11, .ofs_x = 0, .ofs_y = -2},
    {.bitmap_index = 16932, .adv_w = 192, .box_w = 11, .box_h = 11, .ofs_x = 0, .ofs_y = -2},
    {.bitmap_index = 16948, .adv_w = 192, .box_w = 11, .box_h = 11, .ofs_x = 0, .ofs_y = -2},
    {.bitmap_index = 16964, .adv_w = 192, .box_w = 11, .box_h = 11, .ofs_x = 0, .ofs_y = -2},
    {.bitmap_index = 16980, .adv_w = 192, .box_w = 11, .box_h = 11, .ofs_x = 0, .ofs_y = -2},
    {.bitmap_index = 16996, .adv_w = 192, .box_w = 11, .box_h = 11, .ofs_x = 0, .ofs_y = -2},
    {.bitmap_index = 17012, .adv_w = 192, .box_w = 11, .box_h = 11, .ofs_x = 0, .ofs_y = -2},
    {.bitmap_index = 17028, .adv_w = 192, .box_w = 11, .box_h = 11, .ofs_x = 0, .ofs_y = -2},
    {.bitmap_index = 17044, .adv_w = 192, .box_w = 11, .box_h = 11, .ofs_x = 0, .ofs_y = -2},
    {.bitmap_index = 17060, .adv_w = 192, .box_w = 11, .box_h = 11, .ofs_x = 0, .ofs_y = -2},
    {.bitmap_index = 17076, .adv_w = 192, .box_w = 11, .box_h = 11, .ofs_x = 0, .ofs_y = -2},
    {.bitmap_index = 17092, .adv_w = 192, .box_w = 11, .box_h = 11, .ofs_x = 0, .ofs_y = -2},
    {.bitmap_index = 17108, .adv_w = 192, .box_w = 11, .box_h = 11, .ofs_x = 0, .ofs_y = -2},
    {.bitmap_index = 17124, .adv_w = 192, .box_w = 11, .box_h = 11, .ofs_x = 0, .ofs_y = -2},
    {.bitmap_index = 17140, .adv_w = 192, .box_w = 11, .box_h = 11, .ofs_x = 0, .ofs_y = -2},
    {.bitmap_index = 17156, .adv_w = 192, .box_w = 11, .box_h = 11, .ofs_x = 0, .ofs_y = -2},
    {.bitmap_index = 17172, .adv_w = 192, .box_w = 11, .box_h = 11, .ofs_x = 0, .ofs_y = -2},
    {.bitmap_index = 17188, .adv_w = 192, .box_w = 11, .box_h = 11, .ofs_x = 0, .ofs_y = -2},
    {.bitmap_index = 17204, .adv_w = 192, .box_w = 11, .box_h = 11, .ofs_x = 0, .ofs_y = -2},
    {.bitmap_index = 17220, .adv_w = 192, .box_w = 11, .box_h = 11, .ofs_x = 0, .ofs_y = -2},
    {.bitmap_index = 17236, .adv_w = 192, .box_w = 11, .box_h = 11, .ofs_x = 0, .ofs_y = -2},
    {.bitmap_index = 17252, .adv_w = 192, .box_w = 11, .box_h = 11, .ofs_x = 0, .ofs_y = -2},
    {.bitmap_index = 17268, .adv_w = 192, .box_w = 11, .box_h = 11, .ofs_x = 0, .ofs_y = -2},
    {.bitmap_index = 17284, .adv_w = 192, .box_w = 11, .box_h = 11, .ofs_x = 0, .ofs_y = -2},
    {.bitmap_index = 17300, .adv_w = 192, .box_w = 11, .box_h = 11, .ofs_x = 0, .ofs_y = -2},
    {.bitmap_index = 17316, .adv_w = 192, .box_w = 11, .box_h = 11, .ofs_x = 0, .ofs_y = -2},
    {.bitmap_index = 17332, .adv_w = 192, .box_w = 11, .box_h = 11, .ofs_x = 0, .ofs_y = -2},
    {.bitmap_index = 17348, .adv_w = 192, .box_w = 11, .box_h = 11, .ofs_x = 0, .ofs_y = -2},
    {.bitmap_index = 17364, .adv_w = 192, .box_w = 11, .box_h = 11, .ofs_x = 0, .ofs_y = -2},
    {.bitmap_index = 17380, .adv_w = 192, .box_w = 11, .box_h = 11, .ofs_x = 0, .ofs_y = -2},
    {.bitmap_index = 17396, .adv_w = 192, .box_w = 11, .box_h = 11, .ofs_x = 0, .ofs_y = -2},
    {.bitmap_index = 17412, .adv_w = 192, .box_w = 10, .box_h = 11, .ofs_x = 1, .ofs_y = -2},
    {.bitmap_index = 17426, .adv_w = 192, .box_w = 10, .box_h = 11, .ofs_x = 0, .ofs_y = -2},
    {.bitmap_index = 17440, .adv_w = 192, .box_w = 11, .box_h = 11, .ofs_x = 0, .ofs_y = -2},
    {.bitmap_index = 17456, .adv_w = 192, .box_w = 11, .box_h = 11, .ofs_x = 0, .ofs_y = -2},
    {.bitmap_index = 17472, .adv_w = 192, .box_w = 11, .box_h = 11, .ofs_x = 0, .ofs_y = -2},
    {.bitmap_index = 17488, .adv_w = 192, .box_w = 11, .box_h = 11, .ofs_x = 0, .ofs_y = -2},
    {.bitmap_index = 17504, .adv_w = 192, .box_w = 11, .box_h = 11, .ofs_x = 0, .ofs_y = -2},
    {.bitmap_index = 17520, .adv_w = 192, .box_w = 11, .box_h = 11, .ofs_x = 0, .ofs_y = -2},
    {.bitmap_index = 17536, .adv_w = 192, .box_w = 11, .box_h = 11, .ofs_x = 0, .ofs_y = -2},
    {.bitmap_index = 17552, .adv_w = 192, .box_w = 11, .box_h = 11, .ofs_x = 0, .ofs_y = -2},
    {.bitmap_index = 17568, .adv_w = 192, .box_w = 11, .box_h = 11, .ofs_x = 0, .ofs_y = -2},
    {.bitmap_index = 17584, .adv_w = 192, .box_w = 11, .box_h = 11, .ofs_x = 0, .ofs_y = -2},
    {.bitmap_index = 17600, .adv_w = 192, .box_w = 11, .box_h = 11, .ofs_x = 0, .ofs_y = -2},
    {.bitmap_index = 17616, .adv_w = 192, .box_w = 11, .box_h = 11, .ofs_x = 0, .ofs_y = -2},
    {.bitmap_index = 17632, .adv_w = 192, .box_w = 11, .box_h = 11, .ofs_x = 0, .ofs_y = -2},
    {.bitmap_index = 17648, .adv_w = 192, .box_w = 9, .box_h = 11, .ofs_x = 1, .ofs_y = -2},
    {.bitmap_index = 17661, .adv_w = 192, .box_w = 11, .box_h = 11, .ofs_x = 0, .ofs_y = -2},
    {.bitmap_index = 17677, .adv_w = 192, .box_w = 11, .box_h = 11, .ofs_x = 0, .ofs_y = -2},
    {.bitmap_index = 17693, .adv_w = 192, .box_w = 11, .box_h = 11, .ofs_x = 0, .ofs_y = -2},
    {.bitmap_index = 17709, .adv_w = 192, .box_w = 11, .box_h = 11, .ofs_x = 0, .ofs_y = -2},
    {.bitmap_index = 17725, .adv_w = 192, .box_w = 11, .box_h = 11, .ofs_x = 0, .ofs_y = -2},
    {.bitmap_index = 17741, .adv_w = 192, .box_w = 11, .box_h = 11, .ofs_x = 0, .ofs_y = -2},
    {.bitmap_index = 17757, .adv_w = 192, .box_w = 11, .box_h = 11, .ofs_x = 0, .ofs_y = -2},
    {.bitmap_index = 17773, .adv_w = 192, .box_w = 11, .box_h = 11, .ofs_x = 0, .ofs_y = -2},
    {.bitmap_index = 17789, .adv_w = 192, .box_w = 11, .box_h = 11, .ofs_x = 0, .ofs_y = -2},
    {.bitmap_index = 17805, .adv_w = 192, .box_w = 11, .box_h = 11, .ofs_x = 0, .ofs_y = -2},
    {.bitmap_index = 17821, .adv_w = 192, .box_w = 11, .box_h = 11, .ofs_x = 0, .ofs_y = -2},
    {.bitmap_index = 17837, .adv_w = 192, .box_w = 11, .box_h = 11, .ofs_x = 0, .ofs_y = -2},
    {.bitmap_index = 17853, .adv_w = 192, .box_w = 11, .box_h = 11, .ofs_x = 0, .ofs_y = -2},
    {.bitmap_index = 17869, .adv_w = 192, .box_w = 11, .box_h = 11, .ofs_x = 0, .ofs_y = -2},
    {.bitmap_index = 17885, .adv_w = 192, .box_w = 11, .box_h = 11, .ofs_x = 0, .ofs_y = -2},
    {.bitmap_index = 17901, .adv_w = 192, .box_w = 11, .box_h = 11, .ofs_x = 0, .ofs_y = -2},
    {.bitmap_index = 17917, .adv_w = 192, .box_w = 11, .box_h = 11, .ofs_x = 0, .ofs_y = -2},
    {.bitmap_index = 17933, .adv_w = 192, .box_w = 11, .box_h = 11, .ofs_x = 0, .ofs_y = -2},
    {.bitmap_index = 17949, .adv_w = 192, .box_w = 11, .box_h = 11, .ofs_x = 0, .ofs_y = -2},
    {.bitmap_index = 17965, .adv_w = 192, .box_w = 11, .box_h = 11, .ofs_x = 0, .ofs_y = -2},
    {.bitmap_index = 17981, .adv_w = 192, .box_w = 11, .box_h = 11, .ofs_x = 0, .ofs_y = -2},
    {.bitmap_index = 17997, .adv_w = 192, .box_w = 11, .box_h = 11, .ofs_x = 0, .ofs_y = -2},
    {.bitmap_index = 18013, .adv_w = 192, .box_w = 11, .box_h = 11, .ofs_x = 0, .ofs_y = -2},
    {.bitmap_index = 18029, .adv_w = 192, .box_w = 11, .box_h = 11, .ofs_x = 0, .ofs_y = -2},
    {.bitmap_index = 18045, .adv_w = 192, .box_w = 11, .box_h = 11, .ofs_x = 0, .ofs_y = -2},
    {.bitmap_index = 18061, .adv_w = 192, .box_w = 11, .box_h = 11, .ofs_x = 0, .ofs_y = -2},
    {.bitmap_index = 18077, .adv_w = 192, .box_w = 11, .box_h = 11, .ofs_x = 0, .ofs_y = -2},
    {.bitmap_index = 18093, .adv_w = 192, .box_w = 11, .box_h = 11, .ofs_x = 0, .ofs_y = -2},
    {.bitmap_index = 18109, .adv_w = 192, .box_w = 11, .box_h = 11, .ofs_x = 0, .ofs_y = -2},
    {.bitmap_index = 18125, .adv_w = 192, .box_w = 11, .box_h = 11, .ofs_x = 0, .ofs_y = -2},
    {.bitmap_index = 18141, .adv_w = 192, .box_w = 11, .box_h = 11, .ofs_x = 0, .ofs_y = -2},
    {.bitmap_index = 18157, .adv_w = 192, .box_w = 11, .box_h = 11, .ofs_x = 0, .ofs_y = -2},
    {.bitmap_index = 18173, .adv_w = 192, .box_w = 11, .box_h = 11, .ofs_x = 0, .ofs_y = -2},
    {.bitmap_index = 18189, .adv_w = 192, .box_w = 11, .box_h = 11, .ofs_x = 0, .ofs_y = -2},
    {.bitmap_index = 18205, .adv_w = 192, .box_w = 11, .box_h = 11, .ofs_x = 0, .ofs_y = -2},
    {.bitmap_index = 18221, .adv_w = 192, .box_w = 11, .box_h = 11, .ofs_x = 0, .ofs_y = -2},
    {.bitmap_index = 18237, .adv_w = 192, .box_w = 11, .box_h = 11, .ofs_x = 0, .ofs_y = -2},
    {.bitmap_index = 18253, .adv_w = 192, .box_w = 11, .box_h = 11, .ofs_x = 0, .ofs_y = -2},
    {.bitmap_index = 18269, .adv_w = 192, .box_w = 11, .box_h = 11, .ofs_x = 0, .ofs_y = -2},
    {.bitmap_index = 18285, .adv_w = 192, .box_w = 11, .box_h = 11, .ofs_x = 0, .ofs_y = -2},
    {.bitmap_index = 18301, .adv_w = 192, .box_w = 11, .box_h = 11, .ofs_x = 0, .ofs_y = -2},
    {.bitmap_index = 18317, .adv_w = 192, .box_w = 11, .box_h = 11, .ofs_x = 0, .ofs_y = -2},
    {.bitmap_index = 18333, .adv_w = 192, .box_w = 11, .box_h = 11, .ofs_x = 0, .ofs_y = -2},
    {.bitmap_index = 18349, .adv_w = 192, .box_w = 11, .box_h = 11, .ofs_x = 0, .ofs_y = -2},
    {.bitmap_index = 18365, .adv_w = 192, .box_w = 11, .box_h = 11, .ofs_x = 0, .ofs_y = -2},
    {.bitmap_index = 18381, .adv_w = 192, .box_w = 11, .box_h = 11, .ofs_x = 0, .ofs_y = -2},
    {.bitmap_index = 18397, .adv_w = 192, .box_w = 11, .box_h = 11, .ofs_x = 0, .ofs_y = -2},
    {.bitmap_index = 18413, .adv_w = 192, .box_w = 11, .box_h = 11, .ofs_x = 0, .ofs_y = -2},
    {.bitmap_index = 18429, .adv_w = 192, .box_w = 11, .box_h = 11, .ofs_x = 0, .ofs_y = -2},
    {.bitmap_index = 18445, .adv_w = 192, .box_w = 11, .box_h = 11, .ofs_x = 0, .ofs_y = -2},
    {.bitmap_index = 18461, .adv_w = 192, .box_w = 11, .box_h = 11, .ofs_x = 0, .ofs_y = -2},
    {.bitmap_index = 18477, .adv_w = 192, .box_w = 11, .box_h = 11, .ofs_x = 0, .ofs_y = -2},
    {.bitmap_index = 18493, .adv_w = 192, .box_w = 11, .box_h = 11, .ofs_x = 0, .ofs_y = -2},
    {.bitmap_index = 18509, .adv_w = 192, .box_w = 11, .box_h = 11, .ofs_x = 0, .ofs_y = -2},
    {.bitmap_index = 18525, .adv_w = 192, .box_w = 11, .box_h = 11, .ofs_x = 0, .ofs_y = -2},
    {.bitmap_index = 18541, .adv_w = 192, .box_w = 11, .box_h = 11, .ofs_x = 0, .ofs_y = -2},
    {.bitmap_index = 18557, .adv_w = 192, .box_w = 11, .box_h = 11, .ofs_x = 0, .ofs_y = -2},
    {.bitmap_index = 18573, .adv_w = 192, .box_w = 11, .box_h = 11, .ofs_x = 0, .ofs_y = -2},
    {.bitmap_index = 18589, .adv_w = 192, .box_w = 11, .box_h = 11, .ofs_x = 0, .ofs_y = -2},
    {.bitmap_index = 18605, .adv_w = 192, .box_w = 11, .box_h = 11, .ofs_x = 0, .ofs_y = -2},
    {.bitmap_index = 18621, .adv_w = 192, .box_w = 11, .box_h = 11, .ofs_x = 0, .ofs_y = -2},
    {.bitmap_index = 18637, .adv_w = 192, .box_w = 11, .box_h = 11, .ofs_x = 0, .ofs_y = -2},
    {.bitmap_index = 18653, .adv_w = 192, .box_w = 11, .box_h = 11, .ofs_x = 0, .ofs_y = -2},
    {.bitmap_index = 18669, .adv_w = 192, .box_w = 11, .box_h = 11, .ofs_x = 0, .ofs_y = -2},
    {.bitmap_index = 18685, .adv_w = 192, .box_w = 11, .box_h = 11, .ofs_x = 0, .ofs_y = -2},
    {.bitmap_index = 18701, .adv_w = 192, .box_w = 11, .box_h = 11, .ofs_x = 0, .ofs_y = -2},
    {.bitmap_index = 18717, .adv_w = 192, .box_w = 11, .box_h = 11, .ofs_x = 0, .ofs_y = -2},
    {.bitmap_index = 18733, .adv_w = 192, .box_w = 11, .box_h = 11, .ofs_x = 0, .ofs_y = -2},
    {.bitmap_index = 18749, .adv_w = 192, .box_w = 11, .box_h = 11, .ofs_x = 0, .ofs_y = -2},
    {.bitmap_index = 18765, .adv_w = 192, .box_w = 11, .box_h = 11, .ofs_x = 0, .ofs_y = -2},
    {.bitmap_index = 18781, .adv_w = 192, .box_w = 11, .box_h = 11, .ofs_x = 0, .ofs_y = -2},
    {.bitmap_index = 18797, .adv_w = 192, .box_w = 11, .box_h = 11, .ofs_x = 0, .ofs_y = -2},
    {.bitmap_index = 18813, .adv_w = 192, .box_w = 11, .box_h = 11, .ofs_x = 0, .ofs_y = -2},
    {.bitmap_index = 18829, .adv_w = 192, .box_w = 11, .box_h = 11, .ofs_x = 0, .ofs_y = -2},
    {.bitmap_index = 18845, .adv_w = 192, .box_w = 11, .box_h = 11, .ofs_x = 0, .ofs_y = -2},
    {.bitmap_index = 18861, .adv_w = 192, .box_w = 11, .box_h = 11, .ofs_x = 0, .ofs_y = -2},
    {.bitmap_index = 18877, .adv_w = 192, .box_w = 11, .box_h = 11, .ofs_x = 0, .ofs_y = -2},
    {.bitmap_index = 18893, .adv_w = 192, .box_w = 11, .box_h = 11, .ofs_x = 0, .ofs_y = -2},
    {.bitmap_index = 18909, .adv_w = 192, .box_w = 11, .box_h = 11, .ofs_x = 0, .ofs_y = -2},
    {.bitmap_index = 18925, .adv_w = 192, .box_w = 11, .box_h = 11, .ofs_x = 0, .ofs_y = -2},
    {.bitmap_index = 18941, .adv_w = 192, .box_w = 11, .box_h = 11, .ofs_x = 0, .ofs_y = -2},
    {.bitmap_index = 18957, .adv_w = 192, .box_w = 11, .box_h = 11, .ofs_x = 0, .ofs_y = -2},
    {.bitmap_index = 18973, .adv_w = 192, .box_w = 11, .box_h = 11, .ofs_x = 0, .ofs_y = -2},
    {.bitmap_index = 18989, .adv_w = 192, .box_w = 11, .box_h = 11, .ofs_x = 0, .ofs_y = -2},
    {.bitmap_index = 19005, .adv_w = 192, .box_w = 11, .box_h = 11, .ofs_x = 0, .ofs_y = -2},
    {.bitmap_index = 19021, .adv_w = 192, .box_w = 11, .box_h = 11, .ofs_x = 0, .ofs_y = -2},
    {.bitmap_index = 19037, .adv_w = 192, .box_w = 11, .box_h = 11, .ofs_x = 0, .ofs_y = -2},
    {.bitmap_index = 19053, .adv_w = 192, .box_w = 11, .box_h = 11, .ofs_x = 0, .ofs_y = -2},
    {.bitmap_index = 19069, .adv_w = 192, .box_w = 11, .box_h = 11, .ofs_x = 0, .ofs_y = -2},
    {.bitmap_index = 19085, .adv_w = 192, .box_w = 11, .box_h = 11, .ofs_x = 0, .ofs_y = -2},
    {.bitmap_index = 19101, .adv_w = 192, .box_w = 11, .box_h = 11, .ofs_x = 0, .ofs_y = -2},
    {.bitmap_index = 19117, .adv_w = 192, .box_w = 11, .box_h = 11, .ofs_x = 0, .ofs_y = -2},
    {.bitmap_index = 19133, .adv_w = 192, .box_w = 11, .box_h = 11, .ofs_x = 0, .ofs_y = -2},
    {.bitmap_index = 19149, .adv_w = 192, .box_w = 11, .box_h = 11, .ofs_x = 0, .ofs_y = -2},
    {.bitmap_index = 19165, .adv_w = 192, .box_w = 11, .box_h = 11, .ofs_x = 0, .ofs_y = -2},
    {.bitmap_index = 19181, .adv_w = 192, .box_w = 11, .box_h = 11, .ofs_x = 0, .ofs_y = -2},
    {.bitmap_index = 19197, .adv_w = 192, .box_w = 11, .box_h = 11, .ofs_x = 0, .ofs_y = -2},
    {.bitmap_index = 19213, .adv_w = 192, .box_w = 11, .box_h = 11, .ofs_x = 0, .ofs_y = -2},
    {.bitmap_index = 19229, .adv_w = 192, .box_w = 11, .box_h = 11, .ofs_x = 0, .ofs_y = -2},
    {.bitmap_index = 19245, .adv_w = 192, .box_w = 11, .box_h = 11, .ofs_x = 0, .ofs_y = -2},
    {.bitmap_index = 19261, .adv_w = 192, .box_w = 11, .box_h = 11, .ofs_x = 0, .ofs_y = -2},
    {.bitmap_index = 19277, .adv_w = 192, .box_w = 11, .box_h = 11, .ofs_x = 0, .ofs_y = -2},
    {.bitmap_index = 19293, .adv_w = 192, .box_w = 11, .box_h = 11, .ofs_x = 0, .ofs_y = -2},
    {.bitmap_index = 19309, .adv_w = 192, .box_w = 11, .box_h = 11, .ofs_x = 0, .ofs_y = -2},
    {.bitmap_index = 19325, .adv_w = 192, .box_w = 11, .box_h = 11, .ofs_x = 0, .ofs_y = -2},
    {.bitmap_index = 19341, .adv_w = 192, .box_w = 11, .box_h = 11, .ofs_x = 0, .ofs_y = -2},
    {.bitmap_index = 19357, .adv_w = 192, .box_w = 11, .box_h = 11, .ofs_x = 0, .ofs_y = -2},
    {.bitmap_index = 19373, .adv_w = 192, .box_w = 11, .box_h = 11, .ofs_x = 0, .ofs_y = -2},
    {.bitmap_index = 19389, .adv_w = 192, .box_w = 11, .box_h = 11, .ofs_x = 0, .ofs_y = -2},
    {.bitmap_index = 19405, .adv_w = 192, .box_w = 11, .box_h = 11, .ofs_x = 0, .ofs_y = -2},
    {.bitmap_index = 19421, .adv_w = 192, .box_w = 11, .box_h = 11, .ofs_x = 0, .ofs_y = -2},
    {.bitmap_index = 19437, .adv_w = 192, .box_w = 11, .box_h = 11, .ofs_x = 0, .ofs_y = -2},
    {.bitmap_index = 19453, .adv_w = 192, .box_w = 11, .box_h = 11, .ofs_x = 0, .ofs_y = -2},
    {.bitmap_index = 19469, .adv_w = 192, .box_w = 11, .box_h = 11, .ofs_x = 0, .ofs_y = -2},
    {.bitmap_index = 19485, .adv_w = 192, .box_w = 11, .box_h = 11, .ofs_x = 0, .ofs_y = -2},
    {.bitmap_index = 19501, .adv_w = 192, .box_w = 11, .box_h = 11, .ofs_x = 0, .ofs_y = -2},
    {.bitmap_index = 19517, .adv_w = 192, .box_w = 11, .box_h = 11, .ofs_x = 0, .ofs_y = -2},
    {.bitmap_index = 19533, .adv_w = 192, .box_w = 11, .box_h = 11, .ofs_x = 0, .ofs_y = -2},
    {.bitmap_index = 19549, .adv_w = 192, .box_w = 11, .box_h = 11, .ofs_x = 0, .ofs_y = -2},
    {.bitmap_index = 19565, .adv_w = 192, .box_w = 11, .box_h = 11, .ofs_x = 0, .ofs_y = -2},
    {.bitmap_index = 19581, .adv_w = 192, .box_w = 11, .box_h = 11, .ofs_x = 0, .ofs_y = -2},
    {.bitmap_index = 19597, .adv_w = 192, .box_w = 11, .box_h = 11, .ofs_x = 0, .ofs_y = -2},
    {.bitmap_index = 19613, .adv_w = 192, .box_w = 11, .box_h = 11, .ofs_x = 0, .ofs_y = -2},
    {.bitmap_index = 19629, .adv_w = 192, .box_w = 11, .box_h = 11, .ofs_x = 0, .ofs_y = -2},
    {.bitmap_index = 19645, .adv_w = 192, .box_w = 11, .box_h = 11, .ofs_x = 0, .ofs_y = -2},
    {.bitmap_index = 19661, .adv_w = 192, .box_w = 11, .box_h = 11, .ofs_x = 0, .ofs_y = -2},
    {.bitmap_index = 19677, .adv_w = 192, .box_w = 11, .box_h = 11, .ofs_x = 0, .ofs_y = -2},
    {.bitmap_index = 19693, .adv_w = 192, .box_w = 11, .box_h = 11, .ofs_x = 0, .ofs_y = -2},
    {.bitmap_index = 19709, .adv_w = 192, .box_w = 11, .box_h = 11, .ofs_x = 0, .ofs_y = -2},
    {.bitmap_index = 19725, .adv_w = 192, .box_w = 11, .box_h = 11, .ofs_x = 0, .ofs_y = -2},
    {.bitmap_index = 19741, .adv_w = 192, .box_w = 11, .box_h = 11, .ofs_x = 0, .ofs_y = -2},
    {.bitmap_index = 19757, .adv_w = 192, .box_w = 11, .box_h = 11, .ofs_x = 0, .ofs_y = -2},
    {.bitmap_index = 19773, .adv_w = 192, .box_w = 11, .box_h = 11, .ofs_x = 0, .ofs_y = -2},
    {.bitmap_index = 19789, .adv_w = 192, .box_w = 11, .box_h = 11, .ofs_x = 0, .ofs_y = -2},
    {.bitmap_index = 19805, .adv_w = 192, .box_w = 11, .box_h = 11, .ofs_x = 0, .ofs_y = -2},
    {.bitmap_index = 19821, .adv_w = 192, .box_w = 11, .box_h = 11, .ofs_x = 0, .ofs_y = -2},
    {.bitmap_index = 19837, .adv_w = 192, .box_w = 11, .box_h = 11, .ofs_x = 0, .ofs_y = -2},
    {.bitmap_index = 19853, .adv_w = 192, .box_w = 11, .box_h = 11, .ofs_x = 0, .ofs_y = -2},
    {.bitmap_index = 19869, .adv_w = 192, .box_w = 11, .box_h = 11, .ofs_x = 0, .ofs_y = -2},
    {.bitmap_index = 19885, .adv_w = 192, .box_w = 11, .box_h = 11, .ofs_x = 0, .ofs_y = -2},
    {.bitmap_index = 19901, .adv_w = 192, .box_w = 11, .box_h = 11, .ofs_x = 0, .ofs_y = -2},
    {.bitmap_index = 19917, .adv_w = 192, .box_w = 11, .box_h = 11, .ofs_x = 0, .ofs_y = -2},
    {.bitmap_index = 19933, .adv_w = 192, .box_w = 11, .box_h = 11, .ofs_x = 0, .ofs_y = -2},
    {.bitmap_index = 19949, .adv_w = 192, .box_w = 11, .box_h = 11, .ofs_x = 0, .ofs_y = -2},
    {.bitmap_index = 19965, .adv_w = 192, .box_w = 11, .box_h = 11, .ofs_x = 0, .ofs_y = -2},
    {.bitmap_index = 19981, .adv_w = 192, .box_w = 11, .box_h = 11, .ofs_x = 0, .ofs_y = -2},
    {.bitmap_index = 19997, .adv_w = 192, .box_w = 11, .box_h = 11, .ofs_x = 0, .ofs_y = -2},
    {.bitmap_index = 20013, .adv_w = 192, .box_w = 11, .box_h = 11, .ofs_x = 0, .ofs_y = -2},
    {.bitmap_index = 20029, .adv_w = 192, .box_w = 11, .box_h = 11, .ofs_x = 0, .ofs_y = -2},
    {.bitmap_index = 20045, .adv_w = 192, .box_w = 11, .box_h = 11, .ofs_x = 0, .ofs_y = -2},
    {.bitmap_index = 20061, .adv_w = 192, .box_w = 11, .box_h = 11, .ofs_x = 0, .ofs_y = -2},
    {.bitmap_index = 20077, .adv_w = 192, .box_w = 11, .box_h = 11, .ofs_x = 0, .ofs_y = -2},
    {.bitmap_index = 20093, .adv_w = 192, .box_w = 11, .box_h = 11, .ofs_x = 0, .ofs_y = -2},
    {.bitmap_index = 20109, .adv_w = 192, .box_w = 11, .box_h = 11, .ofs_x = 0, .ofs_y = -2},
    {.bitmap_index = 20125, .adv_w = 192, .box_w = 11, .box_h = 11, .ofs_x = 0, .ofs_y = -2},
    {.bitmap_index = 20141, .adv_w = 192, .box_w = 11, .box_h = 11, .ofs_x = 0, .ofs_y = -2},
    {.bitmap_index = 20157, .adv_w = 192, .box_w = 11, .box_h = 11, .ofs_x = 0, .ofs_y = -2},
    {.bitmap_index = 20173, .adv_w = 192, .box_w = 11, .box_h = 11, .ofs_x = 0, .ofs_y = -2},
    {.bitmap_index = 20189, .adv_w = 192, .box_w = 11, .box_h = 11, .ofs_x = 0, .ofs_y = -2},
    {.bitmap_index = 20205, .adv_w = 192, .box_w = 11, .box_h = 11, .ofs_x = 0, .ofs_y = -2},
    {.bitmap_index = 20221, .adv_w = 192, .box_w = 11, .box_h = 11, .ofs_x = 0, .ofs_y = -2},
    {.bitmap_index = 20237, .adv_w = 192, .box_w = 11, .box_h = 11, .ofs_x = 0, .ofs_y = -2},
    {.bitmap_index = 20253, .adv_w = 192, .box_w = 11, .box_h = 11, .ofs_x = 0, .ofs_y = -2},
    {.bitmap_index = 20269, .adv_w = 192, .box_w = 11, .box_h = 11, .ofs_x = 0, .ofs_y = -2},
    {.bitmap_index = 20285, .adv_w = 192, .box_w = 11, .box_h = 11, .ofs_x = 0, .ofs_y = -2},
    {.bitmap_index = 20301, .adv_w = 192, .box_w = 11, .box_h = 11, .ofs_x = 0, .ofs_y = -2},
    {.bitmap_index = 20317, .adv_w = 192, .box_w = 11, .box_h = 11, .ofs_x = 0, .ofs_y = -2},
    {.bitmap_index = 20333, .adv_w = 192, .box_w = 11, .box_h = 11, .ofs_x = 0, .ofs_y = -2},
    {.bitmap_index = 20349, .adv_w = 192, .box_w = 11, .box_h = 11, .ofs_x = 0, .ofs_y = -2},
    {.bitmap_index = 20365, .adv_w = 192, .box_w = 11, .box_h = 11, .ofs_x = 0, .ofs_y = -2},
    {.bitmap_index = 20381, .adv_w = 192, .box_w = 11, .box_h = 11, .ofs_x = 0, .ofs_y = -2},
    {.bitmap_index = 20397, .adv_w = 192, .box_w = 11, .box_h = 11, .ofs_x = 0, .ofs_y = -2},
    {.bitmap_index = 20413, .adv_w = 192, .box_w = 11, .box_h = 11, .ofs_x = 0, .ofs_y = -2},
    {.bitmap_index = 20429, .adv_w = 192, .box_w = 11, .box_h = 11, .ofs_x = 0, .ofs_y = -2},
    {.bitmap_index = 20445, .adv_w = 192, .box_w = 11, .box_h = 11, .ofs_x = 0, .ofs_y = -2},
    {.bitmap_index = 20461, .adv_w = 192, .box_w = 11, .box_h = 11, .ofs_x = 0, .ofs_y = -2},
    {.bitmap_index = 20477, .adv_w = 192, .box_w = 11, .box_h = 11, .ofs_x = 0, .ofs_y = -2},
    {.bitmap_index = 20493, .adv_w = 192, .box_w = 11, .box_h = 11, .ofs_x = 0, .ofs_y = -2},
    {.bitmap_index = 20509, .adv_w = 192, .box_w = 11, .box_h = 11, .ofs_x = 0, .ofs_y = -2},
    {.bitmap_index = 20525, .adv_w = 192, .box_w = 11, .box_h = 11, .ofs_x = 0, .ofs_y = -2},
    {.bitmap_index = 20541, .adv_w = 192, .box_w = 11, .box_h = 11, .ofs_x = 0, .ofs_y = -2},
    {.bitmap_index = 20557, .adv_w = 192, .box_w = 11, .box_h = 11, .ofs_x = 0, .ofs_y = -2},
    {.bitmap_index = 20573, .adv_w = 192, .box_w = 11, .box_h = 11, .ofs_x = 0, .ofs_y = -2},
    {.bitmap_index = 20589, .adv_w = 192, .box_w = 11, .box_h = 11, .ofs_x = 0, .ofs_y = -2},
    {.bitmap_index = 20605, .adv_w = 192, .box_w = 11, .box_h = 11, .ofs_x = 0, .ofs_y = -2},
    {.bitmap_index = 20621, .adv_w = 192, .box_w = 11, .box_h = 11, .ofs_x = 0, .ofs_y = -2},
    {.bitmap_index = 20637, .adv_w = 192, .box_w = 11, .box_h = 11, .ofs_x = 0, .ofs_y = -2},
    {.bitmap_index = 20653, .adv_w = 192, .box_w = 11, .box_h = 11, .ofs_x = 0, .ofs_y = -2},
    {.bitmap_index = 20669, .adv_w = 192, .box_w = 11, .box_h = 11, .ofs_x = 0, .ofs_y = -2},
    {.bitmap_index = 20685, .adv_w = 192, .box_w = 11, .box_h = 11, .ofs_x = 0, .ofs_y = -2},
    {.bitmap_index = 20701, .adv_w = 192, .box_w = 11, .box_h = 11, .ofs_x = 0, .ofs_y = -2},
    {.bitmap_index = 20717, .adv_w = 192, .box_w = 11, .box_h = 11, .ofs_x = 0, .ofs_y = -2},
    {.bitmap_index = 20733, .adv_w = 192, .box_w = 11, .box_h = 11, .ofs_x = 0, .ofs_y = -2},
    {.bitmap_index = 20749, .adv_w = 192, .box_w = 11, .box_h = 11, .ofs_x = 0, .ofs_y = -2},
    {.bitmap_index = 20765, .adv_w = 192, .box_w = 11, .box_h = 11, .ofs_x = 0, .ofs_y = -2},
    {.bitmap_index = 20781, .adv_w = 192, .box_w = 11, .box_h = 11, .ofs_x = 0, .ofs_y = -2},
    {.bitmap_index = 20797, .adv_w = 192, .box_w = 11, .box_h = 11, .ofs_x = 0, .ofs_y = -2},
    {.bitmap_index = 20813, .adv_w = 192, .box_w = 11, .box_h = 11, .ofs_x = 0, .ofs_y = -2},
    {.bitmap_index = 20829, .adv_w = 192, .box_w = 11, .box_h = 11, .ofs_x = 0, .ofs_y = -2},
    {.bitmap_index = 20845, .adv_w = 192, .box_w = 11, .box_h = 11, .ofs_x = 0, .ofs_y = -2},
    {.bitmap_index = 20861, .adv_w = 192, .box_w = 11, .box_h = 11, .ofs_x = 0, .ofs_y = -2},
    {.bitmap_index = 20877, .adv_w = 192, .box_w = 11, .box_h = 11, .ofs_x = 0, .ofs_y = -2},
    {.bitmap_index = 20893, .adv_w = 192, .box_w = 11, .box_h = 11, .ofs_x = 0, .ofs_y = -2},
    {.bitmap_index = 20909, .adv_w = 192, .box_w = 11, .box_h = 11, .ofs_x = 0, .ofs_y = -2},
    {.bitmap_index = 20925, .adv_w = 192, .box_w = 11, .box_h = 11, .ofs_x = 0, .ofs_y = -2},
    {.bitmap_index = 20941, .adv_w = 192, .box_w = 11, .box_h = 11, .ofs_x = 0, .ofs_y = -2},
    {.bitmap_index = 20957, .adv_w = 192, .box_w = 11, .box_h = 11, .ofs_x = 0, .ofs_y = -2},
    {.bitmap_index = 20973, .adv_w = 192, .box_w = 11, .box_h = 11, .ofs_x = 0, .ofs_y = -2},
    {.bitmap_index = 20989, .adv_w = 192, .box_w = 11, .box_h = 11, .ofs_x = 0, .ofs_y = -2},
    {.bitmap_index = 21005, .adv_w = 192, .box_w = 11, .box_h = 11, .ofs_x = 0, .ofs_y = -2},
    {.bitmap_index = 21021, .adv_w = 192, .box_w = 11, .box_h = 11, .ofs_x = 0, .ofs_y = -2},
    {.bitmap_index = 21037, .adv_w = 192, .box_w = 11, .box_h = 11, .ofs_x = 0, .ofs_y = -2},
    {.bitmap_index = 21053, .adv_w = 192, .box_w = 11, .box_h = 11, .ofs_x = 0, .ofs_y = -2},
    {.bitmap_index = 21069, .adv_w = 192, .box_w = 11, .box_h = 11, .ofs_x = 0, .ofs_y = -2},
    {.bitmap_index = 21085, .adv_w = 192, .box_w = 11, .box_h = 11, .ofs_x = 0, .ofs_y = -2},
    {.bitmap_index = 21101, .adv_w = 192, .box_w = 11, .box_h = 11, .ofs_x = 0, .ofs_y = -2},
    {.bitmap_index = 21117, .adv_w = 192, .box_w = 11, .box_h = 11, .ofs_x = 0, .ofs_y = -2},
    {.bitmap_index = 21133, .adv_w = 192, .box_w = 11, .box_h = 11, .ofs_x = 0, .ofs_y = -2},
    {.bitmap_index = 21149, .adv_w = 192, .box_w = 11, .box_h = 11, .ofs_x = 0, .ofs_y = -2},
    {.bitmap_index = 21165, .adv_w = 192, .box_w = 11, .box_h = 11, .ofs_x = 0, .ofs_y = -2},
    {.bitmap_index = 21181, .adv_w = 192, .box_w = 11, .box_h = 11, .ofs_x = 0, .ofs_y = -2},
    {.bitmap_index = 21197, .adv_w = 192, .box_w = 11, .box_h = 11, .ofs_x = 0, .ofs_y = -2},
    {.bitmap_index = 21213, .adv_w = 192, .box_w = 11, .box_h = 11, .ofs_x = 0, .ofs_y = -2},
    {.bitmap_index = 21229, .adv_w = 192, .box_w = 11, .box_h = 11, .ofs_x = 0, .ofs_y = -2},
    {.bitmap_index = 21245, .adv_w = 192, .box_w = 11, .box_h = 11, .ofs_x = 0, .ofs_y = -2},
    {.bitmap_index = 21261, .adv_w = 192, .box_w = 11, .box_h = 11, .ofs_x = 0, .ofs_y = -2},
    {.bitmap_index = 21277, .adv_w = 192, .box_w = 11, .box_h = 11, .ofs_x = 0, .ofs_y = -2},
    {.bitmap_index = 21293, .adv_w = 192, .box_w = 11, .box_h = 11, .ofs_x = 0, .ofs_y = -2},
    {.bitmap_index = 21309, .adv_w = 192, .box_w = 11, .box_h = 11, .ofs_x = 0, .ofs_y = -2},
    {.bitmap_index = 21325, .adv_w = 192, .box_w = 11, .box_h = 11, .ofs_x = 0, .ofs_y = -2},
    {.bitmap_index = 21341, .adv_w = 192, .box_w = 11, .box_h = 11, .ofs_x = 0, .ofs_y = -2},
    {.bitmap_index = 21357, .adv_w = 192, .box_w = 11, .box_h = 11, .ofs_x = 0, .ofs_y = -2},
    {.bitmap_index = 21373, .adv_w = 192, .box_w = 11, .box_h = 11, .ofs_x = 0, .ofs_y = -2},
    {.bitmap_index = 21389, .adv_w = 192, .box_w = 11, .box_h = 11, .ofs_x = 0, .ofs_y = -2},
    {.bitmap_index = 21405, .adv_w = 192, .box_w = 11, .box_h = 11, .ofs_x = 0, .ofs_y = -2},
    {.bitmap_index = 21421, .adv_w = 192, .box_w = 11, .box_h = 11, .ofs_x = 0, .ofs_y = -2},
    {.bitmap_index = 21437, .adv_w = 192, .box_w = 11, .box_h = 11, .ofs_x = 0, .ofs_y = -2},
    {.bitmap_index = 21453, .adv_w = 192, .box_w = 11, .box_h = 11, .ofs_x = 0, .ofs_y = -2},
    {.bitmap_index = 21469, .adv_w = 192, .box_w = 11, .box_h = 11, .ofs_x = 0, .ofs_y = -2},
    {.bitmap_index = 21485, .adv_w = 192, .box_w = 11, .box_h = 11, .ofs_x = 0, .ofs_y = -2},
    {.bitmap_index = 21501, .adv_w = 192, .box_w = 11, .box_h = 11, .ofs_x = 0, .ofs_y = -2},
    {.bitmap_index = 21517, .adv_w = 192, .box_w = 11, .box_h = 11, .ofs_x = 0, .ofs_y = -2},
    {.bitmap_index = 21533, .adv_w = 192, .box_w = 11, .box_h = 11, .ofs_x = 0, .ofs_y = -2},
    {.bitmap_index = 21549, .adv_w = 192, .box_w = 11, .box_h = 11, .ofs_x = 0, .ofs_y = -2},
    {.bitmap_index = 21565, .adv_w = 192, .box_w = 11, .box_h = 11, .ofs_x = 0, .ofs_y = -2},
    {.bitmap_index = 21581, .adv_w = 192, .box_w = 11, .box_h = 11, .ofs_x = 0, .ofs_y = -2},
    {.bitmap_index = 21597, .adv_w = 192, .box_w = 11, .box_h = 11, .ofs_x = 0, .ofs_y = -2},
    {.bitmap_index = 21613, .adv_w = 192, .box_w = 11, .box_h = 11, .ofs_x = 0, .ofs_y = -2},
    {.bitmap_index = 21629, .adv_w = 192, .box_w = 11, .box_h = 11, .ofs_x = 0, .ofs_y = -2},
    {.bitmap_index = 21645, .adv_w = 192, .box_w = 11, .box_h = 11, .ofs_x = 0, .ofs_y = -2},
    {.bitmap_index = 21661, .adv_w = 192, .box_w = 11, .box_h = 11, .ofs_x = 0, .ofs_y = -2},
    {.bitmap_index = 21677, .adv_w = 192, .box_w = 11, .box_h = 11, .ofs_x = 0, .ofs_y = -2},
    {.bitmap_index = 21693, .adv_w = 192, .box_w = 11, .box_h = 11, .ofs_x = 0, .ofs_y = -2},
    {.bitmap_index = 21709, .adv_w = 192, .box_w = 11, .box_h = 11, .ofs_x = 0, .ofs_y = -2},
    {.bitmap_index = 21725, .adv_w = 192, .box_w = 11, .box_h = 11, .ofs_x = 0, .ofs_y = -2},
    {.bitmap_index = 21741, .adv_w = 192, .box_w = 11, .box_h = 11, .ofs_x = 0, .ofs_y = -2},
    {.bitmap_index = 21757, .adv_w = 192, .box_w = 11, .box_h = 11, .ofs_x = 0, .ofs_y = -2},
    {.bitmap_index = 21773, .adv_w = 192, .box_w = 11, .box_h = 11, .ofs_x = 0, .ofs_y = -2},
    {.bitmap_index = 21789, .adv_w = 192, .box_w = 11, .box_h = 11, .ofs_x = 0, .ofs_y = -2},
    {.bitmap_index = 21805, .adv_w = 192, .box_w = 11, .box_h = 11, .ofs_x = 0, .ofs_y = -2},
    {.bitmap_index = 21821, .adv_w = 192, .box_w = 11, .box_h = 11, .ofs_x = 0, .ofs_y = -2},
    {.bitmap_index = 21837, .adv_w = 192, .box_w = 11, .box_h = 11, .ofs_x = 0, .ofs_y = -2},
    {.bitmap_index = 21853, .adv_w = 192, .box_w = 11, .box_h = 11, .ofs_x = 0, .ofs_y = -2},
    {.bitmap_index = 21869, .adv_w = 192, .box_w = 11, .box_h = 11, .ofs_x = 0, .ofs_y = -2},
    {.bitmap_index = 21885, .adv_w = 192, .box_w = 11, .box_h = 11, .ofs_x = 0, .ofs_y = -2},
    {.bitmap_index = 21901, .adv_w = 192, .box_w = 11, .box_h = 11, .ofs_x = 0, .ofs_y = -2},
    {.bitmap_index = 21917, .adv_w = 192, .box_w = 11, .box_h = 11, .ofs_x = 0, .ofs_y = -2},
    {.bitmap_index = 21933, .adv_w = 192, .box_w = 11, .box_h = 11, .ofs_x = 0, .ofs_y = -2},
    {.bitmap_index = 21949, .adv_w = 192, .box_w = 11, .box_h = 11, .ofs_x = 0, .ofs_y = -2},
    {.bitmap_index = 21965, .adv_w = 192, .box_w = 11, .box_h = 11, .ofs_x = 0, .ofs_y = -2},
    {.bitmap_index = 21981, .adv_w = 192, .box_w = 11, .box_h = 11, .ofs_x = 0, .ofs_y = -2},
    {.bitmap_index = 21997, .adv_w = 192, .box_w = 11, .box_h = 11, .ofs_x = 0, .ofs_y = -2},
    {.bitmap_index = 22013, .adv_w = 192, .box_w = 11, .box_h = 11, .ofs_x = 0, .ofs_y = -2},
    {.bitmap_index = 22029, .adv_w = 192, .box_w = 11, .box_h = 11, .ofs_x = 0, .ofs_y = -2},
    {.bitmap_index = 22045, .adv_w = 192, .box_w = 11, .box_h = 11, .ofs_x = 0, .ofs_y = -2},
    {.bitmap_index = 22061, .adv_w = 192, .box_w = 11, .box_h = 11, .ofs_x = 0, .ofs_y = -2},
    {.bitmap_index = 22077, .adv_w = 192, .box_w = 11, .box_h = 11, .ofs_x = 0, .ofs_y = -2},
    {.bitmap_index = 22093, .adv_w = 192, .box_w = 11, .box_h = 11, .ofs_x = 0, .ofs_y = -2},
    {.bitmap_index = 22109, .adv_w = 192, .box_w = 11, .box_h = 11, .ofs_x = 0, .ofs_y = -2},
    {.bitmap_index = 22125, .adv_w = 192, .box_w = 11, .box_h = 11, .ofs_x = 0, .ofs_y = -2},
    {.bitmap_index = 22141, .adv_w = 192, .box_w = 11, .box_h = 11, .ofs_x = 0, .ofs_y = -2},
    {.bitmap_index = 22157, .adv_w = 192, .box_w = 11, .box_h = 11, .ofs_x = 0, .ofs_y = -2},
    {.bitmap_index = 22173, .adv_w = 192, .box_w = 11, .box_h = 11, .ofs_x = 0, .ofs_y = -2},
    {.bitmap_index = 22189, .adv_w = 192, .box_w = 11, .box_h = 11, .ofs_x = 0, .ofs_y = -2},
    {.bitmap_index = 22205, .adv_w = 192, .box_w = 11, .box_h = 11, .ofs_x = 0, .ofs_y = -2},
    {.bitmap_index = 22221, .adv_w = 192, .box_w = 11, .box_h = 11, .ofs_x = 0, .ofs_y = -2},
    {.bitmap_index = 22237, .adv_w = 192, .box_w = 11, .box_h = 11, .ofs_x = 0, .ofs_y = -2},
    {.bitmap_index = 22253, .adv_w = 192, .box_w = 11, .box_h = 11, .ofs_x = 0, .ofs_y = -2},
    {.bitmap_index = 22269, .adv_w = 192, .box_w = 11, .box_h = 11, .ofs_x = 0, .ofs_y = -2},
    {.bitmap_index = 22285, .adv_w = 192, .box_w = 11, .box_h = 11, .ofs_x = 0, .ofs_y = -2},
    {.bitmap_index = 22301, .adv_w = 192, .box_w = 11, .box_h = 11, .ofs_x = 0, .ofs_y = -2},
    {.bitmap_index = 22317, .adv_w = 192, .box_w = 11, .box_h = 11, .ofs_x = 0, .ofs_y = -2},
    {.bitmap_index = 22333, .adv_w = 192, .box_w = 11, .box_h = 11, .ofs_x = 0, .ofs_y = -2},
    {.bitmap_index = 22349, .adv_w = 192, .box_w = 11, .box_h = 11, .ofs_x = 0, .ofs_y = -2},
    {.bitmap_index = 22365, .adv_w = 192, .box_w = 11, .box_h = 11, .ofs_x = 0, .ofs_y = -2},
    {.bitmap_index = 22381, .adv_w = 192, .box_w = 11, .box_h = 11, .ofs_x = 0, .ofs_y = -2},
    {.bitmap_index = 22397, .adv_w = 192, .box_w = 11, .box_h = 11, .ofs_x = 0, .ofs_y = -2},
    {.bitmap_index = 22413, .adv_w = 192, .box_w = 11, .box_h = 11, .ofs_x = 0, .ofs_y = -2},
    {.bitmap_index = 22429, .adv_w = 192, .box_w = 11, .box_h = 11, .ofs_x = 0, .ofs_y = -2},
    {.bitmap_index = 22445, .adv_w = 192, .box_w = 11, .box_h = 11, .ofs_x = 0, .ofs_y = -2},
    {.bitmap_index = 22461, .adv_w = 192, .box_w = 11, .box_h = 11, .ofs_x = 0, .ofs_y = -2},
    {.bitmap_index = 22477, .adv_w = 192, .box_w = 11, .box_h = 11, .ofs_x = 0, .ofs_y = -2},
    {.bitmap_index = 22493, .adv_w = 192, .box_w = 11, .box_h = 11, .ofs_x = 0, .ofs_y = -2},
    {.bitmap_index = 22509, .adv_w = 192, .box_w = 11, .box_h = 11, .ofs_x = 0, .ofs_y = -2},
    {.bitmap_index = 22525, .adv_w = 192, .box_w = 11, .box_h = 11, .ofs_x = 0, .ofs_y = -2},
    {.bitmap_index = 22541, .adv_w = 192, .box_w = 11, .box_h = 11, .ofs_x = 0, .ofs_y = -2},
    {.bitmap_index = 22557, .adv_w = 192, .box_w = 11, .box_h = 11, .ofs_x = 0, .ofs_y = -2},
    {.bitmap_index = 22573, .adv_w = 192, .box_w = 11, .box_h = 11, .ofs_x = 0, .ofs_y = -2},
    {.bitmap_index = 22589, .adv_w = 192, .box_w = 11, .box_h = 11, .ofs_x = 0, .ofs_y = -2},
    {.bitmap_index = 22605, .adv_w = 192, .box_w = 11, .box_h = 11, .ofs_x = 0, .ofs_y = -2},
    {.bitmap_index = 22621, .adv_w = 192, .box_w = 11, .box_h = 11, .ofs_x = 0, .ofs_y = -2},
    {.bitmap_index = 22637, .adv_w = 192, .box_w = 11, .box_h = 11, .ofs_x = 0, .ofs_y = -2},
    {.bitmap_index = 22653, .adv_w = 192, .box_w = 11, .box_h = 11, .ofs_x = 0, .ofs_y = -2},
    {.bitmap_index = 22669, .adv_w = 192, .box_w = 11, .box_h = 11, .ofs_x = 0, .ofs_y = -2},
    {.bitmap_index = 22685, .adv_w = 192, .box_w = 11, .box_h = 11, .ofs_x = 0, .ofs_y = -2},
    {.bitmap_index = 22701, .adv_w = 192, .box_w = 11, .box_h = 11, .ofs_x = 0, .ofs_y = -2},
    {.bitmap_index = 22717, .adv_w = 192, .box_w = 11, .box_h = 11, .ofs_x = 0, .ofs_y = -2},
    {.bitmap_index = 22733, .adv_w = 192, .box_w = 11, .box_h = 11, .ofs_x = 0, .ofs_y = -2},
    {.bitmap_index = 22749, .adv_w = 192, .box_w = 11, .box_h = 11, .ofs_x = 0, .ofs_y = -2},
    {.bitmap_index = 22765, .adv_w = 192, .box_w = 11, .box_h = 11, .ofs_x = 0, .ofs_y = -2},
    {.bitmap_index = 22781, .adv_w = 192, .box_w = 11, .box_h = 11, .ofs_x = 0, .ofs_y = -2},
    {.bitmap_index = 22797, .adv_w = 192, .box_w = 11, .box_h = 11, .ofs_x = 0, .ofs_y = -2},
    {.bitmap_index = 22813, .adv_w = 192, .box_w = 11, .box_h = 11, .ofs_x = 0, .ofs_y = -2},
    {.bitmap_index = 22829, .adv_w = 192, .box_w = 11, .box_h = 11, .ofs_x = 0, .ofs_y = -2},
    {.bitmap_index = 22845, .adv_w = 192, .box_w = 11, .box_h = 11, .ofs_x = 0, .ofs_y = -2},
    {.bitmap_index = 22861, .adv_w = 192, .box_w = 11, .box_h = 11, .ofs_x = 0, .ofs_y = -2},
    {.bitmap_index = 22877, .adv_w = 192, .box_w = 11, .box_h = 11, .ofs_x = 0, .ofs_y = -2},
    {.bitmap_index = 22893, .adv_w = 192, .box_w = 11, .box_h = 11, .ofs_x = 0, .ofs_y = -2},
    {.bitmap_index = 22909, .adv_w = 192, .box_w = 11, .box_h = 11, .ofs_x = 0, .ofs_y = -2},
    {.bitmap_index = 22925, .adv_w = 192, .box_w = 11, .box_h = 11, .ofs_x = 0, .ofs_y = -2},
    {.bitmap_index = 22941, .adv_w = 192, .box_w = 11, .box_h = 11, .ofs_x = 0, .ofs_y = -2},
    {.bitmap_index = 22957, .adv_w = 192, .box_w = 11, .box_h = 11, .ofs_x = 0, .ofs_y = -2},
    {.bitmap_index = 22973, .adv_w = 192, .box_w = 11, .box_h = 11, .ofs_x = 0, .ofs_y = -2},
    {.bitmap_index = 22989, .adv_w = 192, .box_w = 11, .box_h = 11, .ofs_x = 0, .ofs_y = -2},
    {.bitmap_index = 23005, .adv_w = 192, .box_w = 11, .box_h = 11, .ofs_x = 0, .ofs_y = -2},
    {.bitmap_index = 23021, .adv_w = 192, .box_w = 11, .box_h = 11, .ofs_x = 0, .ofs_y = -2},
    {.bitmap_index = 23037, .adv_w = 192, .box_w = 11, .box_h = 11, .ofs_x = 0, .ofs_y = -2},
    {.bitmap_index = 23053, .adv_w = 192, .box_w = 11, .box_h = 11, .ofs_x = 0, .ofs_y = -2},
    {.bitmap_index = 23069, .adv_w = 192, .box_w = 11, .box_h = 11, .ofs_x = 0, .ofs_y = -2},
    {.bitmap_index = 23085, .adv_w = 192, .box_w = 11, .box_h = 11, .ofs_x = 0, .ofs_y = -2},
    {.bitmap_index = 23101, .adv_w = 192, .box_w = 11, .box_h = 11, .ofs_x = 0, .ofs_y = -2},
    {.bitmap_index = 23117, .adv_w = 192, .box_w = 11, .box_h = 11, .ofs_x = 0, .ofs_y = -2},
    {.bitmap_index = 23133, .adv_w = 192, .box_w = 11, .box_h = 11, .ofs_x = 0, .ofs_y = -2},
    {.bitmap_index = 23149, .adv_w = 192, .box_w = 11, .box_h = 11, .ofs_x = 0, .ofs_y = -2},
    {.bitmap_index = 23165, .adv_w = 192, .box_w = 11, .box_h = 11, .ofs_x = 0, .ofs_y = -2},
    {.bitmap_index = 23181, .adv_w = 192, .box_w = 11, .box_h = 11, .ofs_x = 0, .ofs_y = -2},
    {.bitmap_index = 23197, .adv_w = 192, .box_w = 11, .box_h = 11, .ofs_x = 0, .ofs_y = -2},
    {.bitmap_index = 23213, .adv_w = 192, .box_w = 11, .box_h = 11, .ofs_x = 0, .ofs_y = -2},
    {.bitmap_index = 23229, .adv_w = 192, .box_w = 11, .box_h = 11, .ofs_x = 0, .ofs_y = -2},
    {.bitmap_index = 23245, .adv_w = 192, .box_w = 11, .box_h = 11, .ofs_x = 0, .ofs_y = -2},
    {.bitmap_index = 23261, .adv_w = 192, .box_w = 11, .box_h = 11, .ofs_x = 0, .ofs_y = -2},
    {.bitmap_index = 23277, .adv_w = 192, .box_w = 11, .box_h = 11, .ofs_x = 0, .ofs_y = -2},
    {.bitmap_index = 23293, .adv_w = 192, .box_w = 11, .box_h = 11, .ofs_x = 0, .ofs_y = -2},
    {.bitmap_index = 23309, .adv_w = 192, .box_w = 11, .box_h = 11, .ofs_x = 0, .ofs_y = -2},
    {.bitmap_index = 23325, .adv_w = 192, .box_w = 11, .box_h = 11, .ofs_x = 0, .ofs_y = -2},
    {.bitmap_index = 23341, .adv_w = 192, .box_w = 11, .box_h = 11, .ofs_x = 0, .ofs_y = -2},
    {.bitmap_index = 23357, .adv_w = 192, .box_w = 11, .box_h = 11, .ofs_x = 0, .ofs_y = -2},
    {.bitmap_index = 23373, .adv_w = 192, .box_w = 11, .box_h = 11, .ofs_x = 0, .ofs_y = -2},
    {.bitmap_index = 23389, .adv_w = 192, .box_w = 11, .box_h = 11, .ofs_x = 0, .ofs_y = -2},
    {.bitmap_index = 23405, .adv_w = 192, .box_w = 11, .box_h = 11, .ofs_x = 0, .ofs_y = -2},
    {.bitmap_index = 23421, .adv_w = 192, .box_w = 11, .box_h = 11, .ofs_x = 0, .ofs_y = -2},
    {.bitmap_index = 23437, .adv_w = 192, .box_w = 11, .box_h = 11, .ofs_x = 0, .ofs_y = -2},
    {.bitmap_index = 23453, .adv_w = 192, .box_w = 11, .box_h = 11, .ofs_x = 0, .ofs_y = -2},
    {.bitmap_index = 23469, .adv_w = 192, .box_w = 11, .box_h = 11, .ofs_x = 0, .ofs_y = -2},
    {.bitmap_index = 23485, .adv_w = 192, .box_w = 11, .box_h = 11, .ofs_x = 0, .ofs_y = -2},
    {.bitmap_index = 23501, .adv_w = 192, .box_w = 11, .box_h = 11, .ofs_x = 0, .ofs_y = -2},
    {.bitmap_index = 23517, .adv_w = 192, .box_w = 11, .box_h = 11, .ofs_x = 0, .ofs_y = -2},
    {.bitmap_index = 23533, .adv_w = 192, .box_w = 11, .box_h = 11, .ofs_x = 0, .ofs_y = -2},
    {.bitmap_index = 23549, .adv_w = 192, .box_w = 11, .box_h = 11, .ofs_x = 0, .ofs_y = -2},
    {.bitmap_index = 23565, .adv_w = 192, .box_w = 11, .box_h = 11, .ofs_x = 0, .ofs_y = -2},
    {.bitmap_index = 23581, .adv_w = 192, .box_w = 11, .box_h = 11, .ofs_x = 0, .ofs_y = -2},
    {.bitmap_index = 23597, .adv_w = 192, .box_w = 11, .box_h = 11, .ofs_x = 0, .ofs_y = -2},
    {.bitmap_index = 23613, .adv_w = 192, .box_w = 11, .box_h = 11, .ofs_x = 0, .ofs_y = -2},
    {.bitmap_index = 23629, .adv_w = 192, .box_w = 11, .box_h = 11, .ofs_x = 0, .ofs_y = -2},
    {.bitmap_index = 23645, .adv_w = 192, .box_w = 11, .box_h = 11, .ofs_x = 0, .ofs_y = -2},
    {.bitmap_index = 23661, .adv_w = 192, .box_w = 11, .box_h = 11, .ofs_x = 0, .ofs_y = -2},
    {.bitmap_index = 23677, .adv_w = 192, .box_w = 11, .box_h = 11, .ofs_x = 0, .ofs_y = -2},
    {.bitmap_index = 23693, .adv_w = 192, .box_w = 11, .box_h = 11, .ofs_x = 0, .ofs_y = -2},
    {.bitmap_index = 23709, .adv_w = 192, .box_w = 11, .box_h = 11, .ofs_x = 0, .ofs_y = -2},
    {.bitmap_index = 23725, .adv_w = 192, .box_w = 11, .box_h = 11, .ofs_x = 0, .ofs_y = -2},
    {.bitmap_index = 23741, .adv_w = 192, .box_w = 11, .box_h = 11, .ofs_x = 0, .ofs_y = -2},
    {.bitmap_index = 23757, .adv_w = 192, .box_w = 11, .box_h = 11, .ofs_x = 0, .ofs_y = -2},
    {.bitmap_index = 23773, .adv_w = 192, .box_w = 11, .box_h = 11, .ofs_x = 0, .ofs_y = -2},
    {.bitmap_index = 23789, .adv_w = 192, .box_w = 11, .box_h = 11, .ofs_x = 0, .ofs_y = -2},
    {.bitmap_index = 23805, .adv_w = 192, .box_w = 11, .box_h = 11, .ofs_x = 0, .ofs_y = -2},
    {.bitmap_index = 23821, .adv_w = 192, .box_w = 11, .box_h = 11, .ofs_x = 0, .ofs_y = -2},
    {.bitmap_index = 23837, .adv_w = 192, .box_w = 11, .box_h = 11, .ofs_x = 0, .ofs_y = -2},
    {.bitmap_index = 23853, .adv_w = 192, .box_w = 11, .box_h = 11, .ofs_x = 0, .ofs_y = -2},
    {.bitmap_index = 23869, .adv_w = 192, .box_w = 11, .box_h = 11, .ofs_x = 0, .ofs_y = -2},
    {.bitmap_index = 23885, .adv_w = 192, .box_w = 11, .box_h = 11, .ofs_x = 0, .ofs_y = -2},
    {.bitmap_index = 23901, .adv_w = 192, .box_w = 11, .box_h = 11, .ofs_x = 0, .ofs_y = -2},
    {.bitmap_index = 23917, .adv_w = 192, .box_w = 11, .box_h = 11, .ofs_x = 0, .ofs_y = -2},
    {.bitmap_index = 23933, .adv_w = 192, .box_w = 11, .box_h = 11, .ofs_x = 0, .ofs_y = -2},
    {.bitmap_index = 23949, .adv_w = 192, .box_w = 11, .box_h = 11, .ofs_x = 0, .ofs_y = -2},
    {.bitmap_index = 23965, .adv_w = 192, .box_w = 11, .box_h = 11, .ofs_x = 0, .ofs_y = -2},
    {.bitmap_index = 23981, .adv_w = 192, .box_w = 11, .box_h = 11, .ofs_x = 0, .ofs_y = -2},
    {.bitmap_index = 23997, .adv_w = 192, .box_w = 11, .box_h = 11, .ofs_x = 0, .ofs_y = -2},
    {.bitmap_index = 24013, .adv_w = 192, .box_w = 11, .box_h = 11, .ofs_x = 0, .ofs_y = -2},
    {.bitmap_index = 24029, .adv_w = 192, .box_w = 11, .box_h = 11, .ofs_x = 0, .ofs_y = -2},
    {.bitmap_index = 24045, .adv_w = 192, .box_w = 11, .box_h = 11, .ofs_x = 0, .ofs_y = -2},
    {.bitmap_index = 24061, .adv_w = 192, .box_w = 11, .box_h = 11, .ofs_x = 0, .ofs_y = -2},
    {.bitmap_index = 24077, .adv_w = 192, .box_w = 11, .box_h = 11, .ofs_x = 0, .ofs_y = -2},
    {.bitmap_index = 24093, .adv_w = 192, .box_w = 11, .box_h = 11, .ofs_x = 0, .ofs_y = -2},
    {.bitmap_index = 24109, .adv_w = 192, .box_w = 11, .box_h = 11, .ofs_x = 0, .ofs_y = -2},
    {.bitmap_index = 24125, .adv_w = 192, .box_w = 11, .box_h = 11, .ofs_x = 0, .ofs_y = -2},
    {.bitmap_index = 24141, .adv_w = 192, .box_w = 11, .box_h = 11, .ofs_x = 0, .ofs_y = -2},
    {.bitmap_index = 24157, .adv_w = 192, .box_w = 11, .box_h = 11, .ofs_x = 0, .ofs_y = -2},
    {.bitmap_index = 24173, .adv_w = 192, .box_w = 11, .box_h = 11, .ofs_x = 0, .ofs_y = -2},
    {.bitmap_index = 24189, .adv_w = 192, .box_w = 11, .box_h = 11, .ofs_x = 0, .ofs_y = -2},
    {.bitmap_index = 24205, .adv_w = 192, .box_w = 11, .box_h = 11, .ofs_x = 0, .ofs_y = -2},
    {.bitmap_index = 24221, .adv_w = 192, .box_w = 11, .box_h = 11, .ofs_x = 0, .ofs_y = -2},
    {.bitmap_index = 24237, .adv_w = 192, .box_w = 11, .box_h = 11, .ofs_x = 0, .ofs_y = -2},
    {.bitmap_index = 24253, .adv_w = 192, .box_w = 11, .box_h = 11, .ofs_x = 0, .ofs_y = -2},
    {.bitmap_index = 24269, .adv_w = 192, .box_w = 11, .box_h = 11, .ofs_x = 0, .ofs_y = -2},
    {.bitmap_index = 24285, .adv_w = 192, .box_w = 11, .box_h = 11, .ofs_x = 0, .ofs_y = -2},
    {.bitmap_index = 24301, .adv_w = 192, .box_w = 11, .box_h = 11, .ofs_x = 0, .ofs_y = -2},
    {.bitmap_index = 24317, .adv_w = 192, .box_w = 11, .box_h = 11, .ofs_x = 0, .ofs_y = -2},
    {.bitmap_index = 24333, .adv_w = 192, .box_w = 11, .box_h = 11, .ofs_x = 0, .ofs_y = -2},
    {.bitmap_index = 24349, .adv_w = 192, .box_w = 11, .box_h = 11, .ofs_x = 0, .ofs_y = -2},
    {.bitmap_index = 24365, .adv_w = 192, .box_w = 11, .box_h = 11, .ofs_x = 0, .ofs_y = -2},
    {.bitmap_index = 24381, .adv_w = 192, .box_w = 11, .box_h = 11, .ofs_x = 0, .ofs_y = -2},
    {.bitmap_index = 24397, .adv_w = 192, .box_w = 11, .box_h = 11, .ofs_x = 0, .ofs_y = -2},
    {.bitmap_index = 24413, .adv_w = 192, .box_w = 11, .box_h = 11, .ofs_x = 0, .ofs_y = -2},
    {.bitmap_index = 24429, .adv_w = 192, .box_w = 11, .box_h = 11, .ofs_x = 0, .ofs_y = -2},
    {.bitmap_index = 24445, .adv_w = 192, .box_w = 11, .box_h = 11, .ofs_x = 0, .ofs_y = -2},
    {.bitmap_index = 24461, .adv_w = 192, .box_w = 11, .box_h = 11, .ofs_x = 0, .ofs_y = -2},
    {.bitmap_index = 24477, .adv_w = 192, .box_w = 11, .box_h = 11, .ofs_x = 0, .ofs_y = -2},
    {.bitmap_index = 24493, .adv_w = 192, .box_w = 11, .box_h = 11, .ofs_x = 0, .ofs_y = -2},
    {.bitmap_index = 24509, .adv_w = 192, .box_w = 11, .box_h = 11, .ofs_x = 0, .ofs_y = -2},
    {.bitmap_index = 24525, .adv_w = 192, .box_w = 11, .box_h = 11, .ofs_x = 0, .ofs_y = -2},
    {.bitmap_index = 24541, .adv_w = 192, .box_w = 11, .box_h = 11, .ofs_x = 0, .ofs_y = -2},
    {.bitmap_index = 24557, .adv_w = 192, .box_w = 11, .box_h = 11, .ofs_x = 0, .ofs_y = -2},
    {.bitmap_index = 24573, .adv_w = 192, .box_w = 11, .box_h = 11, .ofs_x = 0, .ofs_y = -2},
    {.bitmap_index = 24589, .adv_w = 192, .box_w = 11, .box_h = 11, .ofs_x = 0, .ofs_y = -2},
    {.bitmap_index = 24605, .adv_w = 192, .box_w = 11, .box_h = 11, .ofs_x = 0, .ofs_y = -2},
    {.bitmap_index = 24621, .adv_w = 192, .box_w = 11, .box_h = 11, .ofs_x = 0, .ofs_y = -2},
    {.bitmap_index = 24637, .adv_w = 192, .box_w = 9, .box_h = 11, .ofs_x = 1, .ofs_y = -2},
    {.bitmap_index = 24650, .adv_w = 192, .box_w = 11, .box_h = 11, .ofs_x = 0, .ofs_y = -2},
    {.bitmap_index = 24666, .adv_w = 192, .box_w = 10, .box_h = 11, .ofs_x = 1, .ofs_y = -2},
    {.bitmap_index = 24680, .adv_w = 192, .box_w = 10, .box_h = 11, .ofs_x = 1, .ofs_y = -2},
    {.bitmap_index = 24694, .adv_w = 192, .box_w = 11, .box_h = 11, .ofs_x = 0, .ofs_y = -2},
    {.bitmap_index = 24710, .adv_w = 192, .box_w = 11, .box_h = 11, .ofs_x = 0, .ofs_y = -2},
    {.bitmap_index = 24726, .adv_w = 192, .box_w = 11, .box_h = 11, .ofs_x = 0, .ofs_y = -2},
    {.bitmap_index = 24742, .adv_w = 192, .box_w = 11, .box_h = 11, .ofs_x = 0, .ofs_y = -2},
    {.bitmap_index = 24758, .adv_w = 192, .box_w = 11, .box_h = 11, .ofs_x = 0, .ofs_y = -2},
    {.bitmap_index = 24774, .adv_w = 192, .box_w = 11, .box_h = 11, .ofs_x = 0, .ofs_y = -2},
    {.bitmap_index = 24790, .adv_w = 192, .box_w = 11, .box_h = 11, .ofs_x = 0, .ofs_y = -2},
    {.bitmap_index = 24806, .adv_w = 192, .box_w = 11, .box_h = 11, .ofs_x = 0, .ofs_y = -2},
    {.bitmap_index = 24822, .adv_w = 192, .box_w = 10, .box_h = 11, .ofs_x = 1, .ofs_y = -2},
    {.bitmap_index = 24836, .adv_w = 192, .box_w = 11, .box_h = 11, .ofs_x = 0, .ofs_y = -2},
    {.bitmap_index = 24852, .adv_w = 192, .box_w = 11, .box_h = 11, .ofs_x = 0, .ofs_y = -2},
    {.bitmap_index = 24868, .adv_w = 192, .box_w = 11, .box_h = 11, .ofs_x = 0, .ofs_y = -2},
    {.bitmap_index = 24884, .adv_w = 192, .box_w = 11, .box_h = 11, .ofs_x = 0, .ofs_y = -2},
    {.bitmap_index = 24900, .adv_w = 192, .box_w = 11, .box_h = 11, .ofs_x = 0, .ofs_y = -2},
    {.bitmap_index = 24916, .adv_w = 192, .box_w = 11, .box_h = 11, .ofs_x = 0, .ofs_y = -2},
    {.bitmap_index = 24932, .adv_w = 192, .box_w = 11, .box_h = 11, .ofs_x = 0, .ofs_y = -2},
    {.bitmap_index = 24948, .adv_w = 192, .box_w = 11, .box_h = 11, .ofs_x = 0, .ofs_y = -2},
    {.bitmap_index = 24964, .adv_w = 192, .box_w = 11, .box_h = 11, .ofs_x = 0, .ofs_y = -2},
    {.bitmap_index = 24980, .adv_w = 192, .box_w = 11, .box_h = 11, .ofs_x = 0, .ofs_y = -2},
    {.bitmap_index = 24996, .adv_w = 192, .box_w = 11, .box_h = 11, .ofs_x = 0, .ofs_y = -2},
    {.bitmap_index = 25012, .adv_w = 192, .box_w = 11, .box_h = 11, .ofs_x = 0, .ofs_y = -2},
    {.bitmap_index = 25028, .adv_w = 192, .box_w = 11, .box_h = 11, .ofs_x = 0, .ofs_y = -2},
    {.bitmap_index = 25044, .adv_w = 192, .box_w = 11, .box_h = 11, .ofs_x = 0, .ofs_y = -2},
    {.bitmap_index = 25060, .adv_w = 192, .box_w = 11, .box_h = 11, .ofs_x = 0, .ofs_y = -2},
    {.bitmap_index = 25076, .adv_w = 192, .box_w = 11, .box_h = 11, .ofs_x = 0, .ofs_y = -2},
    {.bitmap_index = 25092, .adv_w = 192, .box_w = 11, .box_h = 11, .ofs_x = 0, .ofs_y = -2},
    {.bitmap_index = 25108, .adv_w = 192, .box_w = 11, .box_h = 11, .ofs_x = 0, .ofs_y = -2},
    {.bitmap_index = 25124, .adv_w = 192, .box_w = 11, .box_h = 11, .ofs_x = 0, .ofs_y = -2},
    {.bitmap_index = 25140, .adv_w = 192, .box_w = 11, .box_h = 11, .ofs_x = 0, .ofs_y = -2},
    {.bitmap_index = 25156, .adv_w = 192, .box_w = 11, .box_h = 11, .ofs_x = 0, .ofs_y = -2},
    {.bitmap_index = 25172, .adv_w = 192, .box_w = 11, .box_h = 11, .ofs_x = 0, .ofs_y = -2},
    {.bitmap_index = 25188, .adv_w = 192, .box_w = 11, .box_h = 11, .ofs_x = 0, .ofs_y = -2},
    {.bitmap_index = 25204, .adv_w = 192, .box_w = 11, .box_h = 11, .ofs_x = 0, .ofs_y = -2},
    {.bitmap_index = 25220, .adv_w = 192, .box_w = 11, .box_h = 11, .ofs_x = 0, .ofs_y = -2},
    {.bitmap_index = 25236, .adv_w = 192, .box_w = 11, .box_h = 11, .ofs_x = 0, .ofs_y = -2},
    {.bitmap_index = 25252, .adv_w = 192, .box_w = 11, .box_h = 11, .ofs_x = 0, .ofs_y = -2},
    {.bitmap_index = 25268, .adv_w = 192, .box_w = 11, .box_h = 11, .ofs_x = 0, .ofs_y = -2},
    {.bitmap_index = 25284, .adv_w = 192, .box_w = 11, .box_h = 11, .ofs_x = 0, .ofs_y = -2},
    {.bitmap_index = 25300, .adv_w = 192, .box_w = 11, .box_h = 11, .ofs_x = 0, .ofs_y = -2},
    {.bitmap_index = 25316, .adv_w = 192, .box_w = 11, .box_h = 11, .ofs_x = 0, .ofs_y = -2},
    {.bitmap_index = 25332, .adv_w = 192, .box_w = 11, .box_h = 11, .ofs_x = 0, .ofs_y = -2},
    {.bitmap_index = 25348, .adv_w = 192, .box_w = 11, .box_h = 11, .ofs_x = 0, .ofs_y = -2},
    {.bitmap_index = 25364, .adv_w = 192, .box_w = 11, .box_h = 11, .ofs_x = 0, .ofs_y = -2},
    {.bitmap_index = 25380, .adv_w = 192, .box_w = 11, .box_h = 11, .ofs_x = 0, .ofs_y = -2},
    {.bitmap_index = 25396, .adv_w = 192, .box_w = 11, .box_h = 11, .ofs_x = 0, .ofs_y = -2},
    {.bitmap_index = 25412, .adv_w = 192, .box_w = 11, .box_h = 11, .ofs_x = 0, .ofs_y = -2},
    {.bitmap_index = 25428, .adv_w = 192, .box_w = 11, .box_h = 11, .ofs_x = 0, .ofs_y = -2},
    {.bitmap_index = 25444, .adv_w = 192, .box_w = 11, .box_h = 11, .ofs_x = 0, .ofs_y = -2},
    {.bitmap_index = 25460, .adv_w = 192, .box_w = 11, .box_h = 11, .ofs_x = 0, .ofs_y = -2},
    {.bitmap_index = 25476, .adv_w = 192, .box_w = 11, .box_h = 9, .ofs_x = 0, .ofs_y = -1},
    {.bitmap_index = 25489, .adv_w = 192, .box_w = 11, .box_h = 11, .ofs_x = 0, .ofs_y = -2},
    {.bitmap_index = 25505, .adv_w = 192, .box_w = 11, .box_h = 11, .ofs_x = 0, .ofs_y = -2},
    {.bitmap_index = 25521, .adv_w = 192, .box_w = 11, .box_h = 11, .ofs_x = 0, .ofs_y = -2},
    {.bitmap_index = 25537, .adv_w = 192, .box_w = 11, .box_h = 11, .ofs_x = 0, .ofs_y = -2},
    {.bitmap_index = 25553, .adv_w = 192, .box_w = 11, .box_h = 11, .ofs_x = 0, .ofs_y = -2},
    {.bitmap_index = 25569, .adv_w = 192, .box_w = 9, .box_h = 11, .ofs_x = 1, .ofs_y = -2},
    {.bitmap_index = 25582, .adv_w = 192, .box_w = 11, .box_h = 11, .ofs_x = 0, .ofs_y = -2},
    {.bitmap_index = 25598, .adv_w = 192, .box_w = 11, .box_h = 11, .ofs_x = 0, .ofs_y = -2},
    {.bitmap_index = 25614, .adv_w = 192, .box_w = 10, .box_h = 11, .ofs_x = 0, .ofs_y = -2},
    {.bitmap_index = 25628, .adv_w = 192, .box_w = 11, .box_h = 11, .ofs_x = 0, .ofs_y = -2},
    {.bitmap_index = 25644, .adv_w = 192, .box_w = 11, .box_h = 11, .ofs_x = 0, .ofs_y = -2},
    {.bitmap_index = 25660, .adv_w = 192, .box_w = 11, .box_h = 11, .ofs_x = 0, .ofs_y = -2},
    {.bitmap_index = 25676, .adv_w = 192, .box_w = 11, .box_h = 11, .ofs_x = 0, .ofs_y = -2},
    {.bitmap_index = 25692, .adv_w = 192, .box_w = 11, .box_h = 11, .ofs_x = 0, .ofs_y = -2},
    {.bitmap_index = 25708, .adv_w = 192, .box_w = 11, .box_h = 11, .ofs_x = 0, .ofs_y = -2},
    {.bitmap_index = 25724, .adv_w = 192, .box_w = 11, .box_h = 11, .ofs_x = 0, .ofs_y = -2},
    {.bitmap_index = 25740, .adv_w = 192, .box_w = 11, .box_h = 11, .ofs_x = 0, .ofs_y = -2},
    {.bitmap_index = 25756, .adv_w = 192, .box_w = 11, .box_h = 11, .ofs_x = 0, .ofs_y = -2},
    {.bitmap_index = 25772, .adv_w = 192, .box_w = 11, .box_h = 11, .ofs_x = 0, .ofs_y = -2},
    {.bitmap_index = 25788, .adv_w = 192, .box_w = 11, .box_h = 11, .ofs_x = 0, .ofs_y = -2},
    {.bitmap_index = 25804, .adv_w = 192, .box_w = 11, .box_h = 11, .ofs_x = 0, .ofs_y = -2},
    {.bitmap_index = 25820, .adv_w = 192, .box_w = 11, .box_h = 11, .ofs_x = 0, .ofs_y = -2},
    {.bitmap_index = 25836, .adv_w = 192, .box_w = 11, .box_h = 11, .ofs_x = 0, .ofs_y = -2},
    {.bitmap_index = 25852, .adv_w = 192, .box_w = 11, .box_h = 11, .ofs_x = 0, .ofs_y = -2},
    {.bitmap_index = 25868, .adv_w = 192, .box_w = 11, .box_h = 11, .ofs_x = 0, .ofs_y = -2},
    {.bitmap_index = 25884, .adv_w = 192, .box_w = 11, .box_h = 11, .ofs_x = 0, .ofs_y = -2},
    {.bitmap_index = 25900, .adv_w = 192, .box_w = 11, .box_h = 11, .ofs_x = 0, .ofs_y = -2},
    {.bitmap_index = 25916, .adv_w = 192, .box_w = 11, .box_h = 11, .ofs_x = 0, .ofs_y = -2},
    {.bitmap_index = 25932, .adv_w = 192, .box_w = 11, .box_h = 11, .ofs_x = 0, .ofs_y = -2},
    {.bitmap_index = 25948, .adv_w = 192, .box_w = 11, .box_h = 11, .ofs_x = 0, .ofs_y = -2},
    {.bitmap_index = 25964, .adv_w = 192, .box_w = 11, .box_h = 11, .ofs_x = 0, .ofs_y = -2},
    {.bitmap_index = 25980, .adv_w = 192, .box_w = 11, .box_h = 11, .ofs_x = 0, .ofs_y = -2},
    {.bitmap_index = 25996, .adv_w = 192, .box_w = 11, .box_h = 11, .ofs_x = 0, .ofs_y = -2},
    {.bitmap_index = 26012, .adv_w = 192, .box_w = 11, .box_h = 11, .ofs_x = 0, .ofs_y = -2},
    {.bitmap_index = 26028, .adv_w = 192, .box_w = 11, .box_h = 11, .ofs_x = 0, .ofs_y = -2},
    {.bitmap_index = 26044, .adv_w = 192, .box_w = 11, .box_h = 11, .ofs_x = 0, .ofs_y = -2},
    {.bitmap_index = 26060, .adv_w = 192, .box_w = 11, .box_h = 11, .ofs_x = 0, .ofs_y = -2},
    {.bitmap_index = 26076, .adv_w = 192, .box_w = 11, .box_h = 11, .ofs_x = 0, .ofs_y = -2},
    {.bitmap_index = 26092, .adv_w = 192, .box_w = 11, .box_h = 11, .ofs_x = 0, .ofs_y = -2},
    {.bitmap_index = 26108, .adv_w = 192, .box_w = 11, .box_h = 11, .ofs_x = 0, .ofs_y = -2},
    {.bitmap_index = 26124, .adv_w = 192, .box_w = 11, .box_h = 11, .ofs_x = 0, .ofs_y = -2},
    {.bitmap_index = 26140, .adv_w = 192, .box_w = 11, .box_h = 11, .ofs_x = 0, .ofs_y = -2},
    {.bitmap_index = 26156, .adv_w = 192, .box_w = 11, .box_h = 11, .ofs_x = 0, .ofs_y = -2},
    {.bitmap_index = 26172, .adv_w = 192, .box_w = 11, .box_h = 11, .ofs_x = 0, .ofs_y = -2},
    {.bitmap_index = 26188, .adv_w = 192, .box_w = 11, .box_h = 11, .ofs_x = 0, .ofs_y = -2},
    {.bitmap_index = 26204, .adv_w = 192, .box_w = 11, .box_h = 11, .ofs_x = 0, .ofs_y = -2},
    {.bitmap_index = 26220, .adv_w = 192, .box_w = 11, .box_h = 11, .ofs_x = 0, .ofs_y = -2},
    {.bitmap_index = 26236, .adv_w = 192, .box_w = 11, .box_h = 11, .ofs_x = 0, .ofs_y = -2},
    {.bitmap_index = 26252, .adv_w = 192, .box_w = 11, .box_h = 11, .ofs_x = 0, .ofs_y = -2},
    {.bitmap_index = 26268, .adv_w = 192, .box_w = 11, .box_h = 11, .ofs_x = 0, .ofs_y = -2},
    {.bitmap_index = 26284, .adv_w = 192, .box_w = 11, .box_h = 11, .ofs_x = 0, .ofs_y = -2},
    {.bitmap_index = 26300, .adv_w = 192, .box_w = 11, .box_h = 11, .ofs_x = 0, .ofs_y = -2},
    {.bitmap_index = 26316, .adv_w = 192, .box_w = 11, .box_h = 11, .ofs_x = 0, .ofs_y = -2},
    {.bitmap_index = 26332, .adv_w = 192, .box_w = 11, .box_h = 11, .ofs_x = 0, .ofs_y = -2},
    {.bitmap_index = 26348, .adv_w = 192, .box_w = 11, .box_h = 11, .ofs_x = 0, .ofs_y = -2},
    {.bitmap_index = 26364, .adv_w = 192, .box_w = 11, .box_h = 11, .ofs_x = 0, .ofs_y = -2},
    {.bitmap_index = 26380, .adv_w = 192, .box_w = 11, .box_h = 11, .ofs_x = 0, .ofs_y = -2},
    {.bitmap_index = 26396, .adv_w = 192, .box_w = 11, .box_h = 11, .ofs_x = 0, .ofs_y = -2},
    {.bitmap_index = 26412, .adv_w = 192, .box_w = 11, .box_h = 11, .ofs_x = 0, .ofs_y = -2},
    {.bitmap_index = 26428, .adv_w = 192, .box_w = 11, .box_h = 11, .ofs_x = 0, .ofs_y = -2},
    {.bitmap_index = 26444, .adv_w = 192, .box_w = 11, .box_h = 11, .ofs_x = 0, .ofs_y = -2},
    {.bitmap_index = 26460, .adv_w = 192, .box_w = 11, .box_h = 11, .ofs_x = 0, .ofs_y = -2},
    {.bitmap_index = 26476, .adv_w = 192, .box_w = 11, .box_h = 11, .ofs_x = 0, .ofs_y = -2},
    {.bitmap_index = 26492, .adv_w = 192, .box_w = 11, .box_h = 11, .ofs_x = 0, .ofs_y = -2},
    {.bitmap_index = 26508, .adv_w = 192, .box_w = 11, .box_h = 11, .ofs_x = 0, .ofs_y = -2},
    {.bitmap_index = 26524, .adv_w = 192, .box_w = 11, .box_h = 11, .ofs_x = 0, .ofs_y = -2},
    {.bitmap_index = 26540, .adv_w = 192, .box_w = 11, .box_h = 11, .ofs_x = 0, .ofs_y = -2},
    {.bitmap_index = 26556, .adv_w = 192, .box_w = 11, .box_h = 11, .ofs_x = 0, .ofs_y = -2},
    {.bitmap_index = 26572, .adv_w = 192, .box_w = 11, .box_h = 11, .ofs_x = 0, .ofs_y = -2},
    {.bitmap_index = 26588, .adv_w = 192, .box_w = 11, .box_h = 11, .ofs_x = 0, .ofs_y = -2},
    {.bitmap_index = 26604, .adv_w = 192, .box_w = 11, .box_h = 11, .ofs_x = 0, .ofs_y = -2},
    {.bitmap_index = 26620, .adv_w = 192, .box_w = 11, .box_h = 11, .ofs_x = 0, .ofs_y = -2},
    {.bitmap_index = 26636, .adv_w = 192, .box_w = 11, .box_h = 11, .ofs_x = 0, .ofs_y = -2},
    {.bitmap_index = 26652, .adv_w = 192, .box_w = 11, .box_h = 11, .ofs_x = 0, .ofs_y = -2},
    {.bitmap_index = 26668, .adv_w = 192, .box_w = 11, .box_h = 11, .ofs_x = 0, .ofs_y = -2},
    {.bitmap_index = 26684, .adv_w = 192, .box_w = 11, .box_h = 11, .ofs_x = 0, .ofs_y = -2},
    {.bitmap_index = 26700, .adv_w = 192, .box_w = 11, .box_h = 11, .ofs_x = 0, .ofs_y = -2},
    {.bitmap_index = 26716, .adv_w = 192, .box_w = 11, .box_h = 11, .ofs_x = 0, .ofs_y = -2},
    {.bitmap_index = 26732, .adv_w = 192, .box_w = 11, .box_h = 11, .ofs_x = 0, .ofs_y = -2},
    {.bitmap_index = 26748, .adv_w = 192, .box_w = 11, .box_h = 11, .ofs_x = 0, .ofs_y = -2},
    {.bitmap_index = 26764, .adv_w = 192, .box_w = 11, .box_h = 11, .ofs_x = 0, .ofs_y = -2},
    {.bitmap_index = 26780, .adv_w = 192, .box_w = 11, .box_h = 11, .ofs_x = 0, .ofs_y = -2},
    {.bitmap_index = 26796, .adv_w = 192, .box_w = 11, .box_h = 11, .ofs_x = 0, .ofs_y = -2},
    {.bitmap_index = 26812, .adv_w = 192, .box_w = 11, .box_h = 11, .ofs_x = 0, .ofs_y = -2},
    {.bitmap_index = 26828, .adv_w = 192, .box_w = 11, .box_h = 11, .ofs_x = 0, .ofs_y = -2},
    {.bitmap_index = 26844, .adv_w = 192, .box_w = 11, .box_h = 11, .ofs_x = 0, .ofs_y = -2},
    {.bitmap_index = 26860, .adv_w = 192, .box_w = 11, .box_h = 11, .ofs_x = 0, .ofs_y = -2},
    {.bitmap_index = 26876, .adv_w = 192, .box_w = 11, .box_h = 11, .ofs_x = 0, .ofs_y = -2},
    {.bitmap_index = 26892, .adv_w = 192, .box_w = 11, .box_h = 11, .ofs_x = 0, .ofs_y = -2},
    {.bitmap_index = 26908, .adv_w = 192, .box_w = 11, .box_h = 11, .ofs_x = 0, .ofs_y = -2},
    {.bitmap_index = 26924, .adv_w = 192, .box_w = 11, .box_h = 11, .ofs_x = 0, .ofs_y = -2},
    {.bitmap_index = 26940, .adv_w = 192, .box_w = 11, .box_h = 11, .ofs_x = 0, .ofs_y = -2},
    {.bitmap_index = 26956, .adv_w = 192, .box_w = 11, .box_h = 11, .ofs_x = 0, .ofs_y = -2},
    {.bitmap_index = 26972, .adv_w = 192, .box_w = 11, .box_h = 11, .ofs_x = 0, .ofs_y = -2},
    {.bitmap_index = 26988, .adv_w = 192, .box_w = 11, .box_h = 11, .ofs_x = 0, .ofs_y = -2},
    {.bitmap_index = 27004, .adv_w = 192, .box_w = 11, .box_h = 11, .ofs_x = 0, .ofs_y = -2},
    {.bitmap_index = 27020, .adv_w = 192, .box_w = 11, .box_h = 11, .ofs_x = 0, .ofs_y = -2},
    {.bitmap_index = 27036, .adv_w = 192, .box_w = 11, .box_h = 11, .ofs_x = 0, .ofs_y = -2},
    {.bitmap_index = 27052, .adv_w = 192, .box_w = 11, .box_h = 11, .ofs_x = 0, .ofs_y = -2},
    {.bitmap_index = 27068, .adv_w = 192, .box_w = 11, .box_h = 11, .ofs_x = 0, .ofs_y = -2},
    {.bitmap_index = 27084, .adv_w = 192, .box_w = 11, .box_h = 11, .ofs_x = 0, .ofs_y = -2},
    {.bitmap_index = 27100, .adv_w = 192, .box_w = 11, .box_h = 11, .ofs_x = 0, .ofs_y = -2},
    {.bitmap_index = 27116, .adv_w = 192, .box_w = 11, .box_h = 11, .ofs_x = 0, .ofs_y = -2},
    {.bitmap_index = 27132, .adv_w = 192, .box_w = 11, .box_h = 11, .ofs_x = 0, .ofs_y = -2},
    {.bitmap_index = 27148, .adv_w = 192, .box_w = 11, .box_h = 11, .ofs_x = 0, .ofs_y = -2},
    {.bitmap_index = 27164, .adv_w = 192, .box_w = 11, .box_h = 11, .ofs_x = 0, .ofs_y = -2},
    {.bitmap_index = 27180, .adv_w = 192, .box_w = 11, .box_h = 11, .ofs_x = 0, .ofs_y = -2},
    {.bitmap_index = 27196, .adv_w = 192, .box_w = 11, .box_h = 11, .ofs_x = 0, .ofs_y = -2},
    {.bitmap_index = 27212, .adv_w = 192, .box_w = 11, .box_h = 11, .ofs_x = 0, .ofs_y = -2},
    {.bitmap_index = 27228, .adv_w = 192, .box_w = 11, .box_h = 11, .ofs_x = 0, .ofs_y = -2},
    {.bitmap_index = 27244, .adv_w = 192, .box_w = 11, .box_h = 11, .ofs_x = 0, .ofs_y = -2},
    {.bitmap_index = 27260, .adv_w = 192, .box_w = 11, .box_h = 11, .ofs_x = 0, .ofs_y = -2},
    {.bitmap_index = 27276, .adv_w = 192, .box_w = 11, .box_h = 11, .ofs_x = 0, .ofs_y = -2},
    {.bitmap_index = 27292, .adv_w = 192, .box_w = 11, .box_h = 11, .ofs_x = 0, .ofs_y = -2},
    {.bitmap_index = 27308, .adv_w = 192, .box_w = 11, .box_h = 11, .ofs_x = 0, .ofs_y = -2},
    {.bitmap_index = 27324, .adv_w = 192, .box_w = 11, .box_h = 11, .ofs_x = 0, .ofs_y = -2},
    {.bitmap_index = 27340, .adv_w = 192, .box_w = 11, .box_h = 11, .ofs_x = 0, .ofs_y = -2},
    {.bitmap_index = 27356, .adv_w = 192, .box_w = 11, .box_h = 11, .ofs_x = 0, .ofs_y = -2},
    {.bitmap_index = 27372, .adv_w = 192, .box_w = 11, .box_h = 11, .ofs_x = 0, .ofs_y = -2},
    {.bitmap_index = 27388, .adv_w = 192, .box_w = 11, .box_h = 11, .ofs_x = 0, .ofs_y = -2},
    {.bitmap_index = 27404, .adv_w = 192, .box_w = 11, .box_h = 11, .ofs_x = 0, .ofs_y = -2},
    {.bitmap_index = 27420, .adv_w = 192, .box_w = 11, .box_h = 11, .ofs_x = 0, .ofs_y = -2},
    {.bitmap_index = 27436, .adv_w = 192, .box_w = 11, .box_h = 11, .ofs_x = 0, .ofs_y = -2},
    {.bitmap_index = 27452, .adv_w = 192, .box_w = 11, .box_h = 11, .ofs_x = 0, .ofs_y = -2},
    {.bitmap_index = 27468, .adv_w = 192, .box_w = 11, .box_h = 11, .ofs_x = 0, .ofs_y = -2},
    {.bitmap_index = 27484, .adv_w = 192, .box_w = 11, .box_h = 11, .ofs_x = 0, .ofs_y = -2},
    {.bitmap_index = 27500, .adv_w = 192, .box_w = 11, .box_h = 11, .ofs_x = 0, .ofs_y = -2},
    {.bitmap_index = 27516, .adv_w = 192, .box_w = 11, .box_h = 11, .ofs_x = 0, .ofs_y = -2},
    {.bitmap_index = 27532, .adv_w = 192, .box_w = 11, .box_h = 11, .ofs_x = 0, .ofs_y = -2},
    {.bitmap_index = 27548, .adv_w = 192, .box_w = 11, .box_h = 11, .ofs_x = 0, .ofs_y = -2},
    {.bitmap_index = 27564, .adv_w = 192, .box_w = 11, .box_h = 11, .ofs_x = 0, .ofs_y = -2},
    {.bitmap_index = 27580, .adv_w = 192, .box_w = 11, .box_h = 11, .ofs_x = 0, .ofs_y = -2},
    {.bitmap_index = 27596, .adv_w = 192, .box_w = 11, .box_h = 11, .ofs_x = 0, .ofs_y = -2},
    {.bitmap_index = 27612, .adv_w = 192, .box_w = 11, .box_h = 11, .ofs_x = 0, .ofs_y = -2},
    {.bitmap_index = 27628, .adv_w = 192, .box_w = 11, .box_h = 11, .ofs_x = 0, .ofs_y = -2},
    {.bitmap_index = 27644, .adv_w = 192, .box_w = 11, .box_h = 11, .ofs_x = 0, .ofs_y = -2},
    {.bitmap_index = 27660, .adv_w = 192, .box_w = 11, .box_h = 11, .ofs_x = 0, .ofs_y = -2},
    {.bitmap_index = 27676, .adv_w = 192, .box_w = 11, .box_h = 11, .ofs_x = 0, .ofs_y = -2},
    {.bitmap_index = 27692, .adv_w = 192, .box_w = 11, .box_h = 11, .ofs_x = 0, .ofs_y = -2},
    {.bitmap_index = 27708, .adv_w = 192, .box_w = 11, .box_h = 11, .ofs_x = 0, .ofs_y = -2},
    {.bitmap_index = 27724, .adv_w = 192, .box_w = 11, .box_h = 11, .ofs_x = 0, .ofs_y = -2},
    {.bitmap_index = 27740, .adv_w = 192, .box_w = 11, .box_h = 11, .ofs_x = 0, .ofs_y = -2},
    {.bitmap_index = 27756, .adv_w = 192, .box_w = 11, .box_h = 11, .ofs_x = 0, .ofs_y = -2},
    {.bitmap_index = 27772, .adv_w = 192, .box_w = 11, .box_h = 11, .ofs_x = 0, .ofs_y = -2},
    {.bitmap_index = 27788, .adv_w = 192, .box_w = 11, .box_h = 11, .ofs_x = 0, .ofs_y = -2},
    {.bitmap_index = 27804, .adv_w = 192, .box_w = 11, .box_h = 11, .ofs_x = 0, .ofs_y = -2},
    {.bitmap_index = 27820, .adv_w = 192, .box_w = 11, .box_h = 11, .ofs_x = 0, .ofs_y = -2},
    {.bitmap_index = 27836, .adv_w = 192, .box_w = 11, .box_h = 11, .ofs_x = 0, .ofs_y = -2},
    {.bitmap_index = 27852, .adv_w = 192, .box_w = 11, .box_h = 11, .ofs_x = 0, .ofs_y = -2},
    {.bitmap_index = 27868, .adv_w = 192, .box_w = 11, .box_h = 11, .ofs_x = 0, .ofs_y = -2},
    {.bitmap_index = 27884, .adv_w = 192, .box_w = 11, .box_h = 11, .ofs_x = 0, .ofs_y = -2},
    {.bitmap_index = 27900, .adv_w = 192, .box_w = 11, .box_h = 11, .ofs_x = 0, .ofs_y = -2},
    {.bitmap_index = 27916, .adv_w = 192, .box_w = 11, .box_h = 11, .ofs_x = 0, .ofs_y = -2},
    {.bitmap_index = 27932, .adv_w = 192, .box_w = 11, .box_h = 11, .ofs_x = 0, .ofs_y = -2},
    {.bitmap_index = 27948, .adv_w = 192, .box_w = 11, .box_h = 11, .ofs_x = 0, .ofs_y = -2},
    {.bitmap_index = 27964, .adv_w = 192, .box_w = 11, .box_h = 11, .ofs_x = 0, .ofs_y = -2},
    {.bitmap_index = 27980, .adv_w = 192, .box_w = 11, .box_h = 11, .ofs_x = 0, .ofs_y = -2},
    {.bitmap_index = 27996, .adv_w = 192, .box_w = 11, .box_h = 11, .ofs_x = 0, .ofs_y = -2},
    {.bitmap_index = 28012, .adv_w = 192, .box_w = 11, .box_h = 11, .ofs_x = 0, .ofs_y = -2},
    {.bitmap_index = 28028, .adv_w = 192, .box_w = 11, .box_h = 11, .ofs_x = 0, .ofs_y = -2},
    {.bitmap_index = 28044, .adv_w = 192, .box_w = 11, .box_h = 11, .ofs_x = 0, .ofs_y = -2},
    {.bitmap_index = 28060, .adv_w = 192, .box_w = 11, .box_h = 11, .ofs_x = 0, .ofs_y = -2},
    {.bitmap_index = 28076, .adv_w = 192, .box_w = 11, .box_h = 11, .ofs_x = 0, .ofs_y = -2},
    {.bitmap_index = 28092, .adv_w = 192, .box_w = 11, .box_h = 11, .ofs_x = 0, .ofs_y = -2},
    {.bitmap_index = 28108, .adv_w = 192, .box_w = 11, .box_h = 11, .ofs_x = 0, .ofs_y = -2},
    {.bitmap_index = 28124, .adv_w = 192, .box_w = 11, .box_h = 11, .ofs_x = 0, .ofs_y = -2},
    {.bitmap_index = 28140, .adv_w = 192, .box_w = 11, .box_h = 11, .ofs_x = 0, .ofs_y = -2},
    {.bitmap_index = 28156, .adv_w = 192, .box_w = 11, .box_h = 11, .ofs_x = 0, .ofs_y = -2},
    {.bitmap_index = 28172, .adv_w = 192, .box_w = 11, .box_h = 11, .ofs_x = 0, .ofs_y = -2},
    {.bitmap_index = 28188, .adv_w = 192, .box_w = 11, .box_h = 11, .ofs_x = 0, .ofs_y = -2},
    {.bitmap_index = 28204, .adv_w = 192, .box_w = 11, .box_h = 11, .ofs_x = 0, .ofs_y = -2},
    {.bitmap_index = 28220, .adv_w = 192, .box_w = 11, .box_h = 11, .ofs_x = 0, .ofs_y = -2},
    {.bitmap_index = 28236, .adv_w = 192, .box_w = 11, .box_h = 11, .ofs_x = 0, .ofs_y = -2},
    {.bitmap_index = 28252, .adv_w = 192, .box_w = 11, .box_h = 11, .ofs_x = 0, .ofs_y = -2},
    {.bitmap_index = 28268, .adv_w = 192, .box_w = 11, .box_h = 11, .ofs_x = 0, .ofs_y = -2},
    {.bitmap_index = 28284, .adv_w = 192, .box_w = 11, .box_h = 11, .ofs_x = 0, .ofs_y = -2},
    {.bitmap_index = 28300, .adv_w = 192, .box_w = 11, .box_h = 11, .ofs_x = 0, .ofs_y = -2},
    {.bitmap_index = 28316, .adv_w = 192, .box_w = 11, .box_h = 11, .ofs_x = 0, .ofs_y = -2},
    {.bitmap_index = 28332, .adv_w = 192, .box_w = 11, .box_h = 11, .ofs_x = 0, .ofs_y = -2},
    {.bitmap_index = 28348, .adv_w = 192, .box_w = 11, .box_h = 11, .ofs_x = 0, .ofs_y = -2},
    {.bitmap_index = 28364, .adv_w = 192, .box_w = 11, .box_h = 11, .ofs_x = 0, .ofs_y = -2},
    {.bitmap_index = 28380, .adv_w = 192, .box_w = 11, .box_h = 11, .ofs_x = 0, .ofs_y = -2},
    {.bitmap_index = 28396, .adv_w = 192, .box_w = 11, .box_h = 11, .ofs_x = 0, .ofs_y = -2},
    {.bitmap_index = 28412, .adv_w = 192, .box_w = 11, .box_h = 11, .ofs_x = 0, .ofs_y = -2},
    {.bitmap_index = 28428, .adv_w = 192, .box_w = 11, .box_h = 11, .ofs_x = 0, .ofs_y = -2},
    {.bitmap_index = 28444, .adv_w = 192, .box_w = 11, .box_h = 11, .ofs_x = 0, .ofs_y = -2},
    {.bitmap_index = 28460, .adv_w = 192, .box_w = 11, .box_h = 11, .ofs_x = 0, .ofs_y = -2},
    {.bitmap_index = 28476, .adv_w = 192, .box_w = 11, .box_h = 11, .ofs_x = 0, .ofs_y = -2},
    {.bitmap_index = 28492, .adv_w = 192, .box_w = 11, .box_h = 11, .ofs_x = 0, .ofs_y = -2},
    {.bitmap_index = 28508, .adv_w = 192, .box_w = 11, .box_h = 11, .ofs_x = 0, .ofs_y = -2},
    {.bitmap_index = 28524, .adv_w = 192, .box_w = 11, .box_h = 11, .ofs_x = 0, .ofs_y = -2},
    {.bitmap_index = 28540, .adv_w = 192, .box_w = 11, .box_h = 11, .ofs_x = 0, .ofs_y = -2},
    {.bitmap_index = 28556, .adv_w = 192, .box_w = 11, .box_h = 11, .ofs_x = 0, .ofs_y = -2},
    {.bitmap_index = 28572, .adv_w = 192, .box_w = 11, .box_h = 11, .ofs_x = 0, .ofs_y = -2},
    {.bitmap_index = 28588, .adv_w = 192, .box_w = 11, .box_h = 11, .ofs_x = 0, .ofs_y = -2},
    {.bitmap_index = 28604, .adv_w = 192, .box_w = 11, .box_h = 11, .ofs_x = 0, .ofs_y = -2},
    {.bitmap_index = 28620, .adv_w = 192, .box_w = 11, .box_h = 11, .ofs_x = 0, .ofs_y = -2},
    {.bitmap_index = 28636, .adv_w = 192, .box_w = 11, .box_h = 11, .ofs_x = 0, .ofs_y = -2},
    {.bitmap_index = 28652, .adv_w = 192, .box_w = 11, .box_h = 11, .ofs_x = 0, .ofs_y = -2},
    {.bitmap_index = 28668, .adv_w = 192, .box_w = 11, .box_h = 11, .ofs_x = 0, .ofs_y = -2},
    {.bitmap_index = 28684, .adv_w = 192, .box_w = 11, .box_h = 11, .ofs_x = 0, .ofs_y = -2},
    {.bitmap_index = 28700, .adv_w = 192, .box_w = 11, .box_h = 11, .ofs_x = 0, .ofs_y = -2},
    {.bitmap_index = 28716, .adv_w = 192, .box_w = 11, .box_h = 11, .ofs_x = 0, .ofs_y = -2},
    {.bitmap_index = 28732, .adv_w = 192, .box_w = 11, .box_h = 11, .ofs_x = 0, .ofs_y = -2},
    {.bitmap_index = 28748, .adv_w = 192, .box_w = 11, .box_h = 11, .ofs_x = 0, .ofs_y = -2},
    {.bitmap_index = 28764, .adv_w = 192, .box_w = 11, .box_h = 11, .ofs_x = 0, .ofs_y = -2},
    {.bitmap_index = 28780, .adv_w = 192, .box_w = 11, .box_h = 11, .ofs_x = 0, .ofs_y = -2},
    {.bitmap_index = 28796, .adv_w = 192, .box_w = 11, .box_h = 11, .ofs_x = 0, .ofs_y = -2},
    {.bitmap_index = 28812, .adv_w = 192, .box_w = 11, .box_h = 11, .ofs_x = 0, .ofs_y = -2},
    {.bitmap_index = 28828, .adv_w = 192, .box_w = 11, .box_h = 11, .ofs_x = 0, .ofs_y = -2},
    {.bitmap_index = 28844, .adv_w = 192, .box_w = 11, .box_h = 11, .ofs_x = 0, .ofs_y = -2},
    {.bitmap_index = 28860, .adv_w = 192, .box_w = 11, .box_h = 11, .ofs_x = 0, .ofs_y = -2},
    {.bitmap_index = 28876, .adv_w = 192, .box_w = 11, .box_h = 11, .ofs_x = 0, .ofs_y = -2},
    {.bitmap_index = 28892, .adv_w = 192, .box_w = 11, .box_h = 11, .ofs_x = 0, .ofs_y = -2},
    {.bitmap_index = 28908, .adv_w = 192, .box_w = 11, .box_h = 11, .ofs_x = 0, .ofs_y = -2},
    {.bitmap_index = 28924, .adv_w = 192, .box_w = 11, .box_h = 11, .ofs_x = 0, .ofs_y = -2},
    {.bitmap_index = 28940, .adv_w = 192, .box_w = 11, .box_h = 11, .ofs_x = 0, .ofs_y = -2},
    {.bitmap_index = 28956, .adv_w = 192, .box_w = 11, .box_h = 11, .ofs_x = 0, .ofs_y = -2},
    {.bitmap_index = 28972, .adv_w = 192, .box_w = 11, .box_h = 11, .ofs_x = 0, .ofs_y = -2},
    {.bitmap_index = 28988, .adv_w = 192, .box_w = 11, .box_h = 11, .ofs_x = 0, .ofs_y = -2},
    {.bitmap_index = 29004, .adv_w = 192, .box_w = 11, .box_h = 11, .ofs_x = 0, .ofs_y = -2},
    {.bitmap_index = 29020, .adv_w = 192, .box_w = 11, .box_h = 11, .ofs_x = 0, .ofs_y = -2},
    {.bitmap_index = 29036, .adv_w = 192, .box_w = 11, .box_h = 11, .ofs_x = 0, .ofs_y = -2},
    {.bitmap_index = 29052, .adv_w = 192, .box_w = 11, .box_h = 11, .ofs_x = 0, .ofs_y = -2},
    {.bitmap_index = 29068, .adv_w = 192, .box_w = 11, .box_h = 11, .ofs_x = 0, .ofs_y = -2},
    {.bitmap_index = 29084, .adv_w = 192, .box_w = 11, .box_h = 11, .ofs_x = 0, .ofs_y = -2},
    {.bitmap_index = 29100, .adv_w = 192, .box_w = 11, .box_h = 11, .ofs_x = 0, .ofs_y = -2},
    {.bitmap_index = 29116, .adv_w = 192, .box_w = 11, .box_h = 11, .ofs_x = 0, .ofs_y = -2},
    {.bitmap_index = 29132, .adv_w = 192, .box_w = 11, .box_h = 11, .ofs_x = 0, .ofs_y = -2},
    {.bitmap_index = 29148, .adv_w = 192, .box_w = 11, .box_h = 11, .ofs_x = 0, .ofs_y = -2},
    {.bitmap_index = 29164, .adv_w = 192, .box_w = 11, .box_h = 11, .ofs_x = 0, .ofs_y = -2},
    {.bitmap_index = 29180, .adv_w = 192, .box_w = 11, .box_h = 11, .ofs_x = 0, .ofs_y = -2},
    {.bitmap_index = 29196, .adv_w = 192, .box_w = 11, .box_h = 11, .ofs_x = 0, .ofs_y = -2},
    {.bitmap_index = 29212, .adv_w = 192, .box_w = 11, .box_h = 11, .ofs_x = 0, .ofs_y = -2},
    {.bitmap_index = 29228, .adv_w = 192, .box_w = 11, .box_h = 11, .ofs_x = 0, .ofs_y = -2},
    {.bitmap_index = 29244, .adv_w = 192, .box_w = 11, .box_h = 11, .ofs_x = 0, .ofs_y = -2},
    {.bitmap_index = 29260, .adv_w = 192, .box_w = 11, .box_h = 11, .ofs_x = 0, .ofs_y = -2},
    {.bitmap_index = 29276, .adv_w = 192, .box_w = 11, .box_h = 11, .ofs_x = 0, .ofs_y = -2},
    {.bitmap_index = 29292, .adv_w = 192, .box_w = 11, .box_h = 11, .ofs_x = 0, .ofs_y = -2},
    {.bitmap_index = 29308, .adv_w = 192, .box_w = 11, .box_h = 11, .ofs_x = 0, .ofs_y = -2},
    {.bitmap_index = 29324, .adv_w = 192, .box_w = 11, .box_h = 11, .ofs_x = 0, .ofs_y = -2},
    {.bitmap_index = 29340, .adv_w = 192, .box_w = 11, .box_h = 11, .ofs_x = 0, .ofs_y = -2},
    {.bitmap_index = 29356, .adv_w = 192, .box_w = 11, .box_h = 11, .ofs_x = 0, .ofs_y = -2},
    {.bitmap_index = 29372, .adv_w = 192, .box_w = 11, .box_h = 11, .ofs_x = 0, .ofs_y = -2},
    {.bitmap_index = 29388, .adv_w = 192, .box_w = 11, .box_h = 11, .ofs_x = 0, .ofs_y = -2},
    {.bitmap_index = 29404, .adv_w = 192, .box_w = 11, .box_h = 11, .ofs_x = 0, .ofs_y = -2},
    {.bitmap_index = 29420, .adv_w = 192, .box_w = 11, .box_h = 11, .ofs_x = 0, .ofs_y = -2},
    {.bitmap_index = 29436, .adv_w = 192, .box_w = 11, .box_h = 11, .ofs_x = 0, .ofs_y = -2},
    {.bitmap_index = 29452, .adv_w = 192, .box_w = 11, .box_h = 11, .ofs_x = 0, .ofs_y = -2},
    {.bitmap_index = 29468, .adv_w = 192, .box_w = 11, .box_h = 11, .ofs_x = 0, .ofs_y = -2},
    {.bitmap_index = 29484, .adv_w = 192, .box_w = 11, .box_h = 11, .ofs_x = 0, .ofs_y = -2},
    {.bitmap_index = 29500, .adv_w = 192, .box_w = 11, .box_h = 11, .ofs_x = 0, .ofs_y = -2},
    {.bitmap_index = 29516, .adv_w = 192, .box_w = 11, .box_h = 11, .ofs_x = 0, .ofs_y = -2},
    {.bitmap_index = 29532, .adv_w = 192, .box_w = 11, .box_h = 11, .ofs_x = 0, .ofs_y = -2},
    {.bitmap_index = 29548, .adv_w = 192, .box_w = 11, .box_h = 11, .ofs_x = 0, .ofs_y = -2},
    {.bitmap_index = 29564, .adv_w = 192, .box_w = 11, .box_h = 11, .ofs_x = 0, .ofs_y = -2},
    {.bitmap_index = 29580, .adv_w = 192, .box_w = 11, .box_h = 11, .ofs_x = 0, .ofs_y = -2},
    {.bitmap_index = 29596, .adv_w = 192, .box_w = 11, .box_h = 11, .ofs_x = 0, .ofs_y = -2},
    {.bitmap_index = 29612, .adv_w = 192, .box_w = 11, .box_h = 11, .ofs_x = 0, .ofs_y = -2},
    {.bitmap_index = 29628, .adv_w = 192, .box_w = 11, .box_h = 11, .ofs_x = 0, .ofs_y = -2},
    {.bitmap_index = 29644, .adv_w = 192, .box_w = 11, .box_h = 11, .ofs_x = 0, .ofs_y = -2},
    {.bitmap_index = 29660, .adv_w = 192, .box_w = 11, .box_h = 11, .ofs_x = 0, .ofs_y = -2},
    {.bitmap_index = 29676, .adv_w = 192, .box_w = 11, .box_h = 11, .ofs_x = 0, .ofs_y = -2},
    {.bitmap_index = 29692, .adv_w = 192, .box_w = 11, .box_h = 11, .ofs_x = 0, .ofs_y = -2},
    {.bitmap_index = 29708, .adv_w = 192, .box_w = 11, .box_h = 11, .ofs_x = 0, .ofs_y = -2},
    {.bitmap_index = 29724, .adv_w = 192, .box_w = 11, .box_h = 11, .ofs_x = 0, .ofs_y = -2},
    {.bitmap_index = 29740, .adv_w = 192, .box_w = 11, .box_h = 11, .ofs_x = 0, .ofs_y = -2},
    {.bitmap_index = 29756, .adv_w = 192, .box_w = 11, .box_h = 11, .ofs_x = 0, .ofs_y = -2},
    {.bitmap_index = 29772, .adv_w = 192, .box_w = 11, .box_h = 11, .ofs_x = 0, .ofs_y = -2},
    {.bitmap_index = 29788, .adv_w = 192, .box_w = 11, .box_h = 11, .ofs_x = 0, .ofs_y = -2},
    {.bitmap_index = 29804, .adv_w = 192, .box_w = 11, .box_h = 11, .ofs_x = 0, .ofs_y = -2},
    {.bitmap_index = 29820, .adv_w = 192, .box_w = 11, .box_h = 11, .ofs_x = 0, .ofs_y = -2},
    {.bitmap_index = 29836, .adv_w = 192, .box_w = 11, .box_h = 11, .ofs_x = 0, .ofs_y = -2},
    {.bitmap_index = 29852, .adv_w = 192, .box_w = 11, .box_h = 11, .ofs_x = 0, .ofs_y = -2},
    {.bitmap_index = 29868, .adv_w = 192, .box_w = 11, .box_h = 11, .ofs_x = 0, .ofs_y = -2},
    {.bitmap_index = 29884, .adv_w = 192, .box_w = 11, .box_h = 11, .ofs_x = 0, .ofs_y = -2},
    {.bitmap_index = 29900, .adv_w = 192, .box_w = 11, .box_h = 11, .ofs_x = 0, .ofs_y = -2},
    {.bitmap_index = 29916, .adv_w = 192, .box_w = 11, .box_h = 11, .ofs_x = 0, .ofs_y = -2},
    {.bitmap_index = 29932, .adv_w = 192, .box_w = 11, .box_h = 11, .ofs_x = 0, .ofs_y = -2},
    {.bitmap_index = 29948, .adv_w = 192, .box_w = 11, .box_h = 11, .ofs_x = 0, .ofs_y = -2},
    {.bitmap_index = 29964, .adv_w = 192, .box_w = 11, .box_h = 11, .ofs_x = 0, .ofs_y = -2},
    {.bitmap_index = 29980, .adv_w = 192, .box_w = 11, .box_h = 11, .ofs_x = 0, .ofs_y = -2},
    {.bitmap_index = 29996, .adv_w = 192, .box_w = 11, .box_h = 11, .ofs_x = 0, .ofs_y = -2},
    {.bitmap_index = 30012, .adv_w = 192, .box_w = 11, .box_h = 11, .ofs_x = 0, .ofs_y = -2},
    {.bitmap_index = 30028, .adv_w = 192, .box_w = 11, .box_h = 11, .ofs_x = 0, .ofs_y = -2},
    {.bitmap_index = 30044, .adv_w = 192, .box_w = 11, .box_h = 11, .ofs_x = 0, .ofs_y = -2},
    {.bitmap_index = 30060, .adv_w = 192, .box_w = 11, .box_h = 11, .ofs_x = 0, .ofs_y = -2},
    {.bitmap_index = 30076, .adv_w = 192, .box_w = 11, .box_h = 11, .ofs_x = 0, .ofs_y = -2},
    {.bitmap_index = 30092, .adv_w = 192, .box_w = 11, .box_h = 11, .ofs_x = 0, .ofs_y = -2},
    {.bitmap_index = 30108, .adv_w = 192, .box_w = 11, .box_h = 11, .ofs_x = 0, .ofs_y = -2},
    {.bitmap_index = 30124, .adv_w = 192, .box_w = 11, .box_h = 11, .ofs_x = 0, .ofs_y = -2},
    {.bitmap_index = 30140, .adv_w = 192, .box_w = 11, .box_h = 11, .ofs_x = 0, .ofs_y = -2},
    {.bitmap_index = 30156, .adv_w = 192, .box_w = 11, .box_h = 11, .ofs_x = 0, .ofs_y = -2},
    {.bitmap_index = 30172, .adv_w = 192, .box_w = 11, .box_h = 11, .ofs_x = 0, .ofs_y = -2},
    {.bitmap_index = 30188, .adv_w = 192, .box_w = 11, .box_h = 11, .ofs_x = 0, .ofs_y = -2},
    {.bitmap_index = 30204, .adv_w = 192, .box_w = 11, .box_h = 11, .ofs_x = 0, .ofs_y = -2},
    {.bitmap_index = 30220, .adv_w = 192, .box_w = 11, .box_h = 11, .ofs_x = 0, .ofs_y = -2},
    {.bitmap_index = 30236, .adv_w = 192, .box_w = 11, .box_h = 11, .ofs_x = 0, .ofs_y = -2},
    {.bitmap_index = 30252, .adv_w = 192, .box_w = 11, .box_h = 11, .ofs_x = 0, .ofs_y = -2},
    {.bitmap_index = 30268, .adv_w = 192, .box_w = 11, .box_h = 11, .ofs_x = 0, .ofs_y = -2},
    {.bitmap_index = 30284, .adv_w = 192, .box_w = 11, .box_h = 11, .ofs_x = 0, .ofs_y = -2},
    {.bitmap_index = 30300, .adv_w = 192, .box_w = 11, .box_h = 11, .ofs_x = 0, .ofs_y = -2},
    {.bitmap_index = 30316, .adv_w = 192, .box_w = 11, .box_h = 11, .ofs_x = 0, .ofs_y = -2},
    {.bitmap_index = 30332, .adv_w = 192, .box_w = 11, .box_h = 11, .ofs_x = 0, .ofs_y = -2},
    {.bitmap_index = 30348, .adv_w = 192, .box_w = 11, .box_h = 11, .ofs_x = 0, .ofs_y = -2},
    {.bitmap_index = 30364, .adv_w = 192, .box_w = 11, .box_h = 11, .ofs_x = 0, .ofs_y = -2},
    {.bitmap_index = 30380, .adv_w = 192, .box_w = 11, .box_h = 11, .ofs_x = 0, .ofs_y = -2},
    {.bitmap_index = 30396, .adv_w = 192, .box_w = 11, .box_h = 11, .ofs_x = 0, .ofs_y = -2},
    {.bitmap_index = 30412, .adv_w = 192, .box_w = 11, .box_h = 11, .ofs_x = 0, .ofs_y = -2},
    {.bitmap_index = 30428, .adv_w = 192, .box_w = 11, .box_h = 11, .ofs_x = 0, .ofs_y = -2},
    {.bitmap_index = 30444, .adv_w = 192, .box_w = 11, .box_h = 11, .ofs_x = 0, .ofs_y = -2},
    {.bitmap_index = 30460, .adv_w = 192, .box_w = 11, .box_h = 11, .ofs_x = 0, .ofs_y = -2},
    {.bitmap_index = 30476, .adv_w = 192, .box_w = 11, .box_h = 11, .ofs_x = 0, .ofs_y = -2},
    {.bitmap_index = 30492, .adv_w = 192, .box_w = 11, .box_h = 11, .ofs_x = 0, .ofs_y = -2},
    {.bitmap_index = 30508, .adv_w = 192, .box_w = 11, .box_h = 11, .ofs_x = 0, .ofs_y = -2},
    {.bitmap_index = 30524, .adv_w = 192, .box_w = 11, .box_h = 11, .ofs_x = 0, .ofs_y = -2},
    {.bitmap_index = 30540, .adv_w = 192, .box_w = 11, .box_h = 11, .ofs_x = 0, .ofs_y = -2},
    {.bitmap_index = 30556, .adv_w = 192, .box_w = 11, .box_h = 11, .ofs_x = 0, .ofs_y = -2},
    {.bitmap_index = 30572, .adv_w = 192, .box_w = 11, .box_h = 11, .ofs_x = 0, .ofs_y = -2},
    {.bitmap_index = 30588, .adv_w = 192, .box_w = 11, .box_h = 11, .ofs_x = 0, .ofs_y = -2},
    {.bitmap_index = 30604, .adv_w = 192, .box_w = 11, .box_h = 11, .ofs_x = 0, .ofs_y = -2},
    {.bitmap_index = 30620, .adv_w = 192, .box_w = 11, .box_h = 11, .ofs_x = 0, .ofs_y = -2},
    {.bitmap_index = 30636, .adv_w = 192, .box_w = 11, .box_h = 11, .ofs_x = 0, .ofs_y = -2},
    {.bitmap_index = 30652, .adv_w = 192, .box_w = 11, .box_h = 11, .ofs_x = 0, .ofs_y = -2},
    {.bitmap_index = 30668, .adv_w = 192, .box_w = 11, .box_h = 11, .ofs_x = 0, .ofs_y = -2},
    {.bitmap_index = 30684, .adv_w = 192, .box_w = 11, .box_h = 11, .ofs_x = 0, .ofs_y = -2},
    {.bitmap_index = 30700, .adv_w = 192, .box_w = 11, .box_h = 11, .ofs_x = 0, .ofs_y = -2},
    {.bitmap_index = 30716, .adv_w = 192, .box_w = 11, .box_h = 11, .ofs_x = 0, .ofs_y = -2},
    {.bitmap_index = 30732, .adv_w = 192, .box_w = 11, .box_h = 11, .ofs_x = 0, .ofs_y = -2},
    {.bitmap_index = 30748, .adv_w = 192, .box_w = 11, .box_h = 11, .ofs_x = 0, .ofs_y = -2},
    {.bitmap_index = 30764, .adv_w = 192, .box_w = 11, .box_h = 11, .ofs_x = 0, .ofs_y = -2},
    {.bitmap_index = 30780, .adv_w = 192, .box_w = 11, .box_h = 11, .ofs_x = 0, .ofs_y = -2},
    {.bitmap_index = 30796, .adv_w = 192, .box_w = 11, .box_h = 11, .ofs_x = 0, .ofs_y = -2},
    {.bitmap_index = 30812, .adv_w = 192, .box_w = 11, .box_h = 11, .ofs_x = 0, .ofs_y = -2},
    {.bitmap_index = 30828, .adv_w = 192, .box_w = 11, .box_h = 11, .ofs_x = 0, .ofs_y = -2},
    {.bitmap_index = 30844, .adv_w = 192, .box_w = 11, .box_h = 11, .ofs_x = 0, .ofs_y = -2},
    {.bitmap_index = 30860, .adv_w = 192, .box_w = 11, .box_h = 11, .ofs_x = 0, .ofs_y = -2},
    {.bitmap_index = 30876, .adv_w = 192, .box_w = 11, .box_h = 11, .ofs_x = 0, .ofs_y = -2},
    {.bitmap_index = 30892, .adv_w = 192, .box_w = 11, .box_h = 11, .ofs_x = 0, .ofs_y = -2},
    {.bitmap_index = 30908, .adv_w = 192, .box_w = 11, .box_h = 11, .ofs_x = 0, .ofs_y = -2},
    {.bitmap_index = 30924, .adv_w = 192, .box_w = 11, .box_h = 11, .ofs_x = 0, .ofs_y = -2},
    {.bitmap_index = 30940, .adv_w = 192, .box_w = 11, .box_h = 11, .ofs_x = 0, .ofs_y = -2},
    {.bitmap_index = 30956, .adv_w = 192, .box_w = 11, .box_h = 11, .ofs_x = 0, .ofs_y = -2},
    {.bitmap_index = 30972, .adv_w = 192, .box_w = 11, .box_h = 11, .ofs_x = 0, .ofs_y = -2},
    {.bitmap_index = 30988, .adv_w = 192, .box_w = 11, .box_h = 11, .ofs_x = 0, .ofs_y = -2},
    {.bitmap_index = 31004, .adv_w = 192, .box_w = 11, .box_h = 11, .ofs_x = 0, .ofs_y = -2},
    {.bitmap_index = 31020, .adv_w = 192, .box_w = 11, .box_h = 11, .ofs_x = 0, .ofs_y = -2},
    {.bitmap_index = 31036, .adv_w = 192, .box_w = 11, .box_h = 11, .ofs_x = 0, .ofs_y = -2},
    {.bitmap_index = 31052, .adv_w = 192, .box_w = 11, .box_h = 11, .ofs_x = 0, .ofs_y = -2},
    {.bitmap_index = 31068, .adv_w = 192, .box_w = 11, .box_h = 11, .ofs_x = 0, .ofs_y = -2},
    {.bitmap_index = 31084, .adv_w = 192, .box_w = 11, .box_h = 11, .ofs_x = 0, .ofs_y = -2},
    {.bitmap_index = 31100, .adv_w = 192, .box_w = 11, .box_h = 11, .ofs_x = 0, .ofs_y = -2},
    {.bitmap_index = 31116, .adv_w = 192, .box_w = 11, .box_h = 11, .ofs_x = 0, .ofs_y = -2},
    {.bitmap_index = 31132, .adv_w = 192, .box_w = 11, .box_h = 11, .ofs_x = 0, .ofs_y = -2},
    {.bitmap_index = 31148, .adv_w = 192, .box_w = 11, .box_h = 11, .ofs_x = 0, .ofs_y = -2},
    {.bitmap_index = 31164, .adv_w = 192, .box_w = 11, .box_h = 11, .ofs_x = 0, .ofs_y = -2},
    {.bitmap_index = 31180, .adv_w = 192, .box_w = 11, .box_h = 11, .ofs_x = 0, .ofs_y = -2},
    {.bitmap_index = 31196, .adv_w = 192, .box_w = 11, .box_h = 11, .ofs_x = 0, .ofs_y = -2},
    {.bitmap_index = 31212, .adv_w = 192, .box_w = 11, .box_h = 11, .ofs_x = 0, .ofs_y = -2},
    {.bitmap_index = 31228, .adv_w = 192, .box_w = 11, .box_h = 11, .ofs_x = 0, .ofs_y = -2},
    {.bitmap_index = 31244, .adv_w = 192, .box_w = 11, .box_h = 11, .ofs_x = 0, .ofs_y = -2},
    {.bitmap_index = 31260, .adv_w = 192, .box_w = 11, .box_h = 11, .ofs_x = 0, .ofs_y = -2},
    {.bitmap_index = 31276, .adv_w = 192, .box_w = 11, .box_h = 11, .ofs_x = 0, .ofs_y = -2},
    {.bitmap_index = 31292, .adv_w = 192, .box_w = 11, .box_h = 11, .ofs_x = 0, .ofs_y = -2},
    {.bitmap_index = 31308, .adv_w = 192, .box_w = 11, .box_h = 11, .ofs_x = 0, .ofs_y = -2},
    {.bitmap_index = 31324, .adv_w = 192, .box_w = 11, .box_h = 11, .ofs_x = 0, .ofs_y = -2},
    {.bitmap_index = 31340, .adv_w = 192, .box_w = 11, .box_h = 11, .ofs_x = 0, .ofs_y = -2},
    {.bitmap_index = 31356, .adv_w = 192, .box_w = 11, .box_h = 11, .ofs_x = 0, .ofs_y = -2},
    {.bitmap_index = 31372, .adv_w = 192, .box_w = 11, .box_h = 11, .ofs_x = 0, .ofs_y = -2},
    {.bitmap_index = 31388, .adv_w = 192, .box_w = 11, .box_h = 11, .ofs_x = 0, .ofs_y = -2},
    {.bitmap_index = 31404, .adv_w = 192, .box_w = 11, .box_h = 11, .ofs_x = 0, .ofs_y = -2},
    {.bitmap_index = 31420, .adv_w = 192, .box_w = 11, .box_h = 11, .ofs_x = 0, .ofs_y = -2},
    {.bitmap_index = 31436, .adv_w = 192, .box_w = 11, .box_h = 11, .ofs_x = 0, .ofs_y = -2},
    {.bitmap_index = 31452, .adv_w = 192, .box_w = 11, .box_h = 11, .ofs_x = 0, .ofs_y = -2},
    {.bitmap_index = 31468, .adv_w = 192, .box_w = 11, .box_h = 11, .ofs_x = 0, .ofs_y = -2},
    {.bitmap_index = 31484, .adv_w = 192, .box_w = 11, .box_h = 11, .ofs_x = 0, .ofs_y = -2},
    {.bitmap_index = 31500, .adv_w = 192, .box_w = 11, .box_h = 11, .ofs_x = 0, .ofs_y = -2},
    {.bitmap_index = 31516, .adv_w = 192, .box_w = 11, .box_h = 11, .ofs_x = 0, .ofs_y = -2},
    {.bitmap_index = 31532, .adv_w = 192, .box_w = 11, .box_h = 11, .ofs_x = 0, .ofs_y = -2},
    {.bitmap_index = 31548, .adv_w = 192, .box_w = 11, .box_h = 11, .ofs_x = 0, .ofs_y = -2},
    {.bitmap_index = 31564, .adv_w = 192, .box_w = 11, .box_h = 11, .ofs_x = 0, .ofs_y = -2},
    {.bitmap_index = 31580, .adv_w = 192, .box_w = 11, .box_h = 11, .ofs_x = 0, .ofs_y = -2},
    {.bitmap_index = 31596, .adv_w = 192, .box_w = 11, .box_h = 11, .ofs_x = 0, .ofs_y = -2},
    {.bitmap_index = 31612, .adv_w = 192, .box_w = 11, .box_h = 11, .ofs_x = 0, .ofs_y = -2},
    {.bitmap_index = 31628, .adv_w = 192, .box_w = 11, .box_h = 11, .ofs_x = 0, .ofs_y = -2},
    {.bitmap_index = 31644, .adv_w = 192, .box_w = 11, .box_h = 11, .ofs_x = 0, .ofs_y = -2},
    {.bitmap_index = 31660, .adv_w = 192, .box_w = 11, .box_h = 11, .ofs_x = 0, .ofs_y = -2},
    {.bitmap_index = 31676, .adv_w = 192, .box_w = 11, .box_h = 11, .ofs_x = 0, .ofs_y = -2},
    {.bitmap_index = 31692, .adv_w = 192, .box_w = 11, .box_h = 11, .ofs_x = 0, .ofs_y = -2},
    {.bitmap_index = 31708, .adv_w = 192, .box_w = 11, .box_h = 11, .ofs_x = 0, .ofs_y = -2},
    {.bitmap_index = 31724, .adv_w = 192, .box_w = 11, .box_h = 11, .ofs_x = 0, .ofs_y = -2},
    {.bitmap_index = 31740, .adv_w = 192, .box_w = 11, .box_h = 11, .ofs_x = 0, .ofs_y = -2},
    {.bitmap_index = 31756, .adv_w = 192, .box_w = 11, .box_h = 11, .ofs_x = 0, .ofs_y = -2},
    {.bitmap_index = 31772, .adv_w = 192, .box_w = 11, .box_h = 11, .ofs_x = 0, .ofs_y = -2},
    {.bitmap_index = 31788, .adv_w = 192, .box_w = 11, .box_h = 11, .ofs_x = 0, .ofs_y = -2},
    {.bitmap_index = 31804, .adv_w = 192, .box_w = 11, .box_h = 11, .ofs_x = 0, .ofs_y = -2},
    {.bitmap_index = 31820, .adv_w = 192, .box_w = 11, .box_h = 11, .ofs_x = 0, .ofs_y = -2},
    {.bitmap_index = 31836, .adv_w = 192, .box_w = 11, .box_h = 11, .ofs_x = 0, .ofs_y = -2},
    {.bitmap_index = 31852, .adv_w = 192, .box_w = 11, .box_h = 11, .ofs_x = 0, .ofs_y = -2},
    {.bitmap_index = 31868, .adv_w = 192, .box_w = 11, .box_h = 11, .ofs_x = 0, .ofs_y = -2},
    {.bitmap_index = 31884, .adv_w = 192, .box_w = 11, .box_h = 11, .ofs_x = 0, .ofs_y = -2},
    {.bitmap_index = 31900, .adv_w = 192, .box_w = 11, .box_h = 11, .ofs_x = 0, .ofs_y = -2},
    {.bitmap_index = 31916, .adv_w = 192, .box_w = 11, .box_h = 11, .ofs_x = 0, .ofs_y = -2},
    {.bitmap_index = 31932, .adv_w = 192, .box_w = 11, .box_h = 11, .ofs_x = 0, .ofs_y = -2},
    {.bitmap_index = 31948, .adv_w = 192, .box_w = 11, .box_h = 11, .ofs_x = 0, .ofs_y = -2},
    {.bitmap_index = 31964, .adv_w = 192, .box_w = 11, .box_h = 11, .ofs_x = 0, .ofs_y = -2},
    {.bitmap_index = 31980, .adv_w = 192, .box_w = 11, .box_h = 11, .ofs_x = 0, .ofs_y = -2},
    {.bitmap_index = 31996, .adv_w = 192, .box_w = 11, .box_h = 11, .ofs_x = 0, .ofs_y = -2},
    {.bitmap_index = 32012, .adv_w = 192, .box_w = 11, .box_h = 11, .ofs_x = 0, .ofs_y = -2},
    {.bitmap_index = 32028, .adv_w = 192, .box_w = 11, .box_h = 11, .ofs_x = 0, .ofs_y = -2},
    {.bitmap_index = 32044, .adv_w = 192, .box_w = 11, .box_h = 11, .ofs_x = 0, .ofs_y = -2},
    {.bitmap_index = 32060, .adv_w = 192, .box_w = 11, .box_h = 11, .ofs_x = 0, .ofs_y = -2},
    {.bitmap_index = 32076, .adv_w = 192, .box_w = 11, .box_h = 11, .ofs_x = 0, .ofs_y = -2},
    {.bitmap_index = 32092, .adv_w = 192, .box_w = 11, .box_h = 11, .ofs_x = 0, .ofs_y = -2},
    {.bitmap_index = 32108, .adv_w = 192, .box_w = 11, .box_h = 11, .ofs_x = 0, .ofs_y = -2},
    {.bitmap_index = 32124, .adv_w = 192, .box_w = 11, .box_h = 11, .ofs_x = 0, .ofs_y = -2},
    {.bitmap_index = 32140, .adv_w = 192, .box_w = 11, .box_h = 11, .ofs_x = 0, .ofs_y = -2},
    {.bitmap_index = 32156, .adv_w = 192, .box_w = 11, .box_h = 11, .ofs_x = 0, .ofs_y = -2},
    {.bitmap_index = 32172, .adv_w = 192, .box_w = 11, .box_h = 11, .ofs_x = 0, .ofs_y = -2},
    {.bitmap_index = 32188, .adv_w = 192, .box_w = 11, .box_h = 11, .ofs_x = 0, .ofs_y = -2},
    {.bitmap_index = 32204, .adv_w = 192, .box_w = 11, .box_h = 11, .ofs_x = 0, .ofs_y = -2},
    {.bitmap_index = 32220, .adv_w = 192, .box_w = 11, .box_h = 11, .ofs_x = 0, .ofs_y = -2},
    {.bitmap_index = 32236, .adv_w = 192, .box_w = 11, .box_h = 11, .ofs_x = 0, .ofs_y = -2},
    {.bitmap_index = 32252, .adv_w = 192, .box_w = 11, .box_h = 11, .ofs_x = 0, .ofs_y = -2},
    {.bitmap_index = 32268, .adv_w = 192, .box_w = 11, .box_h = 11, .ofs_x = 0, .ofs_y = -2},
    {.bitmap_index = 32284, .adv_w = 192, .box_w = 11, .box_h = 11, .ofs_x = 0, .ofs_y = -2},
    {.bitmap_index = 32300, .adv_w = 192, .box_w = 11, .box_h = 11, .ofs_x = 0, .ofs_y = -2},
    {.bitmap_index = 32316, .adv_w = 192, .box_w = 11, .box_h = 11, .ofs_x = 0, .ofs_y = -2},
    {.bitmap_index = 32332, .adv_w = 192, .box_w = 11, .box_h = 11, .ofs_x = 0, .ofs_y = -2},
    {.bitmap_index = 32348, .adv_w = 192, .box_w = 11, .box_h = 11, .ofs_x = 0, .ofs_y = -2},
    {.bitmap_index = 32364, .adv_w = 192, .box_w = 11, .box_h = 11, .ofs_x = 0, .ofs_y = -2},
    {.bitmap_index = 32380, .adv_w = 192, .box_w = 11, .box_h = 11, .ofs_x = 0, .ofs_y = -2},
    {.bitmap_index = 32396, .adv_w = 192, .box_w = 11, .box_h = 11, .ofs_x = 0, .ofs_y = -2},
    {.bitmap_index = 32412, .adv_w = 192, .box_w = 11, .box_h = 11, .ofs_x = 0, .ofs_y = -2},
    {.bitmap_index = 32428, .adv_w = 192, .box_w = 11, .box_h = 11, .ofs_x = 0, .ofs_y = -2},
    {.bitmap_index = 32444, .adv_w = 192, .box_w = 11, .box_h = 11, .ofs_x = 0, .ofs_y = -2},
    {.bitmap_index = 32460, .adv_w = 192, .box_w = 11, .box_h = 11, .ofs_x = 0, .ofs_y = -2},
    {.bitmap_index = 32476, .adv_w = 192, .box_w = 11, .box_h = 11, .ofs_x = 0, .ofs_y = -2},
    {.bitmap_index = 32492, .adv_w = 192, .box_w = 11, .box_h = 11, .ofs_x = 0, .ofs_y = -2},
    {.bitmap_index = 32508, .adv_w = 192, .box_w = 11, .box_h = 11, .ofs_x = 0, .ofs_y = -2},
    {.bitmap_index = 32524, .adv_w = 192, .box_w = 11, .box_h = 11, .ofs_x = 0, .ofs_y = -2},
    {.bitmap_index = 32540, .adv_w = 192, .box_w = 11, .box_h = 11, .ofs_x = 0, .ofs_y = -2},
    {.bitmap_index = 32556, .adv_w = 192, .box_w = 11, .box_h = 11, .ofs_x = 0, .ofs_y = -2},
    {.bitmap_index = 32572, .adv_w = 192, .box_w = 11, .box_h = 11, .ofs_x = 0, .ofs_y = -2},
    {.bitmap_index = 32588, .adv_w = 192, .box_w = 11, .box_h = 11, .ofs_x = 0, .ofs_y = -2},
    {.bitmap_index = 32604, .adv_w = 192, .box_w = 11, .box_h = 11, .ofs_x = 0, .ofs_y = -2},
    {.bitmap_index = 32620, .adv_w = 192, .box_w = 11, .box_h = 11, .ofs_x = 0, .ofs_y = -2},
    {.bitmap_index = 32636, .adv_w = 192, .box_w = 11, .box_h = 11, .ofs_x = 0, .ofs_y = -2},
    {.bitmap_index = 32652, .adv_w = 192, .box_w = 11, .box_h = 11, .ofs_x = 0, .ofs_y = -2},
    {.bitmap_index = 32668, .adv_w = 192, .box_w = 11, .box_h = 11, .ofs_x = 0, .ofs_y = -2},
    {.bitmap_index = 32684, .adv_w = 192, .box_w = 11, .box_h = 11, .ofs_x = 0, .ofs_y = -2},
    {.bitmap_index = 32700, .adv_w = 192, .box_w = 11, .box_h = 11, .ofs_x = 0, .ofs_y = -2},
    {.bitmap_index = 32716, .adv_w = 192, .box_w = 11, .box_h = 11, .ofs_x = 0, .ofs_y = -2},
    {.bitmap_index = 32732, .adv_w = 192, .box_w = 11, .box_h = 11, .ofs_x = 0, .ofs_y = -2},
    {.bitmap_index = 32748, .adv_w = 192, .box_w = 11, .box_h = 11, .ofs_x = 0, .ofs_y = -2},
    {.bitmap_index = 32764, .adv_w = 192, .box_w = 11, .box_h = 11, .ofs_x = 0, .ofs_y = -2},
    {.bitmap_index = 32780, .adv_w = 192, .box_w = 11, .box_h = 11, .ofs_x = 0, .ofs_y = -2},
    {.bitmap_index = 32796, .adv_w = 192, .box_w = 11, .box_h = 11, .ofs_x = 0, .ofs_y = -2},
    {.bitmap_index = 32812, .adv_w = 192, .box_w = 11, .box_h = 11, .ofs_x = 0, .ofs_y = -2},
    {.bitmap_index = 32828, .adv_w = 192, .box_w = 11, .box_h = 11, .ofs_x = 0, .ofs_y = -2},
    {.bitmap_index = 32844, .adv_w = 192, .box_w = 11, .box_h = 11, .ofs_x = 0, .ofs_y = -2},
    {.bitmap_index = 32860, .adv_w = 192, .box_w = 11, .box_h = 11, .ofs_x = 0, .ofs_y = -2},
    {.bitmap_index = 32876, .adv_w = 192, .box_w = 11, .box_h = 11, .ofs_x = 0, .ofs_y = -2},
    {.bitmap_index = 32892, .adv_w = 192, .box_w = 11, .box_h = 11, .ofs_x = 0, .ofs_y = -2},
    {.bitmap_index = 32908, .adv_w = 192, .box_w = 11, .box_h = 11, .ofs_x = 0, .ofs_y = -2},
    {.bitmap_index = 32924, .adv_w = 192, .box_w = 11, .box_h = 11, .ofs_x = 0, .ofs_y = -2},
    {.bitmap_index = 32940, .adv_w = 192, .box_w = 11, .box_h = 11, .ofs_x = 0, .ofs_y = -2},
    {.bitmap_index = 32956, .adv_w = 192, .box_w = 11, .box_h = 11, .ofs_x = 0, .ofs_y = -2},
    {.bitmap_index = 32972, .adv_w = 192, .box_w = 11, .box_h = 11, .ofs_x = 0, .ofs_y = -2},
    {.bitmap_index = 32988, .adv_w = 192, .box_w = 11, .box_h = 11, .ofs_x = 0, .ofs_y = -2},
    {.bitmap_index = 33004, .adv_w = 192, .box_w = 11, .box_h = 11, .ofs_x = 0, .ofs_y = -2},
    {.bitmap_index = 33020, .adv_w = 192, .box_w = 11, .box_h = 11, .ofs_x = 0, .ofs_y = -2},
    {.bitmap_index = 33036, .adv_w = 192, .box_w = 11, .box_h = 11, .ofs_x = 0, .ofs_y = -2},
    {.bitmap_index = 33052, .adv_w = 192, .box_w = 11, .box_h = 11, .ofs_x = 0, .ofs_y = -2},
    {.bitmap_index = 33068, .adv_w = 192, .box_w = 11, .box_h = 11, .ofs_x = 0, .ofs_y = -2},
    {.bitmap_index = 33084, .adv_w = 192, .box_w = 11, .box_h = 11, .ofs_x = 0, .ofs_y = -2},
    {.bitmap_index = 33100, .adv_w = 192, .box_w = 11, .box_h = 11, .ofs_x = 0, .ofs_y = -2},
    {.bitmap_index = 33116, .adv_w = 192, .box_w = 11, .box_h = 11, .ofs_x = 0, .ofs_y = -2},
    {.bitmap_index = 33132, .adv_w = 192, .box_w = 11, .box_h = 11, .ofs_x = 0, .ofs_y = -2},
    {.bitmap_index = 33148, .adv_w = 192, .box_w = 11, .box_h = 11, .ofs_x = 0, .ofs_y = -2},
    {.bitmap_index = 33164, .adv_w = 192, .box_w = 11, .box_h = 11, .ofs_x = 0, .ofs_y = -2},
    {.bitmap_index = 33180, .adv_w = 192, .box_w = 11, .box_h = 11, .ofs_x = 0, .ofs_y = -2},
    {.bitmap_index = 33196, .adv_w = 192, .box_w = 11, .box_h = 11, .ofs_x = 0, .ofs_y = -2},
    {.bitmap_index = 33212, .adv_w = 192, .box_w = 11, .box_h = 11, .ofs_x = 0, .ofs_y = -2},
    {.bitmap_index = 33228, .adv_w = 192, .box_w = 11, .box_h = 11, .ofs_x = 0, .ofs_y = -2},
    {.bitmap_index = 33244, .adv_w = 192, .box_w = 11, .box_h = 11, .ofs_x = 0, .ofs_y = -2},
    {.bitmap_index = 33260, .adv_w = 192, .box_w = 11, .box_h = 11, .ofs_x = 0, .ofs_y = -2},
    {.bitmap_index = 33276, .adv_w = 192, .box_w = 11, .box_h = 11, .ofs_x = 0, .ofs_y = -2},
    {.bitmap_index = 33292, .adv_w = 192, .box_w = 11, .box_h = 11, .ofs_x = 0, .ofs_y = -2},
    {.bitmap_index = 33308, .adv_w = 192, .box_w = 11, .box_h = 11, .ofs_x = 0, .ofs_y = -2},
    {.bitmap_index = 33324, .adv_w = 192, .box_w = 11, .box_h = 11, .ofs_x = 0, .ofs_y = -2},
    {.bitmap_index = 33340, .adv_w = 192, .box_w = 11, .box_h = 11, .ofs_x = 0, .ofs_y = -2},
    {.bitmap_index = 33356, .adv_w = 192, .box_w = 11, .box_h = 11, .ofs_x = 0, .ofs_y = -2},
    {.bitmap_index = 33372, .adv_w = 192, .box_w = 11, .box_h = 11, .ofs_x = 0, .ofs_y = -2},
    {.bitmap_index = 33388, .adv_w = 192, .box_w = 11, .box_h = 11, .ofs_x = 0, .ofs_y = -2},
    {.bitmap_index = 33404, .adv_w = 192, .box_w = 11, .box_h = 11, .ofs_x = 0, .ofs_y = -2},
    {.bitmap_index = 33420, .adv_w = 192, .box_w = 11, .box_h = 11, .ofs_x = 0, .ofs_y = -2},
    {.bitmap_index = 33436, .adv_w = 192, .box_w = 11, .box_h = 11, .ofs_x = 0, .ofs_y = -2},
    {.bitmap_index = 33452, .adv_w = 192, .box_w = 11, .box_h = 11, .ofs_x = 0, .ofs_y = -2},
    {.bitmap_index = 33468, .adv_w = 192, .box_w = 11, .box_h = 11, .ofs_x = 0, .ofs_y = -2},
    {.bitmap_index = 33484, .adv_w = 192, .box_w = 11, .box_h = 11, .ofs_x = 0, .ofs_y = -2},
    {.bitmap_index = 33500, .adv_w = 192, .box_w = 11, .box_h = 11, .ofs_x = 0, .ofs_y = -2},
    {.bitmap_index = 33516, .adv_w = 192, .box_w = 11, .box_h = 11, .ofs_x = 0, .ofs_y = -2},
    {.bitmap_index = 33532, .adv_w = 192, .box_w = 11, .box_h = 11, .ofs_x = 0, .ofs_y = -2},
    {.bitmap_index = 33548, .adv_w = 192, .box_w = 11, .box_h = 11, .ofs_x = 0, .ofs_y = -2},
    {.bitmap_index = 33564, .adv_w = 192, .box_w = 11, .box_h = 11, .ofs_x = 0, .ofs_y = -2},
    {.bitmap_index = 33580, .adv_w = 192, .box_w = 11, .box_h = 11, .ofs_x = 0, .ofs_y = -2},
    {.bitmap_index = 33596, .adv_w = 192, .box_w = 11, .box_h = 11, .ofs_x = 0, .ofs_y = -2},
    {.bitmap_index = 33612, .adv_w = 192, .box_w = 11, .box_h = 11, .ofs_x = 0, .ofs_y = -2},
    {.bitmap_index = 33628, .adv_w = 192, .box_w = 11, .box_h = 11, .ofs_x = 0, .ofs_y = -2},
    {.bitmap_index = 33644, .adv_w = 192, .box_w = 11, .box_h = 11, .ofs_x = 0, .ofs_y = -2},
    {.bitmap_index = 33660, .adv_w = 192, .box_w = 11, .box_h = 11, .ofs_x = 0, .ofs_y = -2},
    {.bitmap_index = 33676, .adv_w = 192, .box_w = 11, .box_h = 11, .ofs_x = 0, .ofs_y = -2},
    {.bitmap_index = 33692, .adv_w = 192, .box_w = 11, .box_h = 11, .ofs_x = 0, .ofs_y = -2},
    {.bitmap_index = 33708, .adv_w = 192, .box_w = 11, .box_h = 11, .ofs_x = 0, .ofs_y = -2},
    {.bitmap_index = 33724, .adv_w = 192, .box_w = 11, .box_h = 11, .ofs_x = 0, .ofs_y = -2},
    {.bitmap_index = 33740, .adv_w = 192, .box_w = 11, .box_h = 11, .ofs_x = 0, .ofs_y = -2},
    {.bitmap_index = 33756, .adv_w = 192, .box_w = 11, .box_h = 11, .ofs_x = 0, .ofs_y = -2},
    {.bitmap_index = 33772, .adv_w = 192, .box_w = 11, .box_h = 11, .ofs_x = 0, .ofs_y = -2},
    {.bitmap_index = 33788, .adv_w = 192, .box_w = 11, .box_h = 11, .ofs_x = 0, .ofs_y = -2},
    {.bitmap_index = 33804, .adv_w = 192, .box_w = 11, .box_h = 11, .ofs_x = 0, .ofs_y = -2},
    {.bitmap_index = 33820, .adv_w = 192, .box_w = 11, .box_h = 11, .ofs_x = 0, .ofs_y = -2},
    {.bitmap_index = 33836, .adv_w = 192, .box_w = 11, .box_h = 11, .ofs_x = 0, .ofs_y = -2},
    {.bitmap_index = 33852, .adv_w = 192, .box_w = 11, .box_h = 11, .ofs_x = 0, .ofs_y = -2},
    {.bitmap_index = 33868, .adv_w = 192, .box_w = 11, .box_h = 11, .ofs_x = 0, .ofs_y = -2},
    {.bitmap_index = 33884, .adv_w = 192, .box_w = 11, .box_h = 11, .ofs_x = 0, .ofs_y = -2},
    {.bitmap_index = 33900, .adv_w = 192, .box_w = 11, .box_h = 11, .ofs_x = 0, .ofs_y = -2},
    {.bitmap_index = 33916, .adv_w = 192, .box_w = 11, .box_h = 11, .ofs_x = 0, .ofs_y = -2},
    {.bitmap_index = 33932, .adv_w = 192, .box_w = 11, .box_h = 11, .ofs_x = 0, .ofs_y = -2},
    {.bitmap_index = 33948, .adv_w = 192, .box_w = 11, .box_h = 11, .ofs_x = 0, .ofs_y = -2},
    {.bitmap_index = 33964, .adv_w = 192, .box_w = 11, .box_h = 11, .ofs_x = 0, .ofs_y = -2},
    {.bitmap_index = 33980, .adv_w = 192, .box_w = 11, .box_h = 11, .ofs_x = 0, .ofs_y = -2},
    {.bitmap_index = 33996, .adv_w = 192, .box_w = 11, .box_h = 11, .ofs_x = 0, .ofs_y = -2},
    {.bitmap_index = 34012, .adv_w = 192, .box_w = 11, .box_h = 11, .ofs_x = 0, .ofs_y = -2},
    {.bitmap_index = 34028, .adv_w = 192, .box_w = 11, .box_h = 11, .ofs_x = 0, .ofs_y = -2},
    {.bitmap_index = 34044, .adv_w = 192, .box_w = 11, .box_h = 11, .ofs_x = 0, .ofs_y = -2},
    {.bitmap_index = 34060, .adv_w = 192, .box_w = 11, .box_h = 11, .ofs_x = 0, .ofs_y = -2},
    {.bitmap_index = 34076, .adv_w = 192, .box_w = 11, .box_h = 11, .ofs_x = 0, .ofs_y = -2},
    {.bitmap_index = 34092, .adv_w = 192, .box_w = 11, .box_h = 11, .ofs_x = 0, .ofs_y = -2},
    {.bitmap_index = 34108, .adv_w = 192, .box_w = 11, .box_h = 11, .ofs_x = 0, .ofs_y = -2},
    {.bitmap_index = 34124, .adv_w = 192, .box_w = 11, .box_h = 11, .ofs_x = 0, .ofs_y = -2},
    {.bitmap_index = 34140, .adv_w = 192, .box_w = 11, .box_h = 11, .ofs_x = 0, .ofs_y = -2},
    {.bitmap_index = 34156, .adv_w = 192, .box_w = 11, .box_h = 11, .ofs_x = 0, .ofs_y = -2},
    {.bitmap_index = 34172, .adv_w = 192, .box_w = 11, .box_h = 11, .ofs_x = 0, .ofs_y = -2},
    {.bitmap_index = 34188, .adv_w = 192, .box_w = 11, .box_h = 11, .ofs_x = 0, .ofs_y = -2},
    {.bitmap_index = 34204, .adv_w = 192, .box_w = 11, .box_h = 11, .ofs_x = 0, .ofs_y = -2},
    {.bitmap_index = 34220, .adv_w = 192, .box_w = 11, .box_h = 11, .ofs_x = 0, .ofs_y = -2},
    {.bitmap_index = 34236, .adv_w = 192, .box_w = 11, .box_h = 11, .ofs_x = 0, .ofs_y = -2},
    {.bitmap_index = 34252, .adv_w = 192, .box_w = 11, .box_h = 11, .ofs_x = 0, .ofs_y = -2},
    {.bitmap_index = 34268, .adv_w = 192, .box_w = 11, .box_h = 11, .ofs_x = 0, .ofs_y = -2},
    {.bitmap_index = 34284, .adv_w = 192, .box_w = 11, .box_h = 11, .ofs_x = 0, .ofs_y = -2},
    {.bitmap_index = 34300, .adv_w = 192, .box_w = 11, .box_h = 11, .ofs_x = 0, .ofs_y = -2},
    {.bitmap_index = 34316, .adv_w = 192, .box_w = 11, .box_h = 11, .ofs_x = 0, .ofs_y = -2},
    {.bitmap_index = 34332, .adv_w = 192, .box_w = 11, .box_h = 11, .ofs_x = 0, .ofs_y = -2},
    {.bitmap_index = 34348, .adv_w = 192, .box_w = 11, .box_h = 11, .ofs_x = 0, .ofs_y = -2},
    {.bitmap_index = 34364, .adv_w = 192, .box_w = 11, .box_h = 11, .ofs_x = 0, .ofs_y = -2},
    {.bitmap_index = 34380, .adv_w = 192, .box_w = 11, .box_h = 11, .ofs_x = 0, .ofs_y = -2},
    {.bitmap_index = 34396, .adv_w = 192, .box_w = 11, .box_h = 11, .ofs_x = 0, .ofs_y = -2},
    {.bitmap_index = 34412, .adv_w = 192, .box_w = 11, .box_h = 11, .ofs_x = 0, .ofs_y = -2},
    {.bitmap_index = 34428, .adv_w = 192, .box_w = 11, .box_h = 11, .ofs_x = 0, .ofs_y = -2},
    {.bitmap_index = 34444, .adv_w = 192, .box_w = 11, .box_h = 11, .ofs_x = 0, .ofs_y = -2},
    {.bitmap_index = 34460, .adv_w = 192, .box_w = 11, .box_h = 11, .ofs_x = 0, .ofs_y = -2},
    {.bitmap_index = 34476, .adv_w = 192, .box_w = 11, .box_h = 11, .ofs_x = 0, .ofs_y = -2},
    {.bitmap_index = 34492, .adv_w = 192, .box_w = 11, .box_h = 11, .ofs_x = 0, .ofs_y = -2},
    {.bitmap_index = 34508, .adv_w = 192, .box_w = 11, .box_h = 11, .ofs_x = 0, .ofs_y = -2},
    {.bitmap_index = 34524, .adv_w = 192, .box_w = 11, .box_h = 11, .ofs_x = 0, .ofs_y = -2},
    {.bitmap_index = 34540, .adv_w = 192, .box_w = 11, .box_h = 11, .ofs_x = 0, .ofs_y = -2},
    {.bitmap_index = 34556, .adv_w = 192, .box_w = 11, .box_h = 11, .ofs_x = 0, .ofs_y = -2},
    {.bitmap_index = 34572, .adv_w = 192, .box_w = 11, .box_h = 11, .ofs_x = 0, .ofs_y = -2},
    {.bitmap_index = 34588, .adv_w = 192, .box_w = 11, .box_h = 11, .ofs_x = 0, .ofs_y = -2},
    {.bitmap_index = 34604, .adv_w = 192, .box_w = 11, .box_h = 11, .ofs_x = 0, .ofs_y = -2},
    {.bitmap_index = 34620, .adv_w = 192, .box_w = 11, .box_h = 11, .ofs_x = 0, .ofs_y = -2},
    {.bitmap_index = 34636, .adv_w = 192, .box_w = 11, .box_h = 11, .ofs_x = 0, .ofs_y = -2},
    {.bitmap_index = 34652, .adv_w = 192, .box_w = 11, .box_h = 11, .ofs_x = 0, .ofs_y = -2},
    {.bitmap_index = 34668, .adv_w = 192, .box_w = 11, .box_h = 11, .ofs_x = 0, .ofs_y = -2},
    {.bitmap_index = 34684, .adv_w = 192, .box_w = 11, .box_h = 11, .ofs_x = 0, .ofs_y = -2},
    {.bitmap_index = 34700, .adv_w = 192, .box_w = 11, .box_h = 11, .ofs_x = 0, .ofs_y = -2},
    {.bitmap_index = 34716, .adv_w = 192, .box_w = 11, .box_h = 11, .ofs_x = 0, .ofs_y = -2},
    {.bitmap_index = 34732, .adv_w = 192, .box_w = 11, .box_h = 11, .ofs_x = 0, .ofs_y = -2},
    {.bitmap_index = 34748, .adv_w = 192, .box_w = 11, .box_h = 11, .ofs_x = 0, .ofs_y = -2},
    {.bitmap_index = 34764, .adv_w = 192, .box_w = 11, .box_h = 11, .ofs_x = 0, .ofs_y = -2},
    {.bitmap_index = 34780, .adv_w = 192, .box_w = 11, .box_h = 11, .ofs_x = 0, .ofs_y = -2},
    {.bitmap_index = 34796, .adv_w = 192, .box_w = 11, .box_h = 11, .ofs_x = 0, .ofs_y = -2},
    {.bitmap_index = 34812, .adv_w = 192, .box_w = 11, .box_h = 11, .ofs_x = 0, .ofs_y = -2},
    {.bitmap_index = 34828, .adv_w = 192, .box_w = 11, .box_h = 11, .ofs_x = 0, .ofs_y = -2},
    {.bitmap_index = 34844, .adv_w = 192, .box_w = 11, .box_h = 11, .ofs_x = 0, .ofs_y = -2},
    {.bitmap_index = 34860, .adv_w = 192, .box_w = 11, .box_h = 11, .ofs_x = 0, .ofs_y = -2},
    {.bitmap_index = 34876, .adv_w = 192, .box_w = 11, .box_h = 11, .ofs_x = 0, .ofs_y = -2},
    {.bitmap_index = 34892, .adv_w = 192, .box_w = 11, .box_h = 11, .ofs_x = 0, .ofs_y = -2},
    {.bitmap_index = 34908, .adv_w = 192, .box_w = 11, .box_h = 11, .ofs_x = 0, .ofs_y = -2},
    {.bitmap_index = 34924, .adv_w = 192, .box_w = 11, .box_h = 11, .ofs_x = 0, .ofs_y = -2},
    {.bitmap_index = 34940, .adv_w = 192, .box_w = 11, .box_h = 11, .ofs_x = 0, .ofs_y = -2},
    {.bitmap_index = 34956, .adv_w = 192, .box_w = 11, .box_h = 11, .ofs_x = 0, .ofs_y = -2},
    {.bitmap_index = 34972, .adv_w = 192, .box_w = 11, .box_h = 11, .ofs_x = 0, .ofs_y = -2},
    {.bitmap_index = 34988, .adv_w = 192, .box_w = 11, .box_h = 11, .ofs_x = 0, .ofs_y = -2},
    {.bitmap_index = 35004, .adv_w = 192, .box_w = 11, .box_h = 11, .ofs_x = 0, .ofs_y = -2},
    {.bitmap_index = 35020, .adv_w = 192, .box_w = 11, .box_h = 11, .ofs_x = 0, .ofs_y = -2},
    {.bitmap_index = 35036, .adv_w = 192, .box_w = 11, .box_h = 11, .ofs_x = 0, .ofs_y = -2},
    {.bitmap_index = 35052, .adv_w = 192, .box_w = 11, .box_h = 11, .ofs_x = 0, .ofs_y = -2},
    {.bitmap_index = 35068, .adv_w = 192, .box_w = 11, .box_h = 11, .ofs_x = 0, .ofs_y = -2},
    {.bitmap_index = 35084, .adv_w = 192, .box_w = 11, .box_h = 11, .ofs_x = 0, .ofs_y = -2},
    {.bitmap_index = 35100, .adv_w = 192, .box_w = 11, .box_h = 11, .ofs_x = 0, .ofs_y = -2},
    {.bitmap_index = 35116, .adv_w = 192, .box_w = 11, .box_h = 11, .ofs_x = 0, .ofs_y = -2},
    {.bitmap_index = 35132, .adv_w = 192, .box_w = 11, .box_h = 11, .ofs_x = 0, .ofs_y = -2},
    {.bitmap_index = 35148, .adv_w = 192, .box_w = 11, .box_h = 11, .ofs_x = 0, .ofs_y = -2},
    {.bitmap_index = 35164, .adv_w = 192, .box_w = 11, .box_h = 11, .ofs_x = 0, .ofs_y = -2},
    {.bitmap_index = 35180, .adv_w = 192, .box_w = 11, .box_h = 11, .ofs_x = 0, .ofs_y = -2},
    {.bitmap_index = 35196, .adv_w = 192, .box_w = 11, .box_h = 11, .ofs_x = 0, .ofs_y = -2},
    {.bitmap_index = 35212, .adv_w = 192, .box_w = 11, .box_h = 11, .ofs_x = 0, .ofs_y = -2},
    {.bitmap_index = 35228, .adv_w = 192, .box_w = 11, .box_h = 11, .ofs_x = 0, .ofs_y = -2},
    {.bitmap_index = 35244, .adv_w = 192, .box_w = 11, .box_h = 11, .ofs_x = 0, .ofs_y = -2},
    {.bitmap_index = 35260, .adv_w = 192, .box_w = 11, .box_h = 11, .ofs_x = 0, .ofs_y = -2},
    {.bitmap_index = 35276, .adv_w = 192, .box_w = 11, .box_h = 11, .ofs_x = 0, .ofs_y = -2},
    {.bitmap_index = 35292, .adv_w = 192, .box_w = 11, .box_h = 11, .ofs_x = 0, .ofs_y = -2},
    {.bitmap_index = 35308, .adv_w = 192, .box_w = 11, .box_h = 11, .ofs_x = 0, .ofs_y = -2},
    {.bitmap_index = 35324, .adv_w = 192, .box_w = 11, .box_h = 11, .ofs_x = 0, .ofs_y = -2},
    {.bitmap_index = 35340, .adv_w = 192, .box_w = 11, .box_h = 11, .ofs_x = 0, .ofs_y = -2},
    {.bitmap_index = 35356, .adv_w = 192, .box_w = 11, .box_h = 11, .ofs_x = 0, .ofs_y = -2},
    {.bitmap_index = 35372, .adv_w = 192, .box_w = 11, .box_h = 11, .ofs_x = 0, .ofs_y = -2},
    {.bitmap_index = 35388, .adv_w = 192, .box_w = 11, .box_h = 11, .ofs_x = 0, .ofs_y = -2},
    {.bitmap_index = 35404, .adv_w = 192, .box_w = 11, .box_h = 11, .ofs_x = 0, .ofs_y = -2},
    {.bitmap_index = 35420, .adv_w = 192, .box_w = 11, .box_h = 11, .ofs_x = 0, .ofs_y = -2},
    {.bitmap_index = 35436, .adv_w = 192, .box_w = 11, .box_h = 11, .ofs_x = 0, .ofs_y = -2},
    {.bitmap_index = 35452, .adv_w = 192, .box_w = 11, .box_h = 11, .ofs_x = 0, .ofs_y = -2},
    {.bitmap_index = 35468, .adv_w = 192, .box_w = 11, .box_h = 11, .ofs_x = 0, .ofs_y = -2},
    {.bitmap_index = 35484, .adv_w = 192, .box_w = 11, .box_h = 11, .ofs_x = 0, .ofs_y = -2},
    {.bitmap_index = 35500, .adv_w = 192, .box_w = 11, .box_h = 11, .ofs_x = 0, .ofs_y = -2},
    {.bitmap_index = 35516, .adv_w = 192, .box_w = 11, .box_h = 11, .ofs_x = 0, .ofs_y = -2},
    {.bitmap_index = 35532, .adv_w = 192, .box_w = 10, .box_h = 11, .ofs_x = 0, .ofs_y = -2},
    {.bitmap_index = 35546, .adv_w = 192, .box_w = 11, .box_h = 11, .ofs_x = 0, .ofs_y = -2},
    {.bitmap_index = 35562, .adv_w = 192, .box_w = 11, .box_h = 11, .ofs_x = 0, .ofs_y = -2},
    {.bitmap_index = 35578, .adv_w = 192, .box_w = 11, .box_h = 11, .ofs_x = 0, .ofs_y = -2},
    {.bitmap_index = 35594, .adv_w = 192, .box_w = 11, .box_h = 11, .ofs_x = 0, .ofs_y = -2},
    {.bitmap_index = 35610, .adv_w = 192, .box_w = 11, .box_h = 11, .ofs_x = 0, .ofs_y = -2},
    {.bitmap_index = 35626, .adv_w = 192, .box_w = 11, .box_h = 11, .ofs_x = 0, .ofs_y = -2},
    {.bitmap_index = 35642, .adv_w = 192, .box_w = 11, .box_h = 11, .ofs_x = 0, .ofs_y = -2},
    {.bitmap_index = 35658, .adv_w = 192, .box_w = 11, .box_h = 11, .ofs_x = 0, .ofs_y = -2},
    {.bitmap_index = 35674, .adv_w = 192, .box_w = 11, .box_h = 11, .ofs_x = 0, .ofs_y = -2},
    {.bitmap_index = 35690, .adv_w = 192, .box_w = 11, .box_h = 11, .ofs_x = 0, .ofs_y = -2},
    {.bitmap_index = 35706, .adv_w = 192, .box_w = 11, .box_h = 11, .ofs_x = 0, .ofs_y = -2},
    {.bitmap_index = 35722, .adv_w = 192, .box_w = 11, .box_h = 11, .ofs_x = 0, .ofs_y = -2},
    {.bitmap_index = 35738, .adv_w = 192, .box_w = 11, .box_h = 11, .ofs_x = 0, .ofs_y = -2},
    {.bitmap_index = 35754, .adv_w = 192, .box_w = 11, .box_h = 11, .ofs_x = 0, .ofs_y = -2},
    {.bitmap_index = 35770, .adv_w = 192, .box_w = 11, .box_h = 11, .ofs_x = 0, .ofs_y = -2},
    {.bitmap_index = 35786, .adv_w = 192, .box_w = 11, .box_h = 11, .ofs_x = 0, .ofs_y = -2},
    {.bitmap_index = 35802, .adv_w = 192, .box_w = 11, .box_h = 11, .ofs_x = 0, .ofs_y = -2},
    {.bitmap_index = 35818, .adv_w = 192, .box_w = 11, .box_h = 11, .ofs_x = 0, .ofs_y = -2},
    {.bitmap_index = 35834, .adv_w = 192, .box_w = 11, .box_h = 11, .ofs_x = 0, .ofs_y = -2},
    {.bitmap_index = 35850, .adv_w = 192, .box_w = 11, .box_h = 11, .ofs_x = 0, .ofs_y = -2},
    {.bitmap_index = 35866, .adv_w = 192, .box_w = 11, .box_h = 11, .ofs_x = 0, .ofs_y = -2},
    {.bitmap_index = 35882, .adv_w = 192, .box_w = 11, .box_h = 11, .ofs_x = 0, .ofs_y = -2},
    {.bitmap_index = 35898, .adv_w = 192, .box_w = 11, .box_h = 11, .ofs_x = 0, .ofs_y = -2},
    {.bitmap_index = 35914, .adv_w = 192, .box_w = 11, .box_h = 11, .ofs_x = 0, .ofs_y = -2},
    {.bitmap_index = 35930, .adv_w = 192, .box_w = 11, .box_h = 11, .ofs_x = 0, .ofs_y = -2},
    {.bitmap_index = 35946, .adv_w = 192, .box_w = 11, .box_h = 11, .ofs_x = 0, .ofs_y = -2},
    {.bitmap_index = 35962, .adv_w = 192, .box_w = 11, .box_h = 11, .ofs_x = 0, .ofs_y = -2},
    {.bitmap_index = 35978, .adv_w = 192, .box_w = 11, .box_h = 11, .ofs_x = 0, .ofs_y = -2},
    {.bitmap_index = 35994, .adv_w = 192, .box_w = 11, .box_h = 11, .ofs_x = 0, .ofs_y = -2},
    {.bitmap_index = 36010, .adv_w = 192, .box_w = 11, .box_h = 11, .ofs_x = 0, .ofs_y = -2},
    {.bitmap_index = 36026, .adv_w = 192, .box_w = 11, .box_h = 11, .ofs_x = 0, .ofs_y = -2},
    {.bitmap_index = 36042, .adv_w = 192, .box_w = 11, .box_h = 11, .ofs_x = 0, .ofs_y = -2},
    {.bitmap_index = 36058, .adv_w = 192, .box_w = 11, .box_h = 11, .ofs_x = 0, .ofs_y = -2},
    {.bitmap_index = 36074, .adv_w = 192, .box_w = 11, .box_h = 11, .ofs_x = 0, .ofs_y = -2},
    {.bitmap_index = 36090, .adv_w = 192, .box_w = 11, .box_h = 11, .ofs_x = 0, .ofs_y = -2},
    {.bitmap_index = 36106, .adv_w = 192, .box_w = 11, .box_h = 11, .ofs_x = 0, .ofs_y = -2},
    {.bitmap_index = 36122, .adv_w = 192, .box_w = 11, .box_h = 11, .ofs_x = 0, .ofs_y = -2},
    {.bitmap_index = 36138, .adv_w = 192, .box_w = 11, .box_h = 11, .ofs_x = 0, .ofs_y = -2},
    {.bitmap_index = 36154, .adv_w = 192, .box_w = 11, .box_h = 11, .ofs_x = 0, .ofs_y = -2},
    {.bitmap_index = 36170, .adv_w = 192, .box_w = 11, .box_h = 11, .ofs_x = 0, .ofs_y = -2},
    {.bitmap_index = 36186, .adv_w = 192, .box_w = 11, .box_h = 11, .ofs_x = 0, .ofs_y = -2},
    {.bitmap_index = 36202, .adv_w = 192, .box_w = 11, .box_h = 11, .ofs_x = 0, .ofs_y = -2},
    {.bitmap_index = 36218, .adv_w = 192, .box_w = 11, .box_h = 11, .ofs_x = 0, .ofs_y = -2},
    {.bitmap_index = 36234, .adv_w = 192, .box_w = 11, .box_h = 11, .ofs_x = 0, .ofs_y = -2},
    {.bitmap_index = 36250, .adv_w = 192, .box_w = 11, .box_h = 11, .ofs_x = 0, .ofs_y = -2},
    {.bitmap_index = 36266, .adv_w = 192, .box_w = 11, .box_h = 11, .ofs_x = 0, .ofs_y = -2},
    {.bitmap_index = 36282, .adv_w = 192, .box_w = 11, .box_h = 11, .ofs_x = 0, .ofs_y = -2},
    {.bitmap_index = 36298, .adv_w = 192, .box_w = 11, .box_h = 11, .ofs_x = 0, .ofs_y = -2},
    {.bitmap_index = 36314, .adv_w = 192, .box_w = 11, .box_h = 11, .ofs_x = 0, .ofs_y = -2},
    {.bitmap_index = 36330, .adv_w = 192, .box_w = 11, .box_h = 11, .ofs_x = 0, .ofs_y = -2},
    {.bitmap_index = 36346, .adv_w = 192, .box_w = 11, .box_h = 11, .ofs_x = 0, .ofs_y = -2},
    {.bitmap_index = 36362, .adv_w = 192, .box_w = 11, .box_h = 11, .ofs_x = 0, .ofs_y = -2},
    {.bitmap_index = 36378, .adv_w = 192, .box_w = 11, .box_h = 11, .ofs_x = 0, .ofs_y = -2},
    {.bitmap_index = 36394, .adv_w = 192, .box_w = 11, .box_h = 11, .ofs_x = 0, .ofs_y = -2},
    {.bitmap_index = 36410, .adv_w = 192, .box_w = 11, .box_h = 11, .ofs_x = 0, .ofs_y = -2},
    {.bitmap_index = 36426, .adv_w = 192, .box_w = 11, .box_h = 11, .ofs_x = 0, .ofs_y = -2},
    {.bitmap_index = 36442, .adv_w = 192, .box_w = 11, .box_h = 11, .ofs_x = 0, .ofs_y = -2},
    {.bitmap_index = 36458, .adv_w = 192, .box_w = 11, .box_h = 11, .ofs_x = 0, .ofs_y = -2},
    {.bitmap_index = 36474, .adv_w = 192, .box_w = 11, .box_h = 11, .ofs_x = 0, .ofs_y = -2},
    {.bitmap_index = 36490, .adv_w = 192, .box_w = 11, .box_h = 11, .ofs_x = 0, .ofs_y = -2},
    {.bitmap_index = 36506, .adv_w = 192, .box_w = 11, .box_h = 11, .ofs_x = 0, .ofs_y = -2},
    {.bitmap_index = 36522, .adv_w = 192, .box_w = 11, .box_h = 11, .ofs_x = 0, .ofs_y = -2},
    {.bitmap_index = 36538, .adv_w = 192, .box_w = 11, .box_h = 11, .ofs_x = 0, .ofs_y = -2},
    {.bitmap_index = 36554, .adv_w = 192, .box_w = 11, .box_h = 11, .ofs_x = 0, .ofs_y = -2},
    {.bitmap_index = 36570, .adv_w = 192, .box_w = 11, .box_h = 11, .ofs_x = 0, .ofs_y = -2},
    {.bitmap_index = 36586, .adv_w = 192, .box_w = 11, .box_h = 11, .ofs_x = 0, .ofs_y = -2},
    {.bitmap_index = 36602, .adv_w = 192, .box_w = 11, .box_h = 11, .ofs_x = 0, .ofs_y = -2},
    {.bitmap_index = 36618, .adv_w = 192, .box_w = 11, .box_h = 11, .ofs_x = 0, .ofs_y = -2},
    {.bitmap_index = 36634, .adv_w = 192, .box_w = 11, .box_h = 11, .ofs_x = 0, .ofs_y = -2},
    {.bitmap_index = 36650, .adv_w = 192, .box_w = 11, .box_h = 11, .ofs_x = 0, .ofs_y = -2},
    {.bitmap_index = 36666, .adv_w = 192, .box_w = 9, .box_h = 11, .ofs_x = 1, .ofs_y = -2},
    {.bitmap_index = 36679, .adv_w = 192, .box_w = 11, .box_h = 11, .ofs_x = 0, .ofs_y = -2},
    {.bitmap_index = 36695, .adv_w = 192, .box_w = 11, .box_h = 11, .ofs_x = 0, .ofs_y = -2},
    {.bitmap_index = 36711, .adv_w = 192, .box_w = 11, .box_h = 11, .ofs_x = 0, .ofs_y = -2},
    {.bitmap_index = 36727, .adv_w = 192, .box_w = 11, .box_h = 11, .ofs_x = 0, .ofs_y = -2},
    {.bitmap_index = 36743, .adv_w = 192, .box_w = 11, .box_h = 11, .ofs_x = 0, .ofs_y = -2},
    {.bitmap_index = 36759, .adv_w = 192, .box_w = 11, .box_h = 11, .ofs_x = 0, .ofs_y = -2},
    {.bitmap_index = 36775, .adv_w = 192, .box_w = 11, .box_h = 11, .ofs_x = 0, .ofs_y = -2},
    {.bitmap_index = 36791, .adv_w = 192, .box_w = 11, .box_h = 11, .ofs_x = 0, .ofs_y = -2},
    {.bitmap_index = 36807, .adv_w = 192, .box_w = 11, .box_h = 11, .ofs_x = 0, .ofs_y = -2},
    {.bitmap_index = 36823, .adv_w = 192, .box_w = 11, .box_h = 11, .ofs_x = 0, .ofs_y = -2},
    {.bitmap_index = 36839, .adv_w = 192, .box_w = 11, .box_h = 9, .ofs_x = 0, .ofs_y = -1},
    {.bitmap_index = 36852, .adv_w = 192, .box_w = 11, .box_h = 11, .ofs_x = 0, .ofs_y = -2},
    {.bitmap_index = 36868, .adv_w = 192, .box_w = 11, .box_h = 11, .ofs_x = 0, .ofs_y = -2},
    {.bitmap_index = 36884, .adv_w = 192, .box_w = 11, .box_h = 11, .ofs_x = 0, .ofs_y = -2},
    {.bitmap_index = 36900, .adv_w = 192, .box_w = 11, .box_h = 11, .ofs_x = 0, .ofs_y = -2},
    {.bitmap_index = 36916, .adv_w = 192, .box_w = 11, .box_h = 11, .ofs_x = 0, .ofs_y = -2},
    {.bitmap_index = 36932, .adv_w = 192, .box_w = 11, .box_h = 11, .ofs_x = 0, .ofs_y = -2},
    {.bitmap_index = 36948, .adv_w = 192, .box_w = 11, .box_h = 11, .ofs_x = 0, .ofs_y = -2},
    {.bitmap_index = 36964, .adv_w = 192, .box_w = 11, .box_h = 11, .ofs_x = 0, .ofs_y = -2},
    {.bitmap_index = 36980, .adv_w = 192, .box_w = 11, .box_h = 11, .ofs_x = 0, .ofs_y = -2},
    {.bitmap_index = 36996, .adv_w = 192, .box_w = 11, .box_h = 11, .ofs_x = 0, .ofs_y = -2},
    {.bitmap_index = 37012, .adv_w = 192, .box_w = 11, .box_h = 11, .ofs_x = 0, .ofs_y = -2},
    {.bitmap_index = 37028, .adv_w = 192, .box_w = 11, .box_h = 11, .ofs_x = 0, .ofs_y = -2},
    {.bitmap_index = 37044, .adv_w = 192, .box_w = 11, .box_h = 11, .ofs_x = 0, .ofs_y = -2},
    {.bitmap_index = 37060, .adv_w = 192, .box_w = 11, .box_h = 11, .ofs_x = 0, .ofs_y = -2},
    {.bitmap_index = 37076, .adv_w = 192, .box_w = 11, .box_h = 11, .ofs_x = 0, .ofs_y = -2},
    {.bitmap_index = 37092, .adv_w = 192, .box_w = 11, .box_h = 11, .ofs_x = 0, .ofs_y = -2},
    {.bitmap_index = 37108, .adv_w = 192, .box_w = 9, .box_h = 11, .ofs_x = 1, .ofs_y = -2},
    {.bitmap_index = 37121, .adv_w = 192, .box_w = 11, .box_h = 11, .ofs_x = 0, .ofs_y = -2},
    {.bitmap_index = 37137, .adv_w = 192, .box_w = 11, .box_h = 11, .ofs_x = 0, .ofs_y = -2},
    {.bitmap_index = 37153, .adv_w = 192, .box_w = 11, .box_h = 11, .ofs_x = 0, .ofs_y = -2},
    {.bitmap_index = 37169, .adv_w = 192, .box_w = 11, .box_h = 11, .ofs_x = 0, .ofs_y = -2},
    {.bitmap_index = 37185, .adv_w = 192, .box_w = 11, .box_h = 11, .ofs_x = 0, .ofs_y = -2},
    {.bitmap_index = 37201, .adv_w = 192, .box_w = 11, .box_h = 11, .ofs_x = 0, .ofs_y = -2},
    {.bitmap_index = 37217, .adv_w = 192, .box_w = 11, .box_h = 11, .ofs_x = 0, .ofs_y = -2},
    {.bitmap_index = 37233, .adv_w = 192, .box_w = 11, .box_h = 11, .ofs_x = 0, .ofs_y = -2},
    {.bitmap_index = 37249, .adv_w = 192, .box_w = 11, .box_h = 11, .ofs_x = 0, .ofs_y = -2},
    {.bitmap_index = 37265, .adv_w = 192, .box_w = 11, .box_h = 11, .ofs_x = 0, .ofs_y = -2},
    {.bitmap_index = 37281, .adv_w = 192, .box_w = 11, .box_h = 11, .ofs_x = 0, .ofs_y = -2},
    {.bitmap_index = 37297, .adv_w = 192, .box_w = 11, .box_h = 11, .ofs_x = 0, .ofs_y = -2},
    {.bitmap_index = 37313, .adv_w = 192, .box_w = 11, .box_h = 11, .ofs_x = 0, .ofs_y = -2},
    {.bitmap_index = 37329, .adv_w = 192, .box_w = 11, .box_h = 11, .ofs_x = 0, .ofs_y = -2},
    {.bitmap_index = 37345, .adv_w = 192, .box_w = 11, .box_h = 11, .ofs_x = 0, .ofs_y = -2},
    {.bitmap_index = 37361, .adv_w = 192, .box_w = 11, .box_h = 11, .ofs_x = 0, .ofs_y = -2},
    {.bitmap_index = 37377, .adv_w = 192, .box_w = 11, .box_h = 11, .ofs_x = 0, .ofs_y = -2},
    {.bitmap_index = 37393, .adv_w = 192, .box_w = 11, .box_h = 11, .ofs_x = 0, .ofs_y = -2},
    {.bitmap_index = 37409, .adv_w = 192, .box_w = 11, .box_h = 11, .ofs_x = 0, .ofs_y = -2},
    {.bitmap_index = 37425, .adv_w = 192, .box_w = 11, .box_h = 11, .ofs_x = 0, .ofs_y = -2},
    {.bitmap_index = 37441, .adv_w = 192, .box_w = 11, .box_h = 11, .ofs_x = 0, .ofs_y = -2},
    {.bitmap_index = 37457, .adv_w = 192, .box_w = 11, .box_h = 11, .ofs_x = 0, .ofs_y = -2},
    {.bitmap_index = 37473, .adv_w = 192, .box_w = 11, .box_h = 11, .ofs_x = 0, .ofs_y = -2},
    {.bitmap_index = 37489, .adv_w = 192, .box_w = 11, .box_h = 11, .ofs_x = 0, .ofs_y = -2},
    {.bitmap_index = 37505, .adv_w = 192, .box_w = 11, .box_h = 11, .ofs_x = 0, .ofs_y = -2},
    {.bitmap_index = 37521, .adv_w = 192, .box_w = 11, .box_h = 11, .ofs_x = 0, .ofs_y = -2},
    {.bitmap_index = 37537, .adv_w = 192, .box_w = 11, .box_h = 11, .ofs_x = 0, .ofs_y = -2},
    {.bitmap_index = 37553, .adv_w = 192, .box_w = 11, .box_h = 11, .ofs_x = 0, .ofs_y = -2},
    {.bitmap_index = 37569, .adv_w = 192, .box_w = 11, .box_h = 11, .ofs_x = 0, .ofs_y = -2},
    {.bitmap_index = 37585, .adv_w = 192, .box_w = 11, .box_h = 11, .ofs_x = 0, .ofs_y = -2},
    {.bitmap_index = 37601, .adv_w = 192, .box_w = 11, .box_h = 11, .ofs_x = 0, .ofs_y = -2},
    {.bitmap_index = 37617, .adv_w = 192, .box_w = 11, .box_h = 11, .ofs_x = 0, .ofs_y = -2},
    {.bitmap_index = 37633, .adv_w = 192, .box_w = 11, .box_h = 11, .ofs_x = 0, .ofs_y = -2},
    {.bitmap_index = 37649, .adv_w = 192, .box_w = 11, .box_h = 11, .ofs_x = 0, .ofs_y = -2},
    {.bitmap_index = 37665, .adv_w = 192, .box_w = 11, .box_h = 11, .ofs_x = 0, .ofs_y = -2},
    {.bitmap_index = 37681, .adv_w = 192, .box_w = 11, .box_h = 11, .ofs_x = 0, .ofs_y = -2},
    {.bitmap_index = 37697, .adv_w = 192, .box_w = 11, .box_h = 11, .ofs_x = 0, .ofs_y = -2},
    {.bitmap_index = 37713, .adv_w = 192, .box_w = 11, .box_h = 11, .ofs_x = 0, .ofs_y = -2},
    {.bitmap_index = 37729, .adv_w = 192, .box_w = 11, .box_h = 11, .ofs_x = 0, .ofs_y = -2},
    {.bitmap_index = 37745, .adv_w = 192, .box_w = 11, .box_h = 11, .ofs_x = 0, .ofs_y = -2},
    {.bitmap_index = 37761, .adv_w = 192, .box_w = 11, .box_h = 11, .ofs_x = 0, .ofs_y = -2},
    {.bitmap_index = 37777, .adv_w = 192, .box_w = 11, .box_h = 11, .ofs_x = 0, .ofs_y = -2},
    {.bitmap_index = 37793, .adv_w = 192, .box_w = 11, .box_h = 11, .ofs_x = 0, .ofs_y = -2},
    {.bitmap_index = 37809, .adv_w = 192, .box_w = 11, .box_h = 11, .ofs_x = 0, .ofs_y = -2},
    {.bitmap_index = 37825, .adv_w = 192, .box_w = 11, .box_h = 11, .ofs_x = 0, .ofs_y = -2},
    {.bitmap_index = 37841, .adv_w = 192, .box_w = 11, .box_h = 11, .ofs_x = 0, .ofs_y = -2},
    {.bitmap_index = 37857, .adv_w = 192, .box_w = 11, .box_h = 11, .ofs_x = 0, .ofs_y = -2},
    {.bitmap_index = 37873, .adv_w = 192, .box_w = 11, .box_h = 11, .ofs_x = 0, .ofs_y = -2},
    {.bitmap_index = 37889, .adv_w = 192, .box_w = 11, .box_h = 11, .ofs_x = 0, .ofs_y = -2},
    {.bitmap_index = 37905, .adv_w = 192, .box_w = 11, .box_h = 11, .ofs_x = 0, .ofs_y = -2},
    {.bitmap_index = 37921, .adv_w = 192, .box_w = 11, .box_h = 11, .ofs_x = 0, .ofs_y = -2},
    {.bitmap_index = 37937, .adv_w = 192, .box_w = 11, .box_h = 11, .ofs_x = 0, .ofs_y = -2},
    {.bitmap_index = 37953, .adv_w = 192, .box_w = 11, .box_h = 11, .ofs_x = 0, .ofs_y = -2},
    {.bitmap_index = 37969, .adv_w = 192, .box_w = 11, .box_h = 11, .ofs_x = 0, .ofs_y = -2},
    {.bitmap_index = 37985, .adv_w = 192, .box_w = 11, .box_h = 11, .ofs_x = 0, .ofs_y = -2},
    {.bitmap_index = 38001, .adv_w = 192, .box_w = 11, .box_h = 11, .ofs_x = 0, .ofs_y = -2},
    {.bitmap_index = 38017, .adv_w = 192, .box_w = 11, .box_h = 11, .ofs_x = 0, .ofs_y = -2},
    {.bitmap_index = 38033, .adv_w = 192, .box_w = 11, .box_h = 11, .ofs_x = 0, .ofs_y = -2},
    {.bitmap_index = 38049, .adv_w = 192, .box_w = 11, .box_h = 11, .ofs_x = 0, .ofs_y = -2},
    {.bitmap_index = 38065, .adv_w = 192, .box_w = 11, .box_h = 11, .ofs_x = 0, .ofs_y = -2},
    {.bitmap_index = 38081, .adv_w = 192, .box_w = 11, .box_h = 11, .ofs_x = 0, .ofs_y = -2},
    {.bitmap_index = 38097, .adv_w = 192, .box_w = 11, .box_h = 11, .ofs_x = 0, .ofs_y = -2},
    {.bitmap_index = 38113, .adv_w = 192, .box_w = 11, .box_h = 11, .ofs_x = 0, .ofs_y = -2},
    {.bitmap_index = 38129, .adv_w = 192, .box_w = 11, .box_h = 11, .ofs_x = 0, .ofs_y = -2},
    {.bitmap_index = 38145, .adv_w = 192, .box_w = 11, .box_h = 11, .ofs_x = 0, .ofs_y = -2},
    {.bitmap_index = 38161, .adv_w = 192, .box_w = 11, .box_h = 11, .ofs_x = 0, .ofs_y = -2},
    {.bitmap_index = 38177, .adv_w = 192, .box_w = 11, .box_h = 11, .ofs_x = 0, .ofs_y = -2},
    {.bitmap_index = 38193, .adv_w = 192, .box_w = 11, .box_h = 11, .ofs_x = 0, .ofs_y = -2},
    {.bitmap_index = 38209, .adv_w = 192, .box_w = 11, .box_h = 11, .ofs_x = 0, .ofs_y = -2},
    {.bitmap_index = 38225, .adv_w = 192, .box_w = 11, .box_h = 11, .ofs_x = 0, .ofs_y = -2},
    {.bitmap_index = 38241, .adv_w = 192, .box_w = 11, .box_h = 11, .ofs_x = 0, .ofs_y = -2},
    {.bitmap_index = 38257, .adv_w = 192, .box_w = 11, .box_h = 11, .ofs_x = 0, .ofs_y = -2},
    {.bitmap_index = 38273, .adv_w = 192, .box_w = 11, .box_h = 11, .ofs_x = 0, .ofs_y = -2},
    {.bitmap_index = 38289, .adv_w = 192, .box_w = 11, .box_h = 11, .ofs_x = 0, .ofs_y = -2},
    {.bitmap_index = 38305, .adv_w = 192, .box_w = 11, .box_h = 11, .ofs_x = 0, .ofs_y = -2},
    {.bitmap_index = 38321, .adv_w = 192, .box_w = 11, .box_h = 11, .ofs_x = 0, .ofs_y = -2},
    {.bitmap_index = 38337, .adv_w = 192, .box_w = 11, .box_h = 11, .ofs_x = 0, .ofs_y = -2},
    {.bitmap_index = 38353, .adv_w = 192, .box_w = 11, .box_h = 11, .ofs_x = 0, .ofs_y = -2},
    {.bitmap_index = 38369, .adv_w = 192, .box_w = 11, .box_h = 11, .ofs_x = 0, .ofs_y = -2},
    {.bitmap_index = 38385, .adv_w = 192, .box_w = 11, .box_h = 11, .ofs_x = 0, .ofs_y = -2},
    {.bitmap_index = 38401, .adv_w = 192, .box_w = 11, .box_h = 11, .ofs_x = 0, .ofs_y = -2},
    {.bitmap_index = 38417, .adv_w = 192, .box_w = 11, .box_h = 11, .ofs_x = 0, .ofs_y = -2},
    {.bitmap_index = 38433, .adv_w = 192, .box_w = 11, .box_h = 11, .ofs_x = 0, .ofs_y = -2},
    {.bitmap_index = 38449, .adv_w = 192, .box_w = 11, .box_h = 11, .ofs_x = 0, .ofs_y = -2},
    {.bitmap_index = 38465, .adv_w = 192, .box_w = 11, .box_h = 11, .ofs_x = 0, .ofs_y = -2},
    {.bitmap_index = 38481, .adv_w = 192, .box_w = 11, .box_h = 11, .ofs_x = 0, .ofs_y = -2},
    {.bitmap_index = 38497, .adv_w = 192, .box_w = 11, .box_h = 11, .ofs_x = 0, .ofs_y = -2},
    {.bitmap_index = 38513, .adv_w = 192, .box_w = 11, .box_h = 11, .ofs_x = 0, .ofs_y = -2},
    {.bitmap_index = 38529, .adv_w = 192, .box_w = 11, .box_h = 11, .ofs_x = 0, .ofs_y = -2},
    {.bitmap_index = 38545, .adv_w = 192, .box_w = 11, .box_h = 11, .ofs_x = 0, .ofs_y = -2},
    {.bitmap_index = 38561, .adv_w = 192, .box_w = 11, .box_h = 11, .ofs_x = 0, .ofs_y = -2},
    {.bitmap_index = 38577, .adv_w = 192, .box_w = 11, .box_h = 11, .ofs_x = 0, .ofs_y = -2},
    {.bitmap_index = 38593, .adv_w = 192, .box_w = 11, .box_h = 11, .ofs_x = 0, .ofs_y = -2},
    {.bitmap_index = 38609, .adv_w = 192, .box_w = 11, .box_h = 11, .ofs_x = 0, .ofs_y = -2},
    {.bitmap_index = 38625, .adv_w = 192, .box_w = 11, .box_h = 11, .ofs_x = 0, .ofs_y = -2},
    {.bitmap_index = 38641, .adv_w = 192, .box_w = 11, .box_h = 11, .ofs_x = 0, .ofs_y = -2},
    {.bitmap_index = 38657, .adv_w = 192, .box_w = 11, .box_h = 11, .ofs_x = 0, .ofs_y = -2},
    {.bitmap_index = 38673, .adv_w = 192, .box_w = 11, .box_h = 11, .ofs_x = 0, .ofs_y = -2},
    {.bitmap_index = 38689, .adv_w = 192, .box_w = 11, .box_h = 11, .ofs_x = 0, .ofs_y = -2},
    {.bitmap_index = 38705, .adv_w = 192, .box_w = 11, .box_h = 11, .ofs_x = 0, .ofs_y = -2},
    {.bitmap_index = 38721, .adv_w = 192, .box_w = 11, .box_h = 11, .ofs_x = 0, .ofs_y = -2},
    {.bitmap_index = 38737, .adv_w = 192, .box_w = 11, .box_h = 11, .ofs_x = 0, .ofs_y = -2},
    {.bitmap_index = 38753, .adv_w = 192, .box_w = 11, .box_h = 11, .ofs_x = 0, .ofs_y = -2},
    {.bitmap_index = 38769, .adv_w = 192, .box_w = 11, .box_h = 11, .ofs_x = 0, .ofs_y = -2},
    {.bitmap_index = 38785, .adv_w = 192, .box_w = 11, .box_h = 11, .ofs_x = 0, .ofs_y = -2},
    {.bitmap_index = 38801, .adv_w = 192, .box_w = 11, .box_h = 11, .ofs_x = 0, .ofs_y = -2},
    {.bitmap_index = 38817, .adv_w = 192, .box_w = 11, .box_h = 11, .ofs_x = 0, .ofs_y = -2},
    {.bitmap_index = 38833, .adv_w = 192, .box_w = 11, .box_h = 11, .ofs_x = 0, .ofs_y = -2},
    {.bitmap_index = 38849, .adv_w = 192, .box_w = 11, .box_h = 11, .ofs_x = 0, .ofs_y = -2},
    {.bitmap_index = 38865, .adv_w = 192, .box_w = 11, .box_h = 11, .ofs_x = 0, .ofs_y = -2},
    {.bitmap_index = 38881, .adv_w = 192, .box_w = 11, .box_h = 11, .ofs_x = 0, .ofs_y = -2},
    {.bitmap_index = 38897, .adv_w = 192, .box_w = 11, .box_h = 11, .ofs_x = 0, .ofs_y = -2},
    {.bitmap_index = 38913, .adv_w = 192, .box_w = 11, .box_h = 11, .ofs_x = 0, .ofs_y = -2},
    {.bitmap_index = 38929, .adv_w = 192, .box_w = 11, .box_h = 11, .ofs_x = 0, .ofs_y = -2},
    {.bitmap_index = 38945, .adv_w = 192, .box_w = 11, .box_h = 11, .ofs_x = 0, .ofs_y = -2},
    {.bitmap_index = 38961, .adv_w = 192, .box_w = 11, .box_h = 11, .ofs_x = 0, .ofs_y = -2},
    {.bitmap_index = 38977, .adv_w = 192, .box_w = 11, .box_h = 11, .ofs_x = 0, .ofs_y = -2},
    {.bitmap_index = 38993, .adv_w = 192, .box_w = 11, .box_h = 11, .ofs_x = 0, .ofs_y = -2},
    {.bitmap_index = 39009, .adv_w = 192, .box_w = 11, .box_h = 11, .ofs_x = 0, .ofs_y = -2},
    {.bitmap_index = 39025, .adv_w = 192, .box_w = 11, .box_h = 11, .ofs_x = 0, .ofs_y = -2},
    {.bitmap_index = 39041, .adv_w = 192, .box_w = 11, .box_h = 11, .ofs_x = 0, .ofs_y = -2},
    {.bitmap_index = 39057, .adv_w = 192, .box_w = 11, .box_h = 11, .ofs_x = 0, .ofs_y = -2},
    {.bitmap_index = 39073, .adv_w = 192, .box_w = 11, .box_h = 11, .ofs_x = 0, .ofs_y = -2},
    {.bitmap_index = 39089, .adv_w = 192, .box_w = 11, .box_h = 11, .ofs_x = 0, .ofs_y = -2},
    {.bitmap_index = 39105, .adv_w = 192, .box_w = 11, .box_h = 11, .ofs_x = 0, .ofs_y = -2},
    {.bitmap_index = 39121, .adv_w = 192, .box_w = 11, .box_h = 11, .ofs_x = 0, .ofs_y = -2},
    {.bitmap_index = 39137, .adv_w = 192, .box_w = 11, .box_h = 11, .ofs_x = 0, .ofs_y = -2},
    {.bitmap_index = 39153, .adv_w = 192, .box_w = 11, .box_h = 11, .ofs_x = 0, .ofs_y = -2},
    {.bitmap_index = 39169, .adv_w = 192, .box_w = 11, .box_h = 11, .ofs_x = 0, .ofs_y = -2},
    {.bitmap_index = 39185, .adv_w = 192, .box_w = 11, .box_h = 11, .ofs_x = 0, .ofs_y = -2},
    {.bitmap_index = 39201, .adv_w = 192, .box_w = 11, .box_h = 11, .ofs_x = 0, .ofs_y = -2},
    {.bitmap_index = 39217, .adv_w = 192, .box_w = 11, .box_h = 11, .ofs_x = 0, .ofs_y = -2},
    {.bitmap_index = 39233, .adv_w = 192, .box_w = 11, .box_h = 11, .ofs_x = 0, .ofs_y = -2},
    {.bitmap_index = 39249, .adv_w = 192, .box_w = 11, .box_h = 11, .ofs_x = 0, .ofs_y = -2},
    {.bitmap_index = 39265, .adv_w = 192, .box_w = 11, .box_h = 11, .ofs_x = 0, .ofs_y = -2},
    {.bitmap_index = 39281, .adv_w = 192, .box_w = 11, .box_h = 11, .ofs_x = 0, .ofs_y = -2},
    {.bitmap_index = 39297, .adv_w = 192, .box_w = 11, .box_h = 11, .ofs_x = 0, .ofs_y = -2},
    {.bitmap_index = 39313, .adv_w = 192, .box_w = 11, .box_h = 11, .ofs_x = 0, .ofs_y = -2},
    {.bitmap_index = 39329, .adv_w = 192, .box_w = 11, .box_h = 11, .ofs_x = 0, .ofs_y = -2},
    {.bitmap_index = 39345, .adv_w = 192, .box_w = 11, .box_h = 11, .ofs_x = 0, .ofs_y = -2},
    {.bitmap_index = 39361, .adv_w = 192, .box_w = 11, .box_h = 11, .ofs_x = 0, .ofs_y = -2},
    {.bitmap_index = 39377, .adv_w = 192, .box_w = 11, .box_h = 11, .ofs_x = 0, .ofs_y = -2},
    {.bitmap_index = 39393, .adv_w = 192, .box_w = 11, .box_h = 11, .ofs_x = 0, .ofs_y = -2},
    {.bitmap_index = 39409, .adv_w = 192, .box_w = 11, .box_h = 11, .ofs_x = 0, .ofs_y = -2},
    {.bitmap_index = 39425, .adv_w = 192, .box_w = 11, .box_h = 11, .ofs_x = 0, .ofs_y = -2},
    {.bitmap_index = 39441, .adv_w = 192, .box_w = 11, .box_h = 11, .ofs_x = 0, .ofs_y = -2},
    {.bitmap_index = 39457, .adv_w = 192, .box_w = 11, .box_h = 11, .ofs_x = 0, .ofs_y = -2},
    {.bitmap_index = 39473, .adv_w = 192, .box_w = 11, .box_h = 11, .ofs_x = 0, .ofs_y = -2},
    {.bitmap_index = 39489, .adv_w = 192, .box_w = 11, .box_h = 11, .ofs_x = 0, .ofs_y = -2},
    {.bitmap_index = 39505, .adv_w = 192, .box_w = 11, .box_h = 11, .ofs_x = 0, .ofs_y = -2},
    {.bitmap_index = 39521, .adv_w = 192, .box_w = 11, .box_h = 11, .ofs_x = 0, .ofs_y = -2},
    {.bitmap_index = 39537, .adv_w = 192, .box_w = 11, .box_h = 11, .ofs_x = 0, .ofs_y = -2},
    {.bitmap_index = 39553, .adv_w = 192, .box_w = 11, .box_h = 11, .ofs_x = 0, .ofs_y = -2},
    {.bitmap_index = 39569, .adv_w = 192, .box_w = 11, .box_h = 11, .ofs_x = 0, .ofs_y = -2},
    {.bitmap_index = 39585, .adv_w = 192, .box_w = 11, .box_h = 11, .ofs_x = 0, .ofs_y = -2},
    {.bitmap_index = 39601, .adv_w = 192, .box_w = 11, .box_h = 11, .ofs_x = 0, .ofs_y = -2},
    {.bitmap_index = 39617, .adv_w = 192, .box_w = 11, .box_h = 11, .ofs_x = 0, .ofs_y = -2},
    {.bitmap_index = 39633, .adv_w = 192, .box_w = 11, .box_h = 11, .ofs_x = 0, .ofs_y = -2},
    {.bitmap_index = 39649, .adv_w = 192, .box_w = 11, .box_h = 11, .ofs_x = 0, .ofs_y = -2},
    {.bitmap_index = 39665, .adv_w = 192, .box_w = 11, .box_h = 11, .ofs_x = 0, .ofs_y = -2},
    {.bitmap_index = 39681, .adv_w = 192, .box_w = 11, .box_h = 11, .ofs_x = 0, .ofs_y = -2},
    {.bitmap_index = 39697, .adv_w = 192, .box_w = 11, .box_h = 11, .ofs_x = 0, .ofs_y = -2},
    {.bitmap_index = 39713, .adv_w = 192, .box_w = 11, .box_h = 11, .ofs_x = 0, .ofs_y = -2},
    {.bitmap_index = 39729, .adv_w = 192, .box_w = 11, .box_h = 11, .ofs_x = 0, .ofs_y = -2},
    {.bitmap_index = 39745, .adv_w = 192, .box_w = 11, .box_h = 11, .ofs_x = 0, .ofs_y = -2},
    {.bitmap_index = 39761, .adv_w = 192, .box_w = 11, .box_h = 11, .ofs_x = 0, .ofs_y = -2},
    {.bitmap_index = 39777, .adv_w = 192, .box_w = 11, .box_h = 11, .ofs_x = 0, .ofs_y = -2},
    {.bitmap_index = 39793, .adv_w = 192, .box_w = 11, .box_h = 11, .ofs_x = 0, .ofs_y = -2},
    {.bitmap_index = 39809, .adv_w = 192, .box_w = 11, .box_h = 11, .ofs_x = 0, .ofs_y = -2},
    {.bitmap_index = 39825, .adv_w = 192, .box_w = 11, .box_h = 11, .ofs_x = 0, .ofs_y = -2},
    {.bitmap_index = 39841, .adv_w = 192, .box_w = 11, .box_h = 11, .ofs_x = 0, .ofs_y = -2},
    {.bitmap_index = 39857, .adv_w = 192, .box_w = 11, .box_h = 11, .ofs_x = 0, .ofs_y = -2},
    {.bitmap_index = 39873, .adv_w = 192, .box_w = 11, .box_h = 11, .ofs_x = 0, .ofs_y = -2},
    {.bitmap_index = 39889, .adv_w = 192, .box_w = 11, .box_h = 11, .ofs_x = 0, .ofs_y = -2},
    {.bitmap_index = 39905, .adv_w = 192, .box_w = 11, .box_h = 11, .ofs_x = 0, .ofs_y = -2},
    {.bitmap_index = 39921, .adv_w = 192, .box_w = 11, .box_h = 11, .ofs_x = 0, .ofs_y = -2},
    {.bitmap_index = 39937, .adv_w = 192, .box_w = 11, .box_h = 11, .ofs_x = 0, .ofs_y = -2},
    {.bitmap_index = 39953, .adv_w = 192, .box_w = 11, .box_h = 11, .ofs_x = 0, .ofs_y = -2},
    {.bitmap_index = 39969, .adv_w = 192, .box_w = 11, .box_h = 11, .ofs_x = 0, .ofs_y = -2},
    {.bitmap_index = 39985, .adv_w = 192, .box_w = 11, .box_h = 11, .ofs_x = 0, .ofs_y = -2},
    {.bitmap_index = 40001, .adv_w = 192, .box_w = 11, .box_h = 11, .ofs_x = 0, .ofs_y = -2},
    {.bitmap_index = 40017, .adv_w = 192, .box_w = 11, .box_h = 11, .ofs_x = 0, .ofs_y = -2},
    {.bitmap_index = 40033, .adv_w = 192, .box_w = 11, .box_h = 11, .ofs_x = 0, .ofs_y = -2},
    {.bitmap_index = 40049, .adv_w = 192, .box_w = 11, .box_h = 11, .ofs_x = 0, .ofs_y = -2},
    {.bitmap_index = 40065, .adv_w = 192, .box_w = 11, .box_h = 11, .ofs_x = 0, .ofs_y = -2},
    {.bitmap_index = 40081, .adv_w = 192, .box_w = 11, .box_h = 11, .ofs_x = 0, .ofs_y = -2},
    {.bitmap_index = 40097, .adv_w = 192, .box_w = 11, .box_h = 11, .ofs_x = 0, .ofs_y = -2},
    {.bitmap_index = 40113, .adv_w = 192, .box_w = 11, .box_h = 11, .ofs_x = 0, .ofs_y = -2},
    {.bitmap_index = 40129, .adv_w = 192, .box_w = 11, .box_h = 11, .ofs_x = 0, .ofs_y = -2},
    {.bitmap_index = 40145, .adv_w = 192, .box_w = 11, .box_h = 11, .ofs_x = 0, .ofs_y = -2},
    {.bitmap_index = 40161, .adv_w = 192, .box_w = 11, .box_h = 11, .ofs_x = 0, .ofs_y = -2},
    {.bitmap_index = 40177, .adv_w = 192, .box_w = 11, .box_h = 11, .ofs_x = 0, .ofs_y = -2},
    {.bitmap_index = 40193, .adv_w = 192, .box_w = 11, .box_h = 11, .ofs_x = 0, .ofs_y = -2},
    {.bitmap_index = 40209, .adv_w = 192, .box_w = 11, .box_h = 11, .ofs_x = 0, .ofs_y = -2},
    {.bitmap_index = 40225, .adv_w = 192, .box_w = 11, .box_h = 11, .ofs_x = 0, .ofs_y = -2},
    {.bitmap_index = 40241, .adv_w = 192, .box_w = 11, .box_h = 11, .ofs_x = 0, .ofs_y = -2},
    {.bitmap_index = 40257, .adv_w = 192, .box_w = 11, .box_h = 11, .ofs_x = 0, .ofs_y = -2},
    {.bitmap_index = 40273, .adv_w = 192, .box_w = 11, .box_h = 11, .ofs_x = 0, .ofs_y = -2},
    {.bitmap_index = 40289, .adv_w = 192, .box_w = 11, .box_h = 11, .ofs_x = 0, .ofs_y = -2},
    {.bitmap_index = 40305, .adv_w = 192, .box_w = 11, .box_h = 11, .ofs_x = 0, .ofs_y = -2},
    {.bitmap_index = 40321, .adv_w = 192, .box_w = 11, .box_h = 11, .ofs_x = 0, .ofs_y = -2},
    {.bitmap_index = 40337, .adv_w = 192, .box_w = 11, .box_h = 11, .ofs_x = 0, .ofs_y = -2},
    {.bitmap_index = 40353, .adv_w = 192, .box_w = 11, .box_h = 11, .ofs_x = 0, .ofs_y = -2},
    {.bitmap_index = 40369, .adv_w = 192, .box_w = 11, .box_h = 11, .ofs_x = 0, .ofs_y = -2},
    {.bitmap_index = 40385, .adv_w = 192, .box_w = 11, .box_h = 11, .ofs_x = 0, .ofs_y = -2},
    {.bitmap_index = 40401, .adv_w = 192, .box_w = 11, .box_h = 11, .ofs_x = 0, .ofs_y = -2},
    {.bitmap_index = 40417, .adv_w = 192, .box_w = 11, .box_h = 11, .ofs_x = 0, .ofs_y = -2},
    {.bitmap_index = 40433, .adv_w = 192, .box_w = 11, .box_h = 11, .ofs_x = 0, .ofs_y = -2},
    {.bitmap_index = 40449, .adv_w = 192, .box_w = 11, .box_h = 11, .ofs_x = 0, .ofs_y = -2},
    {.bitmap_index = 40465, .adv_w = 192, .box_w = 11, .box_h = 11, .ofs_x = 0, .ofs_y = -2},
    {.bitmap_index = 40481, .adv_w = 192, .box_w = 11, .box_h = 11, .ofs_x = 0, .ofs_y = -2},
    {.bitmap_index = 40497, .adv_w = 192, .box_w = 11, .box_h = 11, .ofs_x = 0, .ofs_y = -2},
    {.bitmap_index = 40513, .adv_w = 192, .box_w = 11, .box_h = 11, .ofs_x = 0, .ofs_y = -2},
    {.bitmap_index = 40529, .adv_w = 192, .box_w = 11, .box_h = 11, .ofs_x = 0, .ofs_y = -2},
    {.bitmap_index = 40545, .adv_w = 192, .box_w = 11, .box_h = 11, .ofs_x = 0, .ofs_y = -2},
    {.bitmap_index = 40561, .adv_w = 192, .box_w = 11, .box_h = 11, .ofs_x = 0, .ofs_y = -2},
    {.bitmap_index = 40577, .adv_w = 192, .box_w = 11, .box_h = 11, .ofs_x = 0, .ofs_y = -2},
    {.bitmap_index = 40593, .adv_w = 192, .box_w = 11, .box_h = 11, .ofs_x = 0, .ofs_y = -2},
    {.bitmap_index = 40609, .adv_w = 192, .box_w = 11, .box_h = 11, .ofs_x = 0, .ofs_y = -2},
    {.bitmap_index = 40625, .adv_w = 192, .box_w = 11, .box_h = 11, .ofs_x = 0, .ofs_y = -2},
    {.bitmap_index = 40641, .adv_w = 192, .box_w = 11, .box_h = 11, .ofs_x = 0, .ofs_y = -2},
    {.bitmap_index = 40657, .adv_w = 192, .box_w = 11, .box_h = 11, .ofs_x = 0, .ofs_y = -2},
    {.bitmap_index = 40673, .adv_w = 192, .box_w = 11, .box_h = 11, .ofs_x = 0, .ofs_y = -2},
    {.bitmap_index = 40689, .adv_w = 192, .box_w = 11, .box_h = 11, .ofs_x = 0, .ofs_y = -2},
    {.bitmap_index = 40705, .adv_w = 192, .box_w = 11, .box_h = 11, .ofs_x = 0, .ofs_y = -2},
    {.bitmap_index = 40721, .adv_w = 192, .box_w = 11, .box_h = 11, .ofs_x = 0, .ofs_y = -2},
    {.bitmap_index = 40737, .adv_w = 192, .box_w = 11, .box_h = 11, .ofs_x = 0, .ofs_y = -2},
    {.bitmap_index = 40753, .adv_w = 192, .box_w = 11, .box_h = 11, .ofs_x = 0, .ofs_y = -2},
    {.bitmap_index = 40769, .adv_w = 192, .box_w = 11, .box_h = 11, .ofs_x = 0, .ofs_y = -2},
    {.bitmap_index = 40785, .adv_w = 192, .box_w = 11, .box_h = 11, .ofs_x = 0, .ofs_y = -2},
    {.bitmap_index = 40801, .adv_w = 192, .box_w = 11, .box_h = 11, .ofs_x = 0, .ofs_y = -2},
    {.bitmap_index = 40817, .adv_w = 192, .box_w = 11, .box_h = 11, .ofs_x = 0, .ofs_y = -2},
    {.bitmap_index = 40833, .adv_w = 192, .box_w = 11, .box_h = 11, .ofs_x = 0, .ofs_y = -2},
    {.bitmap_index = 40849, .adv_w = 192, .box_w = 11, .box_h = 11, .ofs_x = 0, .ofs_y = -2},
    {.bitmap_index = 40865, .adv_w = 192, .box_w = 11, .box_h = 11, .ofs_x = 0, .ofs_y = -2},
    {.bitmap_index = 40881, .adv_w = 192, .box_w = 11, .box_h = 11, .ofs_x = 0, .ofs_y = -2},
    {.bitmap_index = 40897, .adv_w = 192, .box_w = 11, .box_h = 11, .ofs_x = 0, .ofs_y = -2},
    {.bitmap_index = 40913, .adv_w = 192, .box_w = 11, .box_h = 11, .ofs_x = 0, .ofs_y = -2},
    {.bitmap_index = 40929, .adv_w = 192, .box_w = 11, .box_h = 11, .ofs_x = 0, .ofs_y = -2},
    {.bitmap_index = 40945, .adv_w = 192, .box_w = 11, .box_h = 11, .ofs_x = 0, .ofs_y = -2},
    {.bitmap_index = 40961, .adv_w = 192, .box_w = 11, .box_h = 11, .ofs_x = 0, .ofs_y = -2},
    {.bitmap_index = 40977, .adv_w = 192, .box_w = 11, .box_h = 11, .ofs_x = 0, .ofs_y = -2},
    {.bitmap_index = 40993, .adv_w = 192, .box_w = 11, .box_h = 11, .ofs_x = 0, .ofs_y = -2},
    {.bitmap_index = 41009, .adv_w = 192, .box_w = 11, .box_h = 11, .ofs_x = 0, .ofs_y = -2},
    {.bitmap_index = 41025, .adv_w = 192, .box_w = 11, .box_h = 11, .ofs_x = 0, .ofs_y = -2},
    {.bitmap_index = 41041, .adv_w = 192, .box_w = 11, .box_h = 11, .ofs_x = 0, .ofs_y = -2},
    {.bitmap_index = 41057, .adv_w = 192, .box_w = 11, .box_h = 11, .ofs_x = 0, .ofs_y = -2},
    {.bitmap_index = 41073, .adv_w = 192, .box_w = 11, .box_h = 11, .ofs_x = 0, .ofs_y = -2},
    {.bitmap_index = 41089, .adv_w = 192, .box_w = 11, .box_h = 11, .ofs_x = 0, .ofs_y = -2},
    {.bitmap_index = 41105, .adv_w = 192, .box_w = 11, .box_h = 11, .ofs_x = 0, .ofs_y = -2},
    {.bitmap_index = 41121, .adv_w = 192, .box_w = 11, .box_h = 11, .ofs_x = 0, .ofs_y = -2},
    {.bitmap_index = 41137, .adv_w = 192, .box_w = 11, .box_h = 11, .ofs_x = 0, .ofs_y = -2},
    {.bitmap_index = 41153, .adv_w = 192, .box_w = 11, .box_h = 11, .ofs_x = 0, .ofs_y = -2},
    {.bitmap_index = 41169, .adv_w = 192, .box_w = 11, .box_h = 11, .ofs_x = 0, .ofs_y = -2},
    {.bitmap_index = 41185, .adv_w = 192, .box_w = 11, .box_h = 11, .ofs_x = 0, .ofs_y = -2},
    {.bitmap_index = 41201, .adv_w = 192, .box_w = 11, .box_h = 11, .ofs_x = 0, .ofs_y = -2},
    {.bitmap_index = 41217, .adv_w = 192, .box_w = 11, .box_h = 11, .ofs_x = 0, .ofs_y = -2},
    {.bitmap_index = 41233, .adv_w = 192, .box_w = 11, .box_h = 11, .ofs_x = 0, .ofs_y = -2},
    {.bitmap_index = 41249, .adv_w = 192, .box_w = 11, .box_h = 11, .ofs_x = 0, .ofs_y = -2},
    {.bitmap_index = 41265, .adv_w = 192, .box_w = 11, .box_h = 11, .ofs_x = 0, .ofs_y = -2},
    {.bitmap_index = 41281, .adv_w = 192, .box_w = 11, .box_h = 11, .ofs_x = 0, .ofs_y = -2},
    {.bitmap_index = 41297, .adv_w = 192, .box_w = 11, .box_h = 11, .ofs_x = 0, .ofs_y = -2},
    {.bitmap_index = 41313, .adv_w = 192, .box_w = 11, .box_h = 11, .ofs_x = 0, .ofs_y = -2},
    {.bitmap_index = 41329, .adv_w = 192, .box_w = 11, .box_h = 11, .ofs_x = 0, .ofs_y = -2},
    {.bitmap_index = 41345, .adv_w = 192, .box_w = 11, .box_h = 11, .ofs_x = 0, .ofs_y = -2},
    {.bitmap_index = 41361, .adv_w = 192, .box_w = 11, .box_h = 11, .ofs_x = 0, .ofs_y = -2},
    {.bitmap_index = 41377, .adv_w = 192, .box_w = 11, .box_h = 11, .ofs_x = 0, .ofs_y = -2},
    {.bitmap_index = 41393, .adv_w = 192, .box_w = 11, .box_h = 11, .ofs_x = 0, .ofs_y = -2},
    {.bitmap_index = 41409, .adv_w = 192, .box_w = 11, .box_h = 11, .ofs_x = 0, .ofs_y = -2},
    {.bitmap_index = 41425, .adv_w = 192, .box_w = 11, .box_h = 11, .ofs_x = 0, .ofs_y = -2},
    {.bitmap_index = 41441, .adv_w = 192, .box_w = 11, .box_h = 11, .ofs_x = 0, .ofs_y = -2},
    {.bitmap_index = 41457, .adv_w = 192, .box_w = 11, .box_h = 11, .ofs_x = 0, .ofs_y = -2},
    {.bitmap_index = 41473, .adv_w = 192, .box_w = 11, .box_h = 11, .ofs_x = 0, .ofs_y = -2},
    {.bitmap_index = 41489, .adv_w = 192, .box_w = 11, .box_h = 11, .ofs_x = 0, .ofs_y = -2},
    {.bitmap_index = 41505, .adv_w = 192, .box_w = 11, .box_h = 11, .ofs_x = 0, .ofs_y = -2},
    {.bitmap_index = 41521, .adv_w = 192, .box_w = 11, .box_h = 11, .ofs_x = 0, .ofs_y = -2},
    {.bitmap_index = 41537, .adv_w = 192, .box_w = 11, .box_h = 11, .ofs_x = 0, .ofs_y = -2},
    {.bitmap_index = 41553, .adv_w = 192, .box_w = 11, .box_h = 11, .ofs_x = 0, .ofs_y = -2},
    {.bitmap_index = 41569, .adv_w = 192, .box_w = 11, .box_h = 11, .ofs_x = 0, .ofs_y = -2},
    {.bitmap_index = 41585, .adv_w = 192, .box_w = 11, .box_h = 11, .ofs_x = 0, .ofs_y = -2},
    {.bitmap_index = 41601, .adv_w = 192, .box_w = 11, .box_h = 11, .ofs_x = 0, .ofs_y = -2},
    {.bitmap_index = 41617, .adv_w = 192, .box_w = 11, .box_h = 11, .ofs_x = 0, .ofs_y = -2},
    {.bitmap_index = 41633, .adv_w = 192, .box_w = 11, .box_h = 11, .ofs_x = 0, .ofs_y = -2},
    {.bitmap_index = 41649, .adv_w = 192, .box_w = 11, .box_h = 11, .ofs_x = 0, .ofs_y = -2},
    {.bitmap_index = 41665, .adv_w = 192, .box_w = 11, .box_h = 11, .ofs_x = 0, .ofs_y = -2},
    {.bitmap_index = 41681, .adv_w = 192, .box_w = 11, .box_h = 11, .ofs_x = 0, .ofs_y = -2},
    {.bitmap_index = 41697, .adv_w = 192, .box_w = 11, .box_h = 11, .ofs_x = 0, .ofs_y = -2},
    {.bitmap_index = 41713, .adv_w = 192, .box_w = 11, .box_h = 11, .ofs_x = 0, .ofs_y = -2},
    {.bitmap_index = 41729, .adv_w = 192, .box_w = 11, .box_h = 11, .ofs_x = 0, .ofs_y = -2},
    {.bitmap_index = 41745, .adv_w = 192, .box_w = 11, .box_h = 11, .ofs_x = 0, .ofs_y = -2},
    {.bitmap_index = 41761, .adv_w = 192, .box_w = 11, .box_h = 11, .ofs_x = 0, .ofs_y = -2},
    {.bitmap_index = 41777, .adv_w = 192, .box_w = 11, .box_h = 11, .ofs_x = 0, .ofs_y = -2},
    {.bitmap_index = 41793, .adv_w = 192, .box_w = 11, .box_h = 11, .ofs_x = 0, .ofs_y = -2},
    {.bitmap_index = 41809, .adv_w = 192, .box_w = 11, .box_h = 11, .ofs_x = 0, .ofs_y = -2},
    {.bitmap_index = 41825, .adv_w = 192, .box_w = 11, .box_h = 11, .ofs_x = 0, .ofs_y = -2},
    {.bitmap_index = 41841, .adv_w = 192, .box_w = 11, .box_h = 11, .ofs_x = 0, .ofs_y = -2},
    {.bitmap_index = 41857, .adv_w = 192, .box_w = 11, .box_h = 11, .ofs_x = 0, .ofs_y = -2},
    {.bitmap_index = 41873, .adv_w = 192, .box_w = 11, .box_h = 11, .ofs_x = 0, .ofs_y = -2},
    {.bitmap_index = 41889, .adv_w = 192, .box_w = 11, .box_h = 11, .ofs_x = 0, .ofs_y = -2},
    {.bitmap_index = 41905, .adv_w = 192, .box_w = 11, .box_h = 11, .ofs_x = 0, .ofs_y = -2},
    {.bitmap_index = 41921, .adv_w = 192, .box_w = 11, .box_h = 11, .ofs_x = 0, .ofs_y = -2},
    {.bitmap_index = 41937, .adv_w = 192, .box_w = 11, .box_h = 11, .ofs_x = 0, .ofs_y = -2},
    {.bitmap_index = 41953, .adv_w = 192, .box_w = 11, .box_h = 11, .ofs_x = 0, .ofs_y = -2},
    {.bitmap_index = 41969, .adv_w = 192, .box_w = 11, .box_h = 11, .ofs_x = 0, .ofs_y = -2},
    {.bitmap_index = 41985, .adv_w = 192, .box_w = 11, .box_h = 11, .ofs_x = 0, .ofs_y = -2},
    {.bitmap_index = 42001, .adv_w = 192, .box_w = 11, .box_h = 11, .ofs_x = 0, .ofs_y = -2},
    {.bitmap_index = 42017, .adv_w = 192, .box_w = 11, .box_h = 11, .ofs_x = 0, .ofs_y = -2},
    {.bitmap_index = 42033, .adv_w = 192, .box_w = 11, .box_h = 11, .ofs_x = 0, .ofs_y = -2},
    {.bitmap_index = 42049, .adv_w = 192, .box_w = 11, .box_h = 11, .ofs_x = 0, .ofs_y = -2},
    {.bitmap_index = 42065, .adv_w = 192, .box_w = 11, .box_h = 11, .ofs_x = 0, .ofs_y = -2},
    {.bitmap_index = 42081, .adv_w = 192, .box_w = 11, .box_h = 11, .ofs_x = 0, .ofs_y = -2},
    {.bitmap_index = 42097, .adv_w = 192, .box_w = 11, .box_h = 11, .ofs_x = 0, .ofs_y = -2},
    {.bitmap_index = 42113, .adv_w = 192, .box_w = 11, .box_h = 11, .ofs_x = 0, .ofs_y = -2},
    {.bitmap_index = 42129, .adv_w = 192, .box_w = 11, .box_h = 11, .ofs_x = 0, .ofs_y = -2},
    {.bitmap_index = 42145, .adv_w = 192, .box_w = 11, .box_h = 11, .ofs_x = 0, .ofs_y = -2},
    {.bitmap_index = 42161, .adv_w = 192, .box_w = 11, .box_h = 11, .ofs_x = 0, .ofs_y = -2},
    {.bitmap_index = 42177, .adv_w = 192, .box_w = 11, .box_h = 11, .ofs_x = 0, .ofs_y = -2},
    {.bitmap_index = 42193, .adv_w = 192, .box_w = 11, .box_h = 11, .ofs_x = 0, .ofs_y = -2},
    {.bitmap_index = 42209, .adv_w = 192, .box_w = 11, .box_h = 11, .ofs_x = 0, .ofs_y = -2},
    {.bitmap_index = 42225, .adv_w = 192, .box_w = 11, .box_h = 11, .ofs_x = 0, .ofs_y = -2},
    {.bitmap_index = 42241, .adv_w = 192, .box_w = 11, .box_h = 11, .ofs_x = 0, .ofs_y = -2},
    {.bitmap_index = 42257, .adv_w = 192, .box_w = 11, .box_h = 11, .ofs_x = 0, .ofs_y = -2},
    {.bitmap_index = 42273, .adv_w = 192, .box_w = 11, .box_h = 11, .ofs_x = 0, .ofs_y = -2},
    {.bitmap_index = 42289, .adv_w = 192, .box_w = 11, .box_h = 11, .ofs_x = 0, .ofs_y = -2},
    {.bitmap_index = 42305, .adv_w = 192, .box_w = 11, .box_h = 11, .ofs_x = 0, .ofs_y = -2},
    {.bitmap_index = 42321, .adv_w = 192, .box_w = 11, .box_h = 11, .ofs_x = 0, .ofs_y = -2},
    {.bitmap_index = 42337, .adv_w = 192, .box_w = 11, .box_h = 11, .ofs_x = 0, .ofs_y = -2},
    {.bitmap_index = 42353, .adv_w = 192, .box_w = 11, .box_h = 11, .ofs_x = 0, .ofs_y = -2},
    {.bitmap_index = 42369, .adv_w = 192, .box_w = 11, .box_h = 11, .ofs_x = 0, .ofs_y = -2},
    {.bitmap_index = 42385, .adv_w = 192, .box_w = 11, .box_h = 11, .ofs_x = 0, .ofs_y = -2},
    {.bitmap_index = 42401, .adv_w = 192, .box_w = 11, .box_h = 11, .ofs_x = 0, .ofs_y = -2},
    {.bitmap_index = 42417, .adv_w = 192, .box_w = 11, .box_h = 11, .ofs_x = 0, .ofs_y = -2},
    {.bitmap_index = 42433, .adv_w = 192, .box_w = 11, .box_h = 11, .ofs_x = 0, .ofs_y = -2},
    {.bitmap_index = 42449, .adv_w = 192, .box_w = 11, .box_h = 11, .ofs_x = 0, .ofs_y = -2},
    {.bitmap_index = 42465, .adv_w = 192, .box_w = 11, .box_h = 11, .ofs_x = 0, .ofs_y = -2},
    {.bitmap_index = 42481, .adv_w = 192, .box_w = 11, .box_h = 11, .ofs_x = 0, .ofs_y = -2},
    {.bitmap_index = 42497, .adv_w = 192, .box_w = 11, .box_h = 11, .ofs_x = 0, .ofs_y = -2},
    {.bitmap_index = 42513, .adv_w = 192, .box_w = 11, .box_h = 11, .ofs_x = 0, .ofs_y = -2},
    {.bitmap_index = 42529, .adv_w = 192, .box_w = 11, .box_h = 11, .ofs_x = 0, .ofs_y = -2},
    {.bitmap_index = 42545, .adv_w = 192, .box_w = 11, .box_h = 11, .ofs_x = 0, .ofs_y = -2},
    {.bitmap_index = 42561, .adv_w = 192, .box_w = 11, .box_h = 11, .ofs_x = 0, .ofs_y = -2},
    {.bitmap_index = 42577, .adv_w = 192, .box_w = 11, .box_h = 11, .ofs_x = 0, .ofs_y = -2},
    {.bitmap_index = 42593, .adv_w = 192, .box_w = 11, .box_h = 11, .ofs_x = 0, .ofs_y = -2},
    {.bitmap_index = 42609, .adv_w = 192, .box_w = 11, .box_h = 11, .ofs_x = 0, .ofs_y = -2},
    {.bitmap_index = 42625, .adv_w = 192, .box_w = 11, .box_h = 11, .ofs_x = 0, .ofs_y = -2},
    {.bitmap_index = 42641, .adv_w = 192, .box_w = 11, .box_h = 11, .ofs_x = 0, .ofs_y = -2},
    {.bitmap_index = 42657, .adv_w = 192, .box_w = 11, .box_h = 11, .ofs_x = 0, .ofs_y = -2},
    {.bitmap_index = 42673, .adv_w = 192, .box_w = 11, .box_h = 11, .ofs_x = 0, .ofs_y = -2},
    {.bitmap_index = 42689, .adv_w = 192, .box_w = 11, .box_h = 11, .ofs_x = 0, .ofs_y = -2},
    {.bitmap_index = 42705, .adv_w = 192, .box_w = 11, .box_h = 11, .ofs_x = 0, .ofs_y = -2},
    {.bitmap_index = 42721, .adv_w = 192, .box_w = 11, .box_h = 11, .ofs_x = 0, .ofs_y = -2},
    {.bitmap_index = 42737, .adv_w = 192, .box_w = 11, .box_h = 11, .ofs_x = 0, .ofs_y = -2},
    {.bitmap_index = 42753, .adv_w = 192, .box_w = 11, .box_h = 11, .ofs_x = 0, .ofs_y = -2},
    {.bitmap_index = 42769, .adv_w = 192, .box_w = 11, .box_h = 11, .ofs_x = 0, .ofs_y = -2},
    {.bitmap_index = 42785, .adv_w = 192, .box_w = 11, .box_h = 11, .ofs_x = 0, .ofs_y = -2},
    {.bitmap_index = 42801, .adv_w = 192, .box_w = 11, .box_h = 11, .ofs_x = 0, .ofs_y = -2},
    {.bitmap_index = 42817, .adv_w = 192, .box_w = 11, .box_h = 11, .ofs_x = 0, .ofs_y = -2},
    {.bitmap_index = 42833, .adv_w = 192, .box_w = 11, .box_h = 11, .ofs_x = 0, .ofs_y = -2},
    {.bitmap_index = 42849, .adv_w = 192, .box_w = 11, .box_h = 11, .ofs_x = 0, .ofs_y = -2},
    {.bitmap_index = 42865, .adv_w = 192, .box_w = 11, .box_h = 11, .ofs_x = 0, .ofs_y = -2},
    {.bitmap_index = 42881, .adv_w = 192, .box_w = 11, .box_h = 11, .ofs_x = 0, .ofs_y = -2},
    {.bitmap_index = 42897, .adv_w = 192, .box_w = 11, .box_h = 11, .ofs_x = 0, .ofs_y = -2},
    {.bitmap_index = 42913, .adv_w = 192, .box_w = 11, .box_h = 11, .ofs_x = 0, .ofs_y = -2},
    {.bitmap_index = 42929, .adv_w = 192, .box_w = 11, .box_h = 11, .ofs_x = 0, .ofs_y = -2},
    {.bitmap_index = 42945, .adv_w = 192, .box_w = 11, .box_h = 11, .ofs_x = 0, .ofs_y = -2},
    {.bitmap_index = 42961, .adv_w = 192, .box_w = 11, .box_h = 11, .ofs_x = 0, .ofs_y = -2},
    {.bitmap_index = 42977, .adv_w = 192, .box_w = 11, .box_h = 11, .ofs_x = 0, .ofs_y = -2},
    {.bitmap_index = 42993, .adv_w = 192, .box_w = 11, .box_h = 11, .ofs_x = 0, .ofs_y = -2},
    {.bitmap_index = 43009, .adv_w = 192, .box_w = 11, .box_h = 11, .ofs_x = 0, .ofs_y = -2},
    {.bitmap_index = 43025, .adv_w = 192, .box_w = 11, .box_h = 11, .ofs_x = 0, .ofs_y = -2},
    {.bitmap_index = 43041, .adv_w = 192, .box_w = 11, .box_h = 11, .ofs_x = 0, .ofs_y = -2},
    {.bitmap_index = 43057, .adv_w = 192, .box_w = 11, .box_h = 11, .ofs_x = 0, .ofs_y = -2},
    {.bitmap_index = 43073, .adv_w = 192, .box_w = 11, .box_h = 11, .ofs_x = 0, .ofs_y = -2},
    {.bitmap_index = 43089, .adv_w = 192, .box_w = 11, .box_h = 11, .ofs_x = 0, .ofs_y = -2},
    {.bitmap_index = 43105, .adv_w = 192, .box_w = 11, .box_h = 11, .ofs_x = 0, .ofs_y = -2},
    {.bitmap_index = 43121, .adv_w = 192, .box_w = 11, .box_h = 11, .ofs_x = 0, .ofs_y = -2},
    {.bitmap_index = 43137, .adv_w = 192, .box_w = 11, .box_h = 11, .ofs_x = 0, .ofs_y = -2},
    {.bitmap_index = 43153, .adv_w = 192, .box_w = 11, .box_h = 11, .ofs_x = 0, .ofs_y = -2},
    {.bitmap_index = 43169, .adv_w = 192, .box_w = 11, .box_h = 11, .ofs_x = 0, .ofs_y = -2},
    {.bitmap_index = 43185, .adv_w = 192, .box_w = 11, .box_h = 11, .ofs_x = 0, .ofs_y = -2},
    {.bitmap_index = 43201, .adv_w = 192, .box_w = 11, .box_h = 11, .ofs_x = 0, .ofs_y = -2},
    {.bitmap_index = 43217, .adv_w = 192, .box_w = 11, .box_h = 11, .ofs_x = 0, .ofs_y = -2},
    {.bitmap_index = 43233, .adv_w = 192, .box_w = 11, .box_h = 11, .ofs_x = 0, .ofs_y = -2},
    {.bitmap_index = 43249, .adv_w = 192, .box_w = 11, .box_h = 11, .ofs_x = 0, .ofs_y = -2},
    {.bitmap_index = 43265, .adv_w = 192, .box_w = 11, .box_h = 11, .ofs_x = 0, .ofs_y = -2},
    {.bitmap_index = 43281, .adv_w = 192, .box_w = 11, .box_h = 11, .ofs_x = 0, .ofs_y = -2},
    {.bitmap_index = 43297, .adv_w = 192, .box_w = 11, .box_h = 11, .ofs_x = 0, .ofs_y = -2},
    {.bitmap_index = 43313, .adv_w = 192, .box_w = 11, .box_h = 11, .ofs_x = 0, .ofs_y = -2},
    {.bitmap_index = 43329, .adv_w = 192, .box_w = 11, .box_h = 11, .ofs_x = 0, .ofs_y = -2},
    {.bitmap_index = 43345, .adv_w = 192, .box_w = 11, .box_h = 11, .ofs_x = 0, .ofs_y = -2},
    {.bitmap_index = 43361, .adv_w = 192, .box_w = 11, .box_h = 11, .ofs_x = 0, .ofs_y = -2},
    {.bitmap_index = 43377, .adv_w = 192, .box_w = 11, .box_h = 11, .ofs_x = 0, .ofs_y = -2},
    {.bitmap_index = 43393, .adv_w = 192, .box_w = 11, .box_h = 11, .ofs_x = 0, .ofs_y = -2},
    {.bitmap_index = 43409, .adv_w = 192, .box_w = 11, .box_h = 11, .ofs_x = 0, .ofs_y = -2},
    {.bitmap_index = 43425, .adv_w = 192, .box_w = 11, .box_h = 11, .ofs_x = 0, .ofs_y = -2},
    {.bitmap_index = 43441, .adv_w = 192, .box_w = 11, .box_h = 11, .ofs_x = 0, .ofs_y = -2},
    {.bitmap_index = 43457, .adv_w = 192, .box_w = 11, .box_h = 11, .ofs_x = 0, .ofs_y = -2},
    {.bitmap_index = 43473, .adv_w = 192, .box_w = 11, .box_h = 11, .ofs_x = 0, .ofs_y = -2},
    {.bitmap_index = 43489, .adv_w = 192, .box_w = 11, .box_h = 11, .ofs_x = 0, .ofs_y = -2},
    {.bitmap_index = 43505, .adv_w = 192, .box_w = 11, .box_h = 11, .ofs_x = 0, .ofs_y = -2},
    {.bitmap_index = 43521, .adv_w = 192, .box_w = 11, .box_h = 11, .ofs_x = 0, .ofs_y = -2},
    {.bitmap_index = 43537, .adv_w = 192, .box_w = 11, .box_h = 11, .ofs_x = 0, .ofs_y = -2},
    {.bitmap_index = 43553, .adv_w = 192, .box_w = 11, .box_h = 11, .ofs_x = 0, .ofs_y = -2},
    {.bitmap_index = 43569, .adv_w = 192, .box_w = 11, .box_h = 11, .ofs_x = 0, .ofs_y = -2},
    {.bitmap_index = 43585, .adv_w = 192, .box_w = 11, .box_h = 11, .ofs_x = 0, .ofs_y = -2},
    {.bitmap_index = 43601, .adv_w = 192, .box_w = 9, .box_h = 11, .ofs_x = 1, .ofs_y = -2},
    {.bitmap_index = 43614, .adv_w = 192, .box_w = 11, .box_h = 11, .ofs_x = 0, .ofs_y = -2},
    {.bitmap_index = 43630, .adv_w = 192, .box_w = 11, .box_h = 11, .ofs_x = 0, .ofs_y = -2},
    {.bitmap_index = 43646, .adv_w = 192, .box_w = 11, .box_h = 11, .ofs_x = 0, .ofs_y = -2},
    {.bitmap_index = 43662, .adv_w = 192, .box_w = 11, .box_h = 11, .ofs_x = 0, .ofs_y = -2},
    {.bitmap_index = 43678, .adv_w = 192, .box_w = 11, .box_h = 11, .ofs_x = 0, .ofs_y = -2},
    {.bitmap_index = 43694, .adv_w = 192, .box_w = 11, .box_h = 11, .ofs_x = 0, .ofs_y = -2},
    {.bitmap_index = 43710, .adv_w = 192, .box_w = 11, .box_h = 11, .ofs_x = 0, .ofs_y = -2},
    {.bitmap_index = 43726, .adv_w = 192, .box_w = 11, .box_h = 11, .ofs_x = 0, .ofs_y = -2},
    {.bitmap_index = 43742, .adv_w = 192, .box_w = 11, .box_h = 11, .ofs_x = 0, .ofs_y = -2},
    {.bitmap_index = 43758, .adv_w = 192, .box_w = 11, .box_h = 11, .ofs_x = 0, .ofs_y = -2},
    {.bitmap_index = 43774, .adv_w = 192, .box_w = 11, .box_h = 11, .ofs_x = 0, .ofs_y = -2},
    {.bitmap_index = 43790, .adv_w = 192, .box_w = 11, .box_h = 11, .ofs_x = 0, .ofs_y = -2},
    {.bitmap_index = 43806, .adv_w = 192, .box_w = 11, .box_h = 11, .ofs_x = 0, .ofs_y = -2},
    {.bitmap_index = 43822, .adv_w = 192, .box_w = 11, .box_h = 11, .ofs_x = 0, .ofs_y = -2},
    {.bitmap_index = 43838, .adv_w = 192, .box_w = 11, .box_h = 11, .ofs_x = 0, .ofs_y = -2},
    {.bitmap_index = 43854, .adv_w = 192, .box_w = 11, .box_h = 11, .ofs_x = 0, .ofs_y = -2},
    {.bitmap_index = 43870, .adv_w = 192, .box_w = 11, .box_h = 11, .ofs_x = 0, .ofs_y = -2},
    {.bitmap_index = 43886, .adv_w = 192, .box_w = 11, .box_h = 11, .ofs_x = 0, .ofs_y = -2},
    {.bitmap_index = 43902, .adv_w = 192, .box_w = 11, .box_h = 11, .ofs_x = 0, .ofs_y = -2},
    {.bitmap_index = 43918, .adv_w = 192, .box_w = 9, .box_h = 11, .ofs_x = 1, .ofs_y = -2},
    {.bitmap_index = 43931, .adv_w = 192, .box_w = 11, .box_h = 11, .ofs_x = 0, .ofs_y = -2},
    {.bitmap_index = 43947, .adv_w = 192, .box_w = 11, .box_h = 11, .ofs_x = 0, .ofs_y = -2},
    {.bitmap_index = 43963, .adv_w = 192, .box_w = 11, .box_h = 11, .ofs_x = 0, .ofs_y = -2},
    {.bitmap_index = 43979, .adv_w = 192, .box_w = 11, .box_h = 11, .ofs_x = 0, .ofs_y = -2},
    {.bitmap_index = 43995, .adv_w = 192, .box_w = 11, .box_h = 11, .ofs_x = 0, .ofs_y = -2},
    {.bitmap_index = 44011, .adv_w = 192, .box_w = 11, .box_h = 11, .ofs_x = 0, .ofs_y = -2},
    {.bitmap_index = 44027, .adv_w = 192, .box_w = 11, .box_h = 11, .ofs_x = 0, .ofs_y = -2},
    {.bitmap_index = 44043, .adv_w = 192, .box_w = 11, .box_h = 11, .ofs_x = 0, .ofs_y = -2},
    {.bitmap_index = 44059, .adv_w = 192, .box_w = 11, .box_h = 11, .ofs_x = 0, .ofs_y = -2},
    {.bitmap_index = 44075, .adv_w = 192, .box_w = 11, .box_h = 11, .ofs_x = 0, .ofs_y = -2},
    {.bitmap_index = 44091, .adv_w = 192, .box_w = 11, .box_h = 11, .ofs_x = 0, .ofs_y = -2},
    {.bitmap_index = 44107, .adv_w = 192, .box_w = 11, .box_h = 11, .ofs_x = 0, .ofs_y = -2},
    {.bitmap_index = 44123, .adv_w = 192, .box_w = 11, .box_h = 11, .ofs_x = 0, .ofs_y = -2},
    {.bitmap_index = 44139, .adv_w = 192, .box_w = 11, .box_h = 11, .ofs_x = 0, .ofs_y = -2},
    {.bitmap_index = 44155, .adv_w = 192, .box_w = 11, .box_h = 11, .ofs_x = 0, .ofs_y = -2},
    {.bitmap_index = 44171, .adv_w = 192, .box_w = 11, .box_h = 11, .ofs_x = 0, .ofs_y = -2},
    {.bitmap_index = 44187, .adv_w = 192, .box_w = 11, .box_h = 11, .ofs_x = 0, .ofs_y = -2},
    {.bitmap_index = 44203, .adv_w = 192, .box_w = 11, .box_h = 11, .ofs_x = 0, .ofs_y = -2},
    {.bitmap_index = 44219, .adv_w = 192, .box_w = 11, .box_h = 11, .ofs_x = 0, .ofs_y = -2},
    {.bitmap_index = 44235, .adv_w = 192, .box_w = 11, .box_h = 11, .ofs_x = 0, .ofs_y = -2},
    {.bitmap_index = 44251, .adv_w = 192, .box_w = 11, .box_h = 11, .ofs_x = 0, .ofs_y = -2},
    {.bitmap_index = 44267, .adv_w = 192, .box_w = 11, .box_h = 11, .ofs_x = 0, .ofs_y = -2},
    {.bitmap_index = 44283, .adv_w = 192, .box_w = 11, .box_h = 11, .ofs_x = 0, .ofs_y = -2},
    {.bitmap_index = 44299, .adv_w = 192, .box_w = 11, .box_h = 11, .ofs_x = 0, .ofs_y = -2},
    {.bitmap_index = 44315, .adv_w = 192, .box_w = 11, .box_h = 11, .ofs_x = 0, .ofs_y = -2},
    {.bitmap_index = 44331, .adv_w = 192, .box_w = 11, .box_h = 11, .ofs_x = 0, .ofs_y = -2},
    {.bitmap_index = 44347, .adv_w = 192, .box_w = 11, .box_h = 11, .ofs_x = 0, .ofs_y = -2},
    {.bitmap_index = 44363, .adv_w = 192, .box_w = 11, .box_h = 11, .ofs_x = 0, .ofs_y = -2},
    {.bitmap_index = 44379, .adv_w = 192, .box_w = 11, .box_h = 11, .ofs_x = 0, .ofs_y = -2},
    {.bitmap_index = 44395, .adv_w = 192, .box_w = 11, .box_h = 11, .ofs_x = 0, .ofs_y = -2},
    {.bitmap_index = 44411, .adv_w = 192, .box_w = 11, .box_h = 11, .ofs_x = 0, .ofs_y = -2},
    {.bitmap_index = 44427, .adv_w = 192, .box_w = 11, .box_h = 11, .ofs_x = 0, .ofs_y = -2},
    {.bitmap_index = 44443, .adv_w = 192, .box_w = 11, .box_h = 11, .ofs_x = 0, .ofs_y = -2},
    {.bitmap_index = 44459, .adv_w = 192, .box_w = 11, .box_h = 11, .ofs_x = 0, .ofs_y = -2},
    {.bitmap_index = 44475, .adv_w = 192, .box_w = 11, .box_h = 11, .ofs_x = 0, .ofs_y = -2},
    {.bitmap_index = 44491, .adv_w = 192, .box_w = 11, .box_h = 11, .ofs_x = 0, .ofs_y = -2},
    {.bitmap_index = 44507, .adv_w = 192, .box_w = 11, .box_h = 11, .ofs_x = 0, .ofs_y = -2},
    {.bitmap_index = 44523, .adv_w = 192, .box_w = 11, .box_h = 11, .ofs_x = 0, .ofs_y = -2},
    {.bitmap_index = 44539, .adv_w = 192, .box_w = 11, .box_h = 11, .ofs_x = 0, .ofs_y = -2},
    {.bitmap_index = 44555, .adv_w = 192, .box_w = 11, .box_h = 11, .ofs_x = 0, .ofs_y = -2},
    {.bitmap_index = 44571, .adv_w = 192, .box_w = 11, .box_h = 11, .ofs_x = 0, .ofs_y = -2},
    {.bitmap_index = 44587, .adv_w = 192, .box_w = 11, .box_h = 11, .ofs_x = 0, .ofs_y = -2},
    {.bitmap_index = 44603, .adv_w = 192, .box_w = 11, .box_h = 11, .ofs_x = 0, .ofs_y = -2},
    {.bitmap_index = 44619, .adv_w = 192, .box_w = 11, .box_h = 11, .ofs_x = 0, .ofs_y = -2},
    {.bitmap_index = 44635, .adv_w = 192, .box_w = 11, .box_h = 11, .ofs_x = 0, .ofs_y = -2},
    {.bitmap_index = 44651, .adv_w = 192, .box_w = 11, .box_h = 11, .ofs_x = 0, .ofs_y = -2},
    {.bitmap_index = 44667, .adv_w = 192, .box_w = 11, .box_h = 11, .ofs_x = 0, .ofs_y = -2},
    {.bitmap_index = 44683, .adv_w = 192, .box_w = 11, .box_h = 11, .ofs_x = 0, .ofs_y = -2},
    {.bitmap_index = 44699, .adv_w = 192, .box_w = 11, .box_h = 11, .ofs_x = 0, .ofs_y = -2},
    {.bitmap_index = 44715, .adv_w = 192, .box_w = 11, .box_h = 11, .ofs_x = 0, .ofs_y = -2},
    {.bitmap_index = 44731, .adv_w = 192, .box_w = 11, .box_h = 11, .ofs_x = 0, .ofs_y = -2},
    {.bitmap_index = 44747, .adv_w = 192, .box_w = 11, .box_h = 11, .ofs_x = 0, .ofs_y = -2},
    {.bitmap_index = 44763, .adv_w = 192, .box_w = 11, .box_h = 11, .ofs_x = 0, .ofs_y = -2},
    {.bitmap_index = 44779, .adv_w = 192, .box_w = 11, .box_h = 11, .ofs_x = 0, .ofs_y = -2},
    {.bitmap_index = 44795, .adv_w = 192, .box_w = 11, .box_h = 11, .ofs_x = 0, .ofs_y = -2},
    {.bitmap_index = 44811, .adv_w = 192, .box_w = 11, .box_h = 11, .ofs_x = 0, .ofs_y = -2},
    {.bitmap_index = 44827, .adv_w = 192, .box_w = 11, .box_h = 11, .ofs_x = 0, .ofs_y = -2},
    {.bitmap_index = 44843, .adv_w = 192, .box_w = 11, .box_h = 11, .ofs_x = 0, .ofs_y = -2},
    {.bitmap_index = 44859, .adv_w = 192, .box_w = 9, .box_h = 11, .ofs_x = 1, .ofs_y = -2},
    {.bitmap_index = 44872, .adv_w = 192, .box_w = 11, .box_h = 11, .ofs_x = 0, .ofs_y = -2},
    {.bitmap_index = 44888, .adv_w = 192, .box_w = 11, .box_h = 11, .ofs_x = 0, .ofs_y = -2},
    {.bitmap_index = 44904, .adv_w = 192, .box_w = 11, .box_h = 11, .ofs_x = 0, .ofs_y = -2},
    {.bitmap_index = 44920, .adv_w = 192, .box_w = 11, .box_h = 11, .ofs_x = 0, .ofs_y = -2},
    {.bitmap_index = 44936, .adv_w = 192, .box_w = 11, .box_h = 11, .ofs_x = 0, .ofs_y = -2},
    {.bitmap_index = 44952, .adv_w = 192, .box_w = 9, .box_h = 11, .ofs_x = 1, .ofs_y = -2},
    {.bitmap_index = 44965, .adv_w = 192, .box_w = 11, .box_h = 11, .ofs_x = 0, .ofs_y = -2},
    {.bitmap_index = 44981, .adv_w = 192, .box_w = 11, .box_h = 11, .ofs_x = 0, .ofs_y = -2},
    {.bitmap_index = 44997, .adv_w = 192, .box_w = 11, .box_h = 11, .ofs_x = 0, .ofs_y = -2},
    {.bitmap_index = 45013, .adv_w = 192, .box_w = 11, .box_h = 11, .ofs_x = 0, .ofs_y = -2},
    {.bitmap_index = 45029, .adv_w = 192, .box_w = 11, .box_h = 11, .ofs_x = 0, .ofs_y = -2},
    {.bitmap_index = 45045, .adv_w = 192, .box_w = 11, .box_h = 11, .ofs_x = 0, .ofs_y = -2},
    {.bitmap_index = 45061, .adv_w = 192, .box_w = 11, .box_h = 11, .ofs_x = 0, .ofs_y = -2},
    {.bitmap_index = 45077, .adv_w = 192, .box_w = 11, .box_h = 11, .ofs_x = 0, .ofs_y = -2},
    {.bitmap_index = 45093, .adv_w = 192, .box_w = 11, .box_h = 11, .ofs_x = 0, .ofs_y = -2},
    {.bitmap_index = 45109, .adv_w = 192, .box_w = 11, .box_h = 11, .ofs_x = 0, .ofs_y = -2},
    {.bitmap_index = 45125, .adv_w = 192, .box_w = 11, .box_h = 11, .ofs_x = 0, .ofs_y = -2},
    {.bitmap_index = 45141, .adv_w = 192, .box_w = 11, .box_h = 11, .ofs_x = 0, .ofs_y = -2},
    {.bitmap_index = 45157, .adv_w = 192, .box_w = 11, .box_h = 11, .ofs_x = 0, .ofs_y = -2},
    {.bitmap_index = 45173, .adv_w = 192, .box_w = 11, .box_h = 11, .ofs_x = 0, .ofs_y = -2},
    {.bitmap_index = 45189, .adv_w = 192, .box_w = 11, .box_h = 11, .ofs_x = 0, .ofs_y = -2},
    {.bitmap_index = 45205, .adv_w = 192, .box_w = 11, .box_h = 11, .ofs_x = 0, .ofs_y = -2},
    {.bitmap_index = 45221, .adv_w = 192, .box_w = 11, .box_h = 11, .ofs_x = 0, .ofs_y = -2},
    {.bitmap_index = 45237, .adv_w = 192, .box_w = 11, .box_h = 11, .ofs_x = 0, .ofs_y = -2},
    {.bitmap_index = 45253, .adv_w = 192, .box_w = 11, .box_h = 11, .ofs_x = 0, .ofs_y = -2},
    {.bitmap_index = 45269, .adv_w = 192, .box_w = 10, .box_h = 11, .ofs_x = 1, .ofs_y = -2},
    {.bitmap_index = 45283, .adv_w = 192, .box_w = 11, .box_h = 11, .ofs_x = 0, .ofs_y = -2},
    {.bitmap_index = 45299, .adv_w = 192, .box_w = 11, .box_h = 11, .ofs_x = 0, .ofs_y = -2},
    {.bitmap_index = 45315, .adv_w = 192, .box_w = 11, .box_h = 11, .ofs_x = 0, .ofs_y = -2},
    {.bitmap_index = 45331, .adv_w = 192, .box_w = 11, .box_h = 11, .ofs_x = 0, .ofs_y = -2},
    {.bitmap_index = 45347, .adv_w = 192, .box_w = 11, .box_h = 11, .ofs_x = 0, .ofs_y = -2},
    {.bitmap_index = 45363, .adv_w = 192, .box_w = 11, .box_h = 11, .ofs_x = 0, .ofs_y = -2},
    {.bitmap_index = 45379, .adv_w = 192, .box_w = 11, .box_h = 11, .ofs_x = 0, .ofs_y = -2},
    {.bitmap_index = 45395, .adv_w = 192, .box_w = 11, .box_h = 11, .ofs_x = 0, .ofs_y = -2},
    {.bitmap_index = 45411, .adv_w = 192, .box_w = 11, .box_h = 11, .ofs_x = 0, .ofs_y = -2},
    {.bitmap_index = 45427, .adv_w = 192, .box_w = 11, .box_h = 11, .ofs_x = 0, .ofs_y = -2},
    {.bitmap_index = 45443, .adv_w = 192, .box_w = 11, .box_h = 11, .ofs_x = 0, .ofs_y = -2},
    {.bitmap_index = 45459, .adv_w = 192, .box_w = 11, .box_h = 11, .ofs_x = 0, .ofs_y = -2},
    {.bitmap_index = 45475, .adv_w = 192, .box_w = 11, .box_h = 11, .ofs_x = 0, .ofs_y = -2},
    {.bitmap_index = 45491, .adv_w = 192, .box_w = 11, .box_h = 11, .ofs_x = 0, .ofs_y = -2},
    {.bitmap_index = 45507, .adv_w = 192, .box_w = 11, .box_h = 11, .ofs_x = 0, .ofs_y = -2},
    {.bitmap_index = 45523, .adv_w = 192, .box_w = 11, .box_h = 11, .ofs_x = 0, .ofs_y = -2},
    {.bitmap_index = 45539, .adv_w = 192, .box_w = 11, .box_h = 11, .ofs_x = 0, .ofs_y = -2},
    {.bitmap_index = 45555, .adv_w = 192, .box_w = 11, .box_h = 11, .ofs_x = 0, .ofs_y = -2},
    {.bitmap_index = 45571, .adv_w = 192, .box_w = 11, .box_h = 11, .ofs_x = 0, .ofs_y = -2},
    {.bitmap_index = 45587, .adv_w = 192, .box_w = 11, .box_h = 11, .ofs_x = 0, .ofs_y = -2},
    {.bitmap_index = 45603, .adv_w = 192, .box_w = 11, .box_h = 11, .ofs_x = 0, .ofs_y = -2},
    {.bitmap_index = 45619, .adv_w = 192, .box_w = 11, .box_h = 11, .ofs_x = 0, .ofs_y = -2},
    {.bitmap_index = 45635, .adv_w = 192, .box_w = 11, .box_h = 11, .ofs_x = 0, .ofs_y = -2},
    {.bitmap_index = 45651, .adv_w = 192, .box_w = 11, .box_h = 11, .ofs_x = 0, .ofs_y = -2},
    {.bitmap_index = 45667, .adv_w = 192, .box_w = 11, .box_h = 11, .ofs_x = 0, .ofs_y = -2},
    {.bitmap_index = 45683, .adv_w = 192, .box_w = 11, .box_h = 11, .ofs_x = 0, .ofs_y = -2},
    {.bitmap_index = 45699, .adv_w = 192, .box_w = 11, .box_h = 11, .ofs_x = 0, .ofs_y = -2},
    {.bitmap_index = 45715, .adv_w = 192, .box_w = 11, .box_h = 11, .ofs_x = 0, .ofs_y = -2},
    {.bitmap_index = 45731, .adv_w = 192, .box_w = 11, .box_h = 11, .ofs_x = 0, .ofs_y = -2},
    {.bitmap_index = 45747, .adv_w = 192, .box_w = 11, .box_h = 11, .ofs_x = 0, .ofs_y = -2},
    {.bitmap_index = 45763, .adv_w = 192, .box_w = 11, .box_h = 11, .ofs_x = 0, .ofs_y = -2},
    {.bitmap_index = 45779, .adv_w = 192, .box_w = 11, .box_h = 11, .ofs_x = 0, .ofs_y = -2},
    {.bitmap_index = 45795, .adv_w = 192, .box_w = 11, .box_h = 11, .ofs_x = 0, .ofs_y = -2},
    {.bitmap_index = 45811, .adv_w = 192, .box_w = 11, .box_h = 11, .ofs_x = 0, .ofs_y = -2},
    {.bitmap_index = 45827, .adv_w = 192, .box_w = 11, .box_h = 11, .ofs_x = 0, .ofs_y = -2},
    {.bitmap_index = 45843, .adv_w = 192, .box_w = 11, .box_h = 11, .ofs_x = 0, .ofs_y = -2},
    {.bitmap_index = 45859, .adv_w = 192, .box_w = 11, .box_h = 11, .ofs_x = 0, .ofs_y = -2},
    {.bitmap_index = 45875, .adv_w = 192, .box_w = 11, .box_h = 11, .ofs_x = 0, .ofs_y = -2},
    {.bitmap_index = 45891, .adv_w = 192, .box_w = 11, .box_h = 11, .ofs_x = 0, .ofs_y = -2},
    {.bitmap_index = 45907, .adv_w = 192, .box_w = 11, .box_h = 11, .ofs_x = 0, .ofs_y = -2},
    {.bitmap_index = 45923, .adv_w = 192, .box_w = 11, .box_h = 11, .ofs_x = 0, .ofs_y = -2},
    {.bitmap_index = 45939, .adv_w = 192, .box_w = 11, .box_h = 11, .ofs_x = 0, .ofs_y = -2},
    {.bitmap_index = 45955, .adv_w = 192, .box_w = 11, .box_h = 11, .ofs_x = 0, .ofs_y = -2},
    {.bitmap_index = 45971, .adv_w = 192, .box_w = 11, .box_h = 11, .ofs_x = 0, .ofs_y = -2},
    {.bitmap_index = 45987, .adv_w = 192, .box_w = 11, .box_h = 11, .ofs_x = 0, .ofs_y = -2},
    {.bitmap_index = 46003, .adv_w = 192, .box_w = 11, .box_h = 11, .ofs_x = 0, .ofs_y = -2},
    {.bitmap_index = 46019, .adv_w = 192, .box_w = 11, .box_h = 11, .ofs_x = 0, .ofs_y = -2},
    {.bitmap_index = 46035, .adv_w = 192, .box_w = 11, .box_h = 11, .ofs_x = 0, .ofs_y = -2},
    {.bitmap_index = 46051, .adv_w = 192, .box_w = 11, .box_h = 11, .ofs_x = 0, .ofs_y = -2},
    {.bitmap_index = 46067, .adv_w = 192, .box_w = 11, .box_h = 11, .ofs_x = 0, .ofs_y = -2},
    {.bitmap_index = 46083, .adv_w = 192, .box_w = 11, .box_h = 11, .ofs_x = 0, .ofs_y = -2},
    {.bitmap_index = 46099, .adv_w = 192, .box_w = 11, .box_h = 11, .ofs_x = 0, .ofs_y = -2},
    {.bitmap_index = 46115, .adv_w = 192, .box_w = 11, .box_h = 11, .ofs_x = 0, .ofs_y = -2},
    {.bitmap_index = 46131, .adv_w = 192, .box_w = 11, .box_h = 11, .ofs_x = 0, .ofs_y = -2},
    {.bitmap_index = 46147, .adv_w = 192, .box_w = 11, .box_h = 11, .ofs_x = 0, .ofs_y = -2},
    {.bitmap_index = 46163, .adv_w = 192, .box_w = 11, .box_h = 11, .ofs_x = 0, .ofs_y = -2},
    {.bitmap_index = 46179, .adv_w = 192, .box_w = 11, .box_h = 11, .ofs_x = 0, .ofs_y = -2},
    {.bitmap_index = 46195, .adv_w = 192, .box_w = 11, .box_h = 11, .ofs_x = 0, .ofs_y = -2},
    {.bitmap_index = 46211, .adv_w = 192, .box_w = 11, .box_h = 11, .ofs_x = 0, .ofs_y = -2},
    {.bitmap_index = 46227, .adv_w = 192, .box_w = 11, .box_h = 11, .ofs_x = 0, .ofs_y = -2},
    {.bitmap_index = 46243, .adv_w = 192, .box_w = 11, .box_h = 11, .ofs_x = 0, .ofs_y = -2},
    {.bitmap_index = 46259, .adv_w = 192, .box_w = 11, .box_h = 11, .ofs_x = 0, .ofs_y = -2},
    {.bitmap_index = 46275, .adv_w = 192, .box_w = 11, .box_h = 11, .ofs_x = 0, .ofs_y = -2},
    {.bitmap_index = 46291, .adv_w = 192, .box_w = 11, .box_h = 11, .ofs_x = 0, .ofs_y = -2},
    {.bitmap_index = 46307, .adv_w = 192, .box_w = 11, .box_h = 11, .ofs_x = 0, .ofs_y = -2},
    {.bitmap_index = 46323, .adv_w = 192, .box_w = 11, .box_h = 11, .ofs_x = 0, .ofs_y = -2},
    {.bitmap_index = 46339, .adv_w = 192, .box_w = 11, .box_h = 11, .ofs_x = 0, .ofs_y = -2},
    {.bitmap_index = 46355, .adv_w = 192, .box_w = 11, .box_h = 11, .ofs_x = 0, .ofs_y = -2},
    {.bitmap_index = 46371, .adv_w = 192, .box_w = 11, .box_h = 11, .ofs_x = 0, .ofs_y = -2},
    {.bitmap_index = 46387, .adv_w = 192, .box_w = 11, .box_h = 11, .ofs_x = 0, .ofs_y = -2},
    {.bitmap_index = 46403, .adv_w = 192, .box_w = 11, .box_h = 11, .ofs_x = 0, .ofs_y = -2},
    {.bitmap_index = 46419, .adv_w = 192, .box_w = 11, .box_h = 11, .ofs_x = 0, .ofs_y = -2},
    {.bitmap_index = 46435, .adv_w = 192, .box_w = 11, .box_h = 11, .ofs_x = 0, .ofs_y = -2},
    {.bitmap_index = 46451, .adv_w = 192, .box_w = 11, .box_h = 11, .ofs_x = 0, .ofs_y = -2},
    {.bitmap_index = 46467, .adv_w = 192, .box_w = 11, .box_h = 11, .ofs_x = 0, .ofs_y = -2},
    {.bitmap_index = 46483, .adv_w = 192, .box_w = 11, .box_h = 11, .ofs_x = 0, .ofs_y = -2},
    {.bitmap_index = 46499, .adv_w = 192, .box_w = 11, .box_h = 11, .ofs_x = 0, .ofs_y = -2},
    {.bitmap_index = 46515, .adv_w = 192, .box_w = 11, .box_h = 11, .ofs_x = 0, .ofs_y = -2},
    {.bitmap_index = 46531, .adv_w = 192, .box_w = 11, .box_h = 11, .ofs_x = 0, .ofs_y = -2},
    {.bitmap_index = 46547, .adv_w = 192, .box_w = 11, .box_h = 11, .ofs_x = 0, .ofs_y = -2},
    {.bitmap_index = 46563, .adv_w = 192, .box_w = 11, .box_h = 11, .ofs_x = 0, .ofs_y = -2},
    {.bitmap_index = 46579, .adv_w = 192, .box_w = 11, .box_h = 11, .ofs_x = 0, .ofs_y = -2},
    {.bitmap_index = 46595, .adv_w = 192, .box_w = 11, .box_h = 11, .ofs_x = 0, .ofs_y = -2},
    {.bitmap_index = 46611, .adv_w = 192, .box_w = 11, .box_h = 11, .ofs_x = 0, .ofs_y = -2},
    {.bitmap_index = 46627, .adv_w = 192, .box_w = 11, .box_h = 11, .ofs_x = 0, .ofs_y = -2},
    {.bitmap_index = 46643, .adv_w = 192, .box_w = 11, .box_h = 11, .ofs_x = 0, .ofs_y = -2},
    {.bitmap_index = 46659, .adv_w = 192, .box_w = 11, .box_h = 11, .ofs_x = 0, .ofs_y = -2},
    {.bitmap_index = 46675, .adv_w = 192, .box_w = 11, .box_h = 11, .ofs_x = 0, .ofs_y = -2},
    {.bitmap_index = 46691, .adv_w = 192, .box_w = 11, .box_h = 11, .ofs_x = 0, .ofs_y = -2},
    {.bitmap_index = 46707, .adv_w = 192, .box_w = 11, .box_h = 11, .ofs_x = 0, .ofs_y = -2},
    {.bitmap_index = 46723, .adv_w = 192, .box_w = 11, .box_h = 11, .ofs_x = 0, .ofs_y = -2},
    {.bitmap_index = 46739, .adv_w = 192, .box_w = 11, .box_h = 11, .ofs_x = 0, .ofs_y = -2},
    {.bitmap_index = 46755, .adv_w = 192, .box_w = 11, .box_h = 11, .ofs_x = 0, .ofs_y = -2},
    {.bitmap_index = 46771, .adv_w = 192, .box_w = 11, .box_h = 11, .ofs_x = 0, .ofs_y = -2},
    {.bitmap_index = 46787, .adv_w = 192, .box_w = 11, .box_h = 11, .ofs_x = 0, .ofs_y = -2},
    {.bitmap_index = 46803, .adv_w = 192, .box_w = 11, .box_h = 11, .ofs_x = 0, .ofs_y = -2},
    {.bitmap_index = 46819, .adv_w = 192, .box_w = 11, .box_h = 11, .ofs_x = 0, .ofs_y = -2},
    {.bitmap_index = 46835, .adv_w = 192, .box_w = 11, .box_h = 11, .ofs_x = 0, .ofs_y = -2},
    {.bitmap_index = 46851, .adv_w = 192, .box_w = 11, .box_h = 11, .ofs_x = 0, .ofs_y = -2},
    {.bitmap_index = 46867, .adv_w = 192, .box_w = 11, .box_h = 11, .ofs_x = 0, .ofs_y = -2},
    {.bitmap_index = 46883, .adv_w = 192, .box_w = 11, .box_h = 11, .ofs_x = 0, .ofs_y = -2},
    {.bitmap_index = 46899, .adv_w = 192, .box_w = 11, .box_h = 11, .ofs_x = 0, .ofs_y = -2},
    {.bitmap_index = 46915, .adv_w = 192, .box_w = 11, .box_h = 11, .ofs_x = 0, .ofs_y = -2},
    {.bitmap_index = 46931, .adv_w = 192, .box_w = 11, .box_h = 11, .ofs_x = 0, .ofs_y = -2},
    {.bitmap_index = 46947, .adv_w = 192, .box_w = 11, .box_h = 11, .ofs_x = 0, .ofs_y = -2},
    {.bitmap_index = 46963, .adv_w = 192, .box_w = 11, .box_h = 11, .ofs_x = 0, .ofs_y = -2},
    {.bitmap_index = 46979, .adv_w = 192, .box_w = 11, .box_h = 11, .ofs_x = 0, .ofs_y = -2},
    {.bitmap_index = 46995, .adv_w = 192, .box_w = 11, .box_h = 11, .ofs_x = 0, .ofs_y = -2},
    {.bitmap_index = 47011, .adv_w = 192, .box_w = 11, .box_h = 11, .ofs_x = 0, .ofs_y = -2},
    {.bitmap_index = 47027, .adv_w = 192, .box_w = 11, .box_h = 11, .ofs_x = 0, .ofs_y = -2},
    {.bitmap_index = 47043, .adv_w = 192, .box_w = 11, .box_h = 11, .ofs_x = 0, .ofs_y = -2},
    {.bitmap_index = 47059, .adv_w = 192, .box_w = 11, .box_h = 11, .ofs_x = 0, .ofs_y = -2},
    {.bitmap_index = 47075, .adv_w = 192, .box_w = 11, .box_h = 11, .ofs_x = 0, .ofs_y = -2},
    {.bitmap_index = 47091, .adv_w = 192, .box_w = 11, .box_h = 11, .ofs_x = 0, .ofs_y = -2},
    {.bitmap_index = 47107, .adv_w = 192, .box_w = 11, .box_h = 11, .ofs_x = 0, .ofs_y = -2},
    {.bitmap_index = 47123, .adv_w = 192, .box_w = 11, .box_h = 11, .ofs_x = 0, .ofs_y = -2},
    {.bitmap_index = 47139, .adv_w = 192, .box_w = 11, .box_h = 11, .ofs_x = 0, .ofs_y = -2},
    {.bitmap_index = 47155, .adv_w = 192, .box_w = 11, .box_h = 11, .ofs_x = 0, .ofs_y = -2},
    {.bitmap_index = 47171, .adv_w = 192, .box_w = 11, .box_h = 11, .ofs_x = 0, .ofs_y = -2},
    {.bitmap_index = 47187, .adv_w = 192, .box_w = 11, .box_h = 11, .ofs_x = 0, .ofs_y = -2},
    {.bitmap_index = 47203, .adv_w = 192, .box_w = 11, .box_h = 11, .ofs_x = 0, .ofs_y = -2},
    {.bitmap_index = 47219, .adv_w = 192, .box_w = 11, .box_h = 11, .ofs_x = 0, .ofs_y = -2},
    {.bitmap_index = 47235, .adv_w = 192, .box_w = 11, .box_h = 11, .ofs_x = 0, .ofs_y = -2},
    {.bitmap_index = 47251, .adv_w = 192, .box_w = 11, .box_h = 11, .ofs_x = 0, .ofs_y = -2},
    {.bitmap_index = 47267, .adv_w = 192, .box_w = 11, .box_h = 11, .ofs_x = 0, .ofs_y = -2},
    {.bitmap_index = 47283, .adv_w = 192, .box_w = 11, .box_h = 11, .ofs_x = 0, .ofs_y = -2},
    {.bitmap_index = 47299, .adv_w = 192, .box_w = 11, .box_h = 11, .ofs_x = 0, .ofs_y = -2},
    {.bitmap_index = 47315, .adv_w = 192, .box_w = 11, .box_h = 11, .ofs_x = 0, .ofs_y = -2},
    {.bitmap_index = 47331, .adv_w = 192, .box_w = 11, .box_h = 11, .ofs_x = 0, .ofs_y = -2},
    {.bitmap_index = 47347, .adv_w = 192, .box_w = 11, .box_h = 11, .ofs_x = 0, .ofs_y = -2},
    {.bitmap_index = 47363, .adv_w = 192, .box_w = 11, .box_h = 11, .ofs_x = 0, .ofs_y = -2},
    {.bitmap_index = 47379, .adv_w = 192, .box_w = 11, .box_h = 11, .ofs_x = 0, .ofs_y = -2},
    {.bitmap_index = 47395, .adv_w = 192, .box_w = 11, .box_h = 11, .ofs_x = 0, .ofs_y = -2},
    {.bitmap_index = 47411, .adv_w = 192, .box_w = 11, .box_h = 11, .ofs_x = 0, .ofs_y = -2},
    {.bitmap_index = 47427, .adv_w = 192, .box_w = 11, .box_h = 11, .ofs_x = 0, .ofs_y = -2},
    {.bitmap_index = 47443, .adv_w = 192, .box_w = 11, .box_h = 11, .ofs_x = 0, .ofs_y = -2},
    {.bitmap_index = 47459, .adv_w = 192, .box_w = 11, .box_h = 11, .ofs_x = 0, .ofs_y = -2},
    {.bitmap_index = 47475, .adv_w = 192, .box_w = 11, .box_h = 11, .ofs_x = 0, .ofs_y = -2},
    {.bitmap_index = 47491, .adv_w = 192, .box_w = 11, .box_h = 11, .ofs_x = 0, .ofs_y = -2},
    {.bitmap_index = 47507, .adv_w = 192, .box_w = 11, .box_h = 11, .ofs_x = 0, .ofs_y = -2},
    {.bitmap_index = 47523, .adv_w = 192, .box_w = 11, .box_h = 11, .ofs_x = 0, .ofs_y = -2},
    {.bitmap_index = 47539, .adv_w = 192, .box_w = 11, .box_h = 11, .ofs_x = 0, .ofs_y = -2},
    {.bitmap_index = 47555, .adv_w = 192, .box_w = 11, .box_h = 11, .ofs_x = 0, .ofs_y = -2},
    {.bitmap_index = 47571, .adv_w = 192, .box_w = 11, .box_h = 11, .ofs_x = 0, .ofs_y = -2},
    {.bitmap_index = 47587, .adv_w = 192, .box_w = 11, .box_h = 11, .ofs_x = 0, .ofs_y = -2},
    {.bitmap_index = 47603, .adv_w = 192, .box_w = 11, .box_h = 11, .ofs_x = 0, .ofs_y = -2},
    {.bitmap_index = 47619, .adv_w = 192, .box_w = 11, .box_h = 11, .ofs_x = 0, .ofs_y = -2},
    {.bitmap_index = 47635, .adv_w = 192, .box_w = 11, .box_h = 11, .ofs_x = 0, .ofs_y = -2},
    {.bitmap_index = 47651, .adv_w = 192, .box_w = 11, .box_h = 11, .ofs_x = 0, .ofs_y = -2},
    {.bitmap_index = 47667, .adv_w = 192, .box_w = 11, .box_h = 11, .ofs_x = 0, .ofs_y = -2},
    {.bitmap_index = 47683, .adv_w = 192, .box_w = 11, .box_h = 11, .ofs_x = 0, .ofs_y = -2},
    {.bitmap_index = 47699, .adv_w = 192, .box_w = 11, .box_h = 11, .ofs_x = 0, .ofs_y = -2},
    {.bitmap_index = 47715, .adv_w = 192, .box_w = 11, .box_h = 11, .ofs_x = 0, .ofs_y = -2},
    {.bitmap_index = 47731, .adv_w = 192, .box_w = 11, .box_h = 11, .ofs_x = 0, .ofs_y = -2},
    {.bitmap_index = 47747, .adv_w = 192, .box_w = 11, .box_h = 11, .ofs_x = 0, .ofs_y = -2},
    {.bitmap_index = 47763, .adv_w = 192, .box_w = 11, .box_h = 11, .ofs_x = 0, .ofs_y = -2},
    {.bitmap_index = 47779, .adv_w = 192, .box_w = 11, .box_h = 11, .ofs_x = 0, .ofs_y = -2},
    {.bitmap_index = 47795, .adv_w = 192, .box_w = 11, .box_h = 11, .ofs_x = 0, .ofs_y = -2},
    {.bitmap_index = 47811, .adv_w = 192, .box_w = 11, .box_h = 11, .ofs_x = 0, .ofs_y = -2},
    {.bitmap_index = 47827, .adv_w = 192, .box_w = 11, .box_h = 11, .ofs_x = 0, .ofs_y = -2},
    {.bitmap_index = 47843, .adv_w = 192, .box_w = 11, .box_h = 11, .ofs_x = 0, .ofs_y = -2},
    {.bitmap_index = 47859, .adv_w = 192, .box_w = 11, .box_h = 11, .ofs_x = 0, .ofs_y = -2},
    {.bitmap_index = 47875, .adv_w = 192, .box_w = 11, .box_h = 11, .ofs_x = 0, .ofs_y = -2},
    {.bitmap_index = 47891, .adv_w = 192, .box_w = 11, .box_h = 11, .ofs_x = 0, .ofs_y = -2},
    {.bitmap_index = 47907, .adv_w = 192, .box_w = 11, .box_h = 11, .ofs_x = 0, .ofs_y = -2},
    {.bitmap_index = 47923, .adv_w = 192, .box_w = 11, .box_h = 11, .ofs_x = 0, .ofs_y = -2},
    {.bitmap_index = 47939, .adv_w = 192, .box_w = 11, .box_h = 11, .ofs_x = 0, .ofs_y = -2},
    {.bitmap_index = 47955, .adv_w = 192, .box_w = 11, .box_h = 11, .ofs_x = 0, .ofs_y = -2},
    {.bitmap_index = 47971, .adv_w = 192, .box_w = 11, .box_h = 11, .ofs_x = 0, .ofs_y = -2},
    {.bitmap_index = 47987, .adv_w = 192, .box_w = 11, .box_h = 11, .ofs_x = 0, .ofs_y = -2},
    {.bitmap_index = 48003, .adv_w = 192, .box_w = 11, .box_h = 11, .ofs_x = 0, .ofs_y = -2},
    {.bitmap_index = 48019, .adv_w = 192, .box_w = 11, .box_h = 11, .ofs_x = 0, .ofs_y = -2},
    {.bitmap_index = 48035, .adv_w = 192, .box_w = 11, .box_h = 11, .ofs_x = 0, .ofs_y = -2},
    {.bitmap_index = 48051, .adv_w = 192, .box_w = 11, .box_h = 11, .ofs_x = 0, .ofs_y = -2},
    {.bitmap_index = 48067, .adv_w = 192, .box_w = 11, .box_h = 11, .ofs_x = 0, .ofs_y = -2},
    {.bitmap_index = 48083, .adv_w = 192, .box_w = 11, .box_h = 11, .ofs_x = 0, .ofs_y = -2},
    {.bitmap_index = 48099, .adv_w = 192, .box_w = 11, .box_h = 11, .ofs_x = 0, .ofs_y = -2},
    {.bitmap_index = 48115, .adv_w = 192, .box_w = 11, .box_h = 11, .ofs_x = 0, .ofs_y = -2},
    {.bitmap_index = 48131, .adv_w = 192, .box_w = 11, .box_h = 11, .ofs_x = 0, .ofs_y = -2},
    {.bitmap_index = 48147, .adv_w = 192, .box_w = 11, .box_h = 11, .ofs_x = 0, .ofs_y = -2},
    {.bitmap_index = 48163, .adv_w = 192, .box_w = 11, .box_h = 11, .ofs_x = 0, .ofs_y = -2},
    {.bitmap_index = 48179, .adv_w = 192, .box_w = 11, .box_h = 11, .ofs_x = 0, .ofs_y = -2},
    {.bitmap_index = 48195, .adv_w = 192, .box_w = 11, .box_h = 11, .ofs_x = 0, .ofs_y = -2},
    {.bitmap_index = 48211, .adv_w = 192, .box_w = 11, .box_h = 11, .ofs_x = 0, .ofs_y = -2},
    {.bitmap_index = 48227, .adv_w = 192, .box_w = 11, .box_h = 11, .ofs_x = 0, .ofs_y = -2},
    {.bitmap_index = 48243, .adv_w = 192, .box_w = 11, .box_h = 11, .ofs_x = 0, .ofs_y = -2},
    {.bitmap_index = 48259, .adv_w = 192, .box_w = 11, .box_h = 11, .ofs_x = 0, .ofs_y = -2},
    {.bitmap_index = 48275, .adv_w = 192, .box_w = 11, .box_h = 11, .ofs_x = 0, .ofs_y = -2},
    {.bitmap_index = 48291, .adv_w = 192, .box_w = 11, .box_h = 11, .ofs_x = 0, .ofs_y = -2},
    {.bitmap_index = 48307, .adv_w = 192, .box_w = 11, .box_h = 11, .ofs_x = 0, .ofs_y = -2},
    {.bitmap_index = 48323, .adv_w = 192, .box_w = 11, .box_h = 11, .ofs_x = 0, .ofs_y = -2},
    {.bitmap_index = 48339, .adv_w = 192, .box_w = 11, .box_h = 11, .ofs_x = 0, .ofs_y = -2},
    {.bitmap_index = 48355, .adv_w = 192, .box_w = 11, .box_h = 11, .ofs_x = 0, .ofs_y = -2},
    {.bitmap_index = 48371, .adv_w = 192, .box_w = 11, .box_h = 11, .ofs_x = 0, .ofs_y = -2},
    {.bitmap_index = 48387, .adv_w = 192, .box_w = 11, .box_h = 11, .ofs_x = 0, .ofs_y = -2},
    {.bitmap_index = 48403, .adv_w = 192, .box_w = 11, .box_h = 11, .ofs_x = 0, .ofs_y = -2},
    {.bitmap_index = 48419, .adv_w = 192, .box_w = 11, .box_h = 11, .ofs_x = 0, .ofs_y = -2},
    {.bitmap_index = 48435, .adv_w = 192, .box_w = 11, .box_h = 11, .ofs_x = 0, .ofs_y = -2},
    {.bitmap_index = 48451, .adv_w = 192, .box_w = 11, .box_h = 11, .ofs_x = 0, .ofs_y = -2},
    {.bitmap_index = 48467, .adv_w = 192, .box_w = 11, .box_h = 11, .ofs_x = 0, .ofs_y = -2},
    {.bitmap_index = 48483, .adv_w = 192, .box_w = 11, .box_h = 11, .ofs_x = 0, .ofs_y = -2},
    {.bitmap_index = 48499, .adv_w = 192, .box_w = 11, .box_h = 11, .ofs_x = 0, .ofs_y = -2},
    {.bitmap_index = 48515, .adv_w = 192, .box_w = 11, .box_h = 11, .ofs_x = 0, .ofs_y = -2},
    {.bitmap_index = 48531, .adv_w = 192, .box_w = 11, .box_h = 11, .ofs_x = 0, .ofs_y = -2},
    {.bitmap_index = 48547, .adv_w = 192, .box_w = 11, .box_h = 11, .ofs_x = 0, .ofs_y = -2},
    {.bitmap_index = 48563, .adv_w = 192, .box_w = 11, .box_h = 11, .ofs_x = 0, .ofs_y = -2},
    {.bitmap_index = 48579, .adv_w = 192, .box_w = 11, .box_h = 11, .ofs_x = 0, .ofs_y = -2},
    {.bitmap_index = 48595, .adv_w = 192, .box_w = 11, .box_h = 11, .ofs_x = 0, .ofs_y = -2},
    {.bitmap_index = 48611, .adv_w = 192, .box_w = 11, .box_h = 11, .ofs_x = 0, .ofs_y = -2},
    {.bitmap_index = 48627, .adv_w = 192, .box_w = 11, .box_h = 11, .ofs_x = 0, .ofs_y = -2},
    {.bitmap_index = 48643, .adv_w = 192, .box_w = 11, .box_h = 11, .ofs_x = 0, .ofs_y = -2},
    {.bitmap_index = 48659, .adv_w = 192, .box_w = 11, .box_h = 11, .ofs_x = 0, .ofs_y = -2},
    {.bitmap_index = 48675, .adv_w = 192, .box_w = 11, .box_h = 11, .ofs_x = 0, .ofs_y = -2},
    {.bitmap_index = 48691, .adv_w = 192, .box_w = 11, .box_h = 11, .ofs_x = 0, .ofs_y = -2},
    {.bitmap_index = 48707, .adv_w = 192, .box_w = 11, .box_h = 11, .ofs_x = 0, .ofs_y = -2},
    {.bitmap_index = 48723, .adv_w = 192, .box_w = 11, .box_h = 11, .ofs_x = 0, .ofs_y = -2},
    {.bitmap_index = 48739, .adv_w = 192, .box_w = 11, .box_h = 11, .ofs_x = 0, .ofs_y = -2},
    {.bitmap_index = 48755, .adv_w = 192, .box_w = 11, .box_h = 11, .ofs_x = 0, .ofs_y = -2},
    {.bitmap_index = 48771, .adv_w = 192, .box_w = 11, .box_h = 11, .ofs_x = 0, .ofs_y = -2},
    {.bitmap_index = 48787, .adv_w = 192, .box_w = 11, .box_h = 11, .ofs_x = 0, .ofs_y = -2},
    {.bitmap_index = 48803, .adv_w = 192, .box_w = 11, .box_h = 11, .ofs_x = 0, .ofs_y = -2},
    {.bitmap_index = 48819, .adv_w = 192, .box_w = 11, .box_h = 11, .ofs_x = 0, .ofs_y = -2},
    {.bitmap_index = 48835, .adv_w = 192, .box_w = 11, .box_h = 11, .ofs_x = 0, .ofs_y = -2},
    {.bitmap_index = 48851, .adv_w = 192, .box_w = 11, .box_h = 11, .ofs_x = 0, .ofs_y = -2},
    {.bitmap_index = 48867, .adv_w = 192, .box_w = 11, .box_h = 11, .ofs_x = 0, .ofs_y = -2},
    {.bitmap_index = 48883, .adv_w = 192, .box_w = 11, .box_h = 11, .ofs_x = 0, .ofs_y = -2},
    {.bitmap_index = 48899, .adv_w = 192, .box_w = 11, .box_h = 11, .ofs_x = 0, .ofs_y = -2},
    {.bitmap_index = 48915, .adv_w = 192, .box_w = 11, .box_h = 11, .ofs_x = 0, .ofs_y = -2},
    {.bitmap_index = 48931, .adv_w = 192, .box_w = 11, .box_h = 11, .ofs_x = 0, .ofs_y = -2},
    {.bitmap_index = 48947, .adv_w = 192, .box_w = 11, .box_h = 11, .ofs_x = 0, .ofs_y = -2},
    {.bitmap_index = 48963, .adv_w = 192, .box_w = 11, .box_h = 11, .ofs_x = 0, .ofs_y = -2},
    {.bitmap_index = 48979, .adv_w = 192, .box_w = 11, .box_h = 11, .ofs_x = 0, .ofs_y = -2},
    {.bitmap_index = 48995, .adv_w = 192, .box_w = 11, .box_h = 11, .ofs_x = 0, .ofs_y = -2},
    {.bitmap_index = 49011, .adv_w = 192, .box_w = 11, .box_h = 11, .ofs_x = 0, .ofs_y = -2},
    {.bitmap_index = 49027, .adv_w = 192, .box_w = 11, .box_h = 11, .ofs_x = 0, .ofs_y = -2},
    {.bitmap_index = 49043, .adv_w = 192, .box_w = 11, .box_h = 11, .ofs_x = 0, .ofs_y = -2},
    {.bitmap_index = 49059, .adv_w = 192, .box_w = 11, .box_h = 11, .ofs_x = 0, .ofs_y = -2},
    {.bitmap_index = 49075, .adv_w = 192, .box_w = 11, .box_h = 11, .ofs_x = 0, .ofs_y = -2},
    {.bitmap_index = 49091, .adv_w = 192, .box_w = 11, .box_h = 11, .ofs_x = 0, .ofs_y = -2},
    {.bitmap_index = 49107, .adv_w = 192, .box_w = 11, .box_h = 11, .ofs_x = 0, .ofs_y = -2},
    {.bitmap_index = 49123, .adv_w = 192, .box_w = 11, .box_h = 11, .ofs_x = 0, .ofs_y = -2},
    {.bitmap_index = 49139, .adv_w = 192, .box_w = 11, .box_h = 11, .ofs_x = 0, .ofs_y = -2},
    {.bitmap_index = 49155, .adv_w = 192, .box_w = 11, .box_h = 11, .ofs_x = 0, .ofs_y = -2},
    {.bitmap_index = 49171, .adv_w = 192, .box_w = 10, .box_h = 11, .ofs_x = 0, .ofs_y = -2},
    {.bitmap_index = 49185, .adv_w = 192, .box_w = 11, .box_h = 11, .ofs_x = 0, .ofs_y = -2},
    {.bitmap_index = 49201, .adv_w = 192, .box_w = 11, .box_h = 11, .ofs_x = 0, .ofs_y = -2},
    {.bitmap_index = 49217, .adv_w = 192, .box_w = 11, .box_h = 11, .ofs_x = 0, .ofs_y = -2},
    {.bitmap_index = 49233, .adv_w = 192, .box_w = 11, .box_h = 11, .ofs_x = 0, .ofs_y = -2},
    {.bitmap_index = 49249, .adv_w = 192, .box_w = 11, .box_h = 11, .ofs_x = 0, .ofs_y = -2},
    {.bitmap_index = 49265, .adv_w = 192, .box_w = 11, .box_h = 11, .ofs_x = 0, .ofs_y = -2},
    {.bitmap_index = 49281, .adv_w = 192, .box_w = 11, .box_h = 11, .ofs_x = 0, .ofs_y = -2},
    {.bitmap_index = 49297, .adv_w = 192, .box_w = 11, .box_h = 11, .ofs_x = 0, .ofs_y = -2},
    {.bitmap_index = 49313, .adv_w = 192, .box_w = 11, .box_h = 11, .ofs_x = 0, .ofs_y = -2},
    {.bitmap_index = 49329, .adv_w = 192, .box_w = 11, .box_h = 11, .ofs_x = 0, .ofs_y = -2},
    {.bitmap_index = 49345, .adv_w = 192, .box_w = 11, .box_h = 11, .ofs_x = 0, .ofs_y = -2},
    {.bitmap_index = 49361, .adv_w = 192, .box_w = 11, .box_h = 11, .ofs_x = 0, .ofs_y = -2},
    {.bitmap_index = 49377, .adv_w = 192, .box_w = 11, .box_h = 11, .ofs_x = 0, .ofs_y = -2},
    {.bitmap_index = 49393, .adv_w = 192, .box_w = 11, .box_h = 11, .ofs_x = 0, .ofs_y = -2},
    {.bitmap_index = 49409, .adv_w = 192, .box_w = 11, .box_h = 11, .ofs_x = 0, .ofs_y = -2},
    {.bitmap_index = 49425, .adv_w = 192, .box_w = 11, .box_h = 11, .ofs_x = 0, .ofs_y = -2},
    {.bitmap_index = 49441, .adv_w = 192, .box_w = 11, .box_h = 11, .ofs_x = 0, .ofs_y = -2},
    {.bitmap_index = 49457, .adv_w = 192, .box_w = 11, .box_h = 11, .ofs_x = 0, .ofs_y = -2},
    {.bitmap_index = 49473, .adv_w = 192, .box_w = 11, .box_h = 11, .ofs_x = 0, .ofs_y = -2},
    {.bitmap_index = 49489, .adv_w = 192, .box_w = 11, .box_h = 11, .ofs_x = 0, .ofs_y = -2},
    {.bitmap_index = 49505, .adv_w = 192, .box_w = 11, .box_h = 11, .ofs_x = 0, .ofs_y = -2},
    {.bitmap_index = 49521, .adv_w = 192, .box_w = 11, .box_h = 11, .ofs_x = 0, .ofs_y = -2},
    {.bitmap_index = 49537, .adv_w = 192, .box_w = 11, .box_h = 11, .ofs_x = 0, .ofs_y = -2},
    {.bitmap_index = 49553, .adv_w = 192, .box_w = 11, .box_h = 11, .ofs_x = 0, .ofs_y = -2},
    {.bitmap_index = 49569, .adv_w = 192, .box_w = 11, .box_h = 11, .ofs_x = 0, .ofs_y = -2},
    {.bitmap_index = 49585, .adv_w = 192, .box_w = 11, .box_h = 11, .ofs_x = 0, .ofs_y = -2},
    {.bitmap_index = 49601, .adv_w = 192, .box_w = 11, .box_h = 11, .ofs_x = 0, .ofs_y = -2},
    {.bitmap_index = 49617, .adv_w = 192, .box_w = 11, .box_h = 11, .ofs_x = 0, .ofs_y = -2},
    {.bitmap_index = 49633, .adv_w = 192, .box_w = 11, .box_h = 11, .ofs_x = 0, .ofs_y = -2},
    {.bitmap_index = 49649, .adv_w = 192, .box_w = 11, .box_h = 11, .ofs_x = 0, .ofs_y = -2},
    {.bitmap_index = 49665, .adv_w = 192, .box_w = 11, .box_h = 11, .ofs_x = 0, .ofs_y = -2},
    {.bitmap_index = 49681, .adv_w = 192, .box_w = 11, .box_h = 11, .ofs_x = 0, .ofs_y = -2},
    {.bitmap_index = 49697, .adv_w = 192, .box_w = 11, .box_h = 11, .ofs_x = 0, .ofs_y = -2},
    {.bitmap_index = 49713, .adv_w = 192, .box_w = 11, .box_h = 11, .ofs_x = 0, .ofs_y = -2},
    {.bitmap_index = 49729, .adv_w = 192, .box_w = 11, .box_h = 11, .ofs_x = 0, .ofs_y = -2},
    {.bitmap_index = 49745, .adv_w = 192, .box_w = 11, .box_h = 11, .ofs_x = 0, .ofs_y = -2},
    {.bitmap_index = 49761, .adv_w = 192, .box_w = 11, .box_h = 11, .ofs_x = 0, .ofs_y = -2},
    {.bitmap_index = 49777, .adv_w = 192, .box_w = 11, .box_h = 11, .ofs_x = 0, .ofs_y = -2},
    {.bitmap_index = 49793, .adv_w = 192, .box_w = 11, .box_h = 11, .ofs_x = 0, .ofs_y = -2},
    {.bitmap_index = 49809, .adv_w = 192, .box_w = 11, .box_h = 11, .ofs_x = 0, .ofs_y = -2},
    {.bitmap_index = 49825, .adv_w = 192, .box_w = 11, .box_h = 11, .ofs_x = 0, .ofs_y = -2},
    {.bitmap_index = 49841, .adv_w = 192, .box_w = 11, .box_h = 11, .ofs_x = 0, .ofs_y = -2},
    {.bitmap_index = 49857, .adv_w = 192, .box_w = 11, .box_h = 11, .ofs_x = 0, .ofs_y = -2},
    {.bitmap_index = 49873, .adv_w = 192, .box_w = 11, .box_h = 11, .ofs_x = 0, .ofs_y = -2},
    {.bitmap_index = 49889, .adv_w = 192, .box_w = 11, .box_h = 11, .ofs_x = 0, .ofs_y = -2},
    {.bitmap_index = 49905, .adv_w = 192, .box_w = 11, .box_h = 11, .ofs_x = 0, .ofs_y = -2},
    {.bitmap_index = 49921, .adv_w = 192, .box_w = 11, .box_h = 11, .ofs_x = 0, .ofs_y = -2},
    {.bitmap_index = 49937, .adv_w = 192, .box_w = 11, .box_h = 11, .ofs_x = 0, .ofs_y = -2},
    {.bitmap_index = 49953, .adv_w = 192, .box_w = 11, .box_h = 11, .ofs_x = 0, .ofs_y = -2},
    {.bitmap_index = 49969, .adv_w = 192, .box_w = 11, .box_h = 11, .ofs_x = 0, .ofs_y = -2},
    {.bitmap_index = 49985, .adv_w = 192, .box_w = 11, .box_h = 11, .ofs_x = 0, .ofs_y = -2},
    {.bitmap_index = 50001, .adv_w = 192, .box_w = 11, .box_h = 11, .ofs_x = 0, .ofs_y = -2},
    {.bitmap_index = 50017, .adv_w = 192, .box_w = 11, .box_h = 11, .ofs_x = 0, .ofs_y = -2},
    {.bitmap_index = 50033, .adv_w = 192, .box_w = 11, .box_h = 11, .ofs_x = 0, .ofs_y = -2},
    {.bitmap_index = 50049, .adv_w = 192, .box_w = 11, .box_h = 11, .ofs_x = 0, .ofs_y = -2},
    {.bitmap_index = 50065, .adv_w = 192, .box_w = 11, .box_h = 11, .ofs_x = 0, .ofs_y = -2},
    {.bitmap_index = 50081, .adv_w = 192, .box_w = 11, .box_h = 11, .ofs_x = 0, .ofs_y = -2},
    {.bitmap_index = 50097, .adv_w = 192, .box_w = 11, .box_h = 11, .ofs_x = 0, .ofs_y = -2},
    {.bitmap_index = 50113, .adv_w = 192, .box_w = 11, .box_h = 11, .ofs_x = 0, .ofs_y = -2},
    {.bitmap_index = 50129, .adv_w = 192, .box_w = 11, .box_h = 11, .ofs_x = 0, .ofs_y = -2},
    {.bitmap_index = 50145, .adv_w = 192, .box_w = 11, .box_h = 11, .ofs_x = 0, .ofs_y = -2},
    {.bitmap_index = 50161, .adv_w = 192, .box_w = 11, .box_h = 11, .ofs_x = 0, .ofs_y = -2},
    {.bitmap_index = 50177, .adv_w = 192, .box_w = 11, .box_h = 11, .ofs_x = 0, .ofs_y = -2},
    {.bitmap_index = 50193, .adv_w = 192, .box_w = 11, .box_h = 11, .ofs_x = 0, .ofs_y = -2},
    {.bitmap_index = 50209, .adv_w = 192, .box_w = 11, .box_h = 11, .ofs_x = 0, .ofs_y = -2},
    {.bitmap_index = 50225, .adv_w = 192, .box_w = 11, .box_h = 11, .ofs_x = 0, .ofs_y = -2},
    {.bitmap_index = 50241, .adv_w = 192, .box_w = 11, .box_h = 11, .ofs_x = 0, .ofs_y = -2},
    {.bitmap_index = 50257, .adv_w = 192, .box_w = 11, .box_h = 11, .ofs_x = 0, .ofs_y = -2},
    {.bitmap_index = 50273, .adv_w = 192, .box_w = 11, .box_h = 11, .ofs_x = 0, .ofs_y = -2},
    {.bitmap_index = 50289, .adv_w = 192, .box_w = 11, .box_h = 11, .ofs_x = 0, .ofs_y = -2},
    {.bitmap_index = 50305, .adv_w = 192, .box_w = 11, .box_h = 11, .ofs_x = 0, .ofs_y = -2},
    {.bitmap_index = 50321, .adv_w = 192, .box_w = 11, .box_h = 11, .ofs_x = 0, .ofs_y = -2},
    {.bitmap_index = 50337, .adv_w = 192, .box_w = 11, .box_h = 11, .ofs_x = 0, .ofs_y = -2},
    {.bitmap_index = 50353, .adv_w = 192, .box_w = 11, .box_h = 11, .ofs_x = 0, .ofs_y = -2},
    {.bitmap_index = 50369, .adv_w = 192, .box_w = 11, .box_h = 11, .ofs_x = 0, .ofs_y = -2},
    {.bitmap_index = 50385, .adv_w = 192, .box_w = 11, .box_h = 11, .ofs_x = 0, .ofs_y = -2},
    {.bitmap_index = 50401, .adv_w = 192, .box_w = 11, .box_h = 11, .ofs_x = 0, .ofs_y = -2},
    {.bitmap_index = 50417, .adv_w = 192, .box_w = 11, .box_h = 11, .ofs_x = 0, .ofs_y = -2},
    {.bitmap_index = 50433, .adv_w = 192, .box_w = 11, .box_h = 11, .ofs_x = 0, .ofs_y = -2},
    {.bitmap_index = 50449, .adv_w = 192, .box_w = 11, .box_h = 11, .ofs_x = 0, .ofs_y = -2},
    {.bitmap_index = 50465, .adv_w = 192, .box_w = 11, .box_h = 11, .ofs_x = 0, .ofs_y = -2},
    {.bitmap_index = 50481, .adv_w = 192, .box_w = 11, .box_h = 11, .ofs_x = 0, .ofs_y = -2},
    {.bitmap_index = 50497, .adv_w = 192, .box_w = 11, .box_h = 11, .ofs_x = 0, .ofs_y = -2},
    {.bitmap_index = 50513, .adv_w = 192, .box_w = 11, .box_h = 11, .ofs_x = 0, .ofs_y = -2},
    {.bitmap_index = 50529, .adv_w = 192, .box_w = 11, .box_h = 11, .ofs_x = 0, .ofs_y = -2},
    {.bitmap_index = 50545, .adv_w = 192, .box_w = 11, .box_h = 11, .ofs_x = 0, .ofs_y = -2},
    {.bitmap_index = 50561, .adv_w = 192, .box_w = 11, .box_h = 11, .ofs_x = 0, .ofs_y = -2},
    {.bitmap_index = 50577, .adv_w = 192, .box_w = 11, .box_h = 11, .ofs_x = 0, .ofs_y = -2},
    {.bitmap_index = 50593, .adv_w = 192, .box_w = 11, .box_h = 11, .ofs_x = 0, .ofs_y = -2},
    {.bitmap_index = 50609, .adv_w = 192, .box_w = 11, .box_h = 11, .ofs_x = 0, .ofs_y = -2},
    {.bitmap_index = 50625, .adv_w = 192, .box_w = 11, .box_h = 11, .ofs_x = 0, .ofs_y = -2},
    {.bitmap_index = 50641, .adv_w = 192, .box_w = 11, .box_h = 11, .ofs_x = 0, .ofs_y = -2},
    {.bitmap_index = 50657, .adv_w = 192, .box_w = 11, .box_h = 11, .ofs_x = 0, .ofs_y = -2},
    {.bitmap_index = 50673, .adv_w = 192, .box_w = 11, .box_h = 11, .ofs_x = 0, .ofs_y = -2},
    {.bitmap_index = 50689, .adv_w = 192, .box_w = 11, .box_h = 11, .ofs_x = 0, .ofs_y = -2},
    {.bitmap_index = 50705, .adv_w = 192, .box_w = 11, .box_h = 11, .ofs_x = 0, .ofs_y = -2},
    {.bitmap_index = 50721, .adv_w = 192, .box_w = 11, .box_h = 11, .ofs_x = 0, .ofs_y = -2},
    {.bitmap_index = 50737, .adv_w = 192, .box_w = 11, .box_h = 11, .ofs_x = 0, .ofs_y = -2},
    {.bitmap_index = 50753, .adv_w = 192, .box_w = 11, .box_h = 11, .ofs_x = 0, .ofs_y = -2},
    {.bitmap_index = 50769, .adv_w = 192, .box_w = 11, .box_h = 11, .ofs_x = 0, .ofs_y = -2},
    {.bitmap_index = 50785, .adv_w = 192, .box_w = 11, .box_h = 11, .ofs_x = 0, .ofs_y = -2},
    {.bitmap_index = 50801, .adv_w = 192, .box_w = 11, .box_h = 11, .ofs_x = 0, .ofs_y = -2},
    {.bitmap_index = 50817, .adv_w = 192, .box_w = 11, .box_h = 11, .ofs_x = 0, .ofs_y = -2},
    {.bitmap_index = 50833, .adv_w = 192, .box_w = 11, .box_h = 11, .ofs_x = 0, .ofs_y = -2},
    {.bitmap_index = 50849, .adv_w = 192, .box_w = 11, .box_h = 11, .ofs_x = 0, .ofs_y = -2},
    {.bitmap_index = 50865, .adv_w = 192, .box_w = 11, .box_h = 11, .ofs_x = 0, .ofs_y = -2},
    {.bitmap_index = 50881, .adv_w = 192, .box_w = 11, .box_h = 11, .ofs_x = 0, .ofs_y = -2},
    {.bitmap_index = 50897, .adv_w = 192, .box_w = 11, .box_h = 11, .ofs_x = 0, .ofs_y = -2},
    {.bitmap_index = 50913, .adv_w = 192, .box_w = 11, .box_h = 11, .ofs_x = 0, .ofs_y = -2},
    {.bitmap_index = 50929, .adv_w = 192, .box_w = 11, .box_h = 11, .ofs_x = 0, .ofs_y = -2},
    {.bitmap_index = 50945, .adv_w = 192, .box_w = 11, .box_h = 11, .ofs_x = 0, .ofs_y = -2},
    {.bitmap_index = 50961, .adv_w = 192, .box_w = 11, .box_h = 11, .ofs_x = 0, .ofs_y = -2},
    {.bitmap_index = 50977, .adv_w = 192, .box_w = 11, .box_h = 11, .ofs_x = 0, .ofs_y = -2},
    {.bitmap_index = 50993, .adv_w = 192, .box_w = 11, .box_h = 11, .ofs_x = 0, .ofs_y = -2},
    {.bitmap_index = 51009, .adv_w = 192, .box_w = 11, .box_h = 11, .ofs_x = 0, .ofs_y = -2},
    {.bitmap_index = 51025, .adv_w = 192, .box_w = 11, .box_h = 11, .ofs_x = 0, .ofs_y = -2},
    {.bitmap_index = 51041, .adv_w = 192, .box_w = 11, .box_h = 11, .ofs_x = 0, .ofs_y = -2},
    {.bitmap_index = 51057, .adv_w = 192, .box_w = 11, .box_h = 11, .ofs_x = 0, .ofs_y = -2},
    {.bitmap_index = 51073, .adv_w = 192, .box_w = 11, .box_h = 11, .ofs_x = 0, .ofs_y = -2},
    {.bitmap_index = 51089, .adv_w = 192, .box_w = 11, .box_h = 11, .ofs_x = 0, .ofs_y = -2},
    {.bitmap_index = 51105, .adv_w = 192, .box_w = 11, .box_h = 11, .ofs_x = 0, .ofs_y = -2},
    {.bitmap_index = 51121, .adv_w = 192, .box_w = 11, .box_h = 11, .ofs_x = 0, .ofs_y = -2},
    {.bitmap_index = 51137, .adv_w = 192, .box_w = 11, .box_h = 11, .ofs_x = 0, .ofs_y = -2},
    {.bitmap_index = 51153, .adv_w = 192, .box_w = 11, .box_h = 11, .ofs_x = 0, .ofs_y = -2},
    {.bitmap_index = 51169, .adv_w = 192, .box_w = 11, .box_h = 11, .ofs_x = 0, .ofs_y = -2},
    {.bitmap_index = 51185, .adv_w = 192, .box_w = 11, .box_h = 11, .ofs_x = 0, .ofs_y = -2},
    {.bitmap_index = 51201, .adv_w = 192, .box_w = 11, .box_h = 11, .ofs_x = 0, .ofs_y = -2},
    {.bitmap_index = 51217, .adv_w = 192, .box_w = 11, .box_h = 11, .ofs_x = 0, .ofs_y = -2},
    {.bitmap_index = 51233, .adv_w = 192, .box_w = 11, .box_h = 11, .ofs_x = 0, .ofs_y = -2},
    {.bitmap_index = 51249, .adv_w = 192, .box_w = 11, .box_h = 11, .ofs_x = 0, .ofs_y = -2},
    {.bitmap_index = 51265, .adv_w = 192, .box_w = 11, .box_h = 11, .ofs_x = 0, .ofs_y = -2},
    {.bitmap_index = 51281, .adv_w = 192, .box_w = 11, .box_h = 11, .ofs_x = 0, .ofs_y = -2},
    {.bitmap_index = 51297, .adv_w = 192, .box_w = 11, .box_h = 11, .ofs_x = 0, .ofs_y = -2},
    {.bitmap_index = 51313, .adv_w = 192, .box_w = 11, .box_h = 11, .ofs_x = 0, .ofs_y = -2},
    {.bitmap_index = 51329, .adv_w = 192, .box_w = 11, .box_h = 11, .ofs_x = 0, .ofs_y = -2},
    {.bitmap_index = 51345, .adv_w = 192, .box_w = 11, .box_h = 11, .ofs_x = 0, .ofs_y = -2},
    {.bitmap_index = 51361, .adv_w = 192, .box_w = 11, .box_h = 11, .ofs_x = 0, .ofs_y = -2},
    {.bitmap_index = 51377, .adv_w = 192, .box_w = 11, .box_h = 11, .ofs_x = 0, .ofs_y = -2},
    {.bitmap_index = 51393, .adv_w = 192, .box_w = 11, .box_h = 11, .ofs_x = 0, .ofs_y = -2},
    {.bitmap_index = 51409, .adv_w = 192, .box_w = 11, .box_h = 11, .ofs_x = 0, .ofs_y = -2},
    {.bitmap_index = 51425, .adv_w = 192, .box_w = 11, .box_h = 11, .ofs_x = 0, .ofs_y = -2},
    {.bitmap_index = 51441, .adv_w = 192, .box_w = 11, .box_h = 11, .ofs_x = 0, .ofs_y = -2},
    {.bitmap_index = 51457, .adv_w = 192, .box_w = 11, .box_h = 11, .ofs_x = 0, .ofs_y = -2},
    {.bitmap_index = 51473, .adv_w = 192, .box_w = 11, .box_h = 11, .ofs_x = 0, .ofs_y = -2},
    {.bitmap_index = 51489, .adv_w = 192, .box_w = 11, .box_h = 11, .ofs_x = 0, .ofs_y = -2},
    {.bitmap_index = 51505, .adv_w = 192, .box_w = 11, .box_h = 11, .ofs_x = 0, .ofs_y = -2},
    {.bitmap_index = 51521, .adv_w = 192, .box_w = 11, .box_h = 11, .ofs_x = 0, .ofs_y = -2},
    {.bitmap_index = 51537, .adv_w = 192, .box_w = 11, .box_h = 11, .ofs_x = 0, .ofs_y = -2},
    {.bitmap_index = 51553, .adv_w = 192, .box_w = 11, .box_h = 11, .ofs_x = 0, .ofs_y = -2},
    {.bitmap_index = 51569, .adv_w = 192, .box_w = 11, .box_h = 11, .ofs_x = 0, .ofs_y = -2},
    {.bitmap_index = 51585, .adv_w = 192, .box_w = 11, .box_h = 11, .ofs_x = 0, .ofs_y = -2},
    {.bitmap_index = 51601, .adv_w = 192, .box_w = 11, .box_h = 11, .ofs_x = 0, .ofs_y = -2},
    {.bitmap_index = 51617, .adv_w = 192, .box_w = 11, .box_h = 11, .ofs_x = 0, .ofs_y = -2},
    {.bitmap_index = 51633, .adv_w = 192, .box_w = 11, .box_h = 11, .ofs_x = 0, .ofs_y = -2},
    {.bitmap_index = 51649, .adv_w = 192, .box_w = 11, .box_h = 11, .ofs_x = 0, .ofs_y = -2},
    {.bitmap_index = 51665, .adv_w = 192, .box_w = 11, .box_h = 11, .ofs_x = 0, .ofs_y = -2},
    {.bitmap_index = 51681, .adv_w = 192, .box_w = 11, .box_h = 11, .ofs_x = 0, .ofs_y = -2},
    {.bitmap_index = 51697, .adv_w = 192, .box_w = 11, .box_h = 11, .ofs_x = 0, .ofs_y = -2},
    {.bitmap_index = 51713, .adv_w = 192, .box_w = 11, .box_h = 11, .ofs_x = 0, .ofs_y = -2},
    {.bitmap_index = 51729, .adv_w = 192, .box_w = 11, .box_h = 11, .ofs_x = 0, .ofs_y = -2},
    {.bitmap_index = 51745, .adv_w = 192, .box_w = 11, .box_h = 11, .ofs_x = 0, .ofs_y = -2},
    {.bitmap_index = 51761, .adv_w = 192, .box_w = 11, .box_h = 11, .ofs_x = 0, .ofs_y = -2},
    {.bitmap_index = 51777, .adv_w = 192, .box_w = 11, .box_h = 11, .ofs_x = 0, .ofs_y = -2},
    {.bitmap_index = 51793, .adv_w = 192, .box_w = 11, .box_h = 11, .ofs_x = 0, .ofs_y = -2},
    {.bitmap_index = 51809, .adv_w = 192, .box_w = 11, .box_h = 11, .ofs_x = 0, .ofs_y = -2},
    {.bitmap_index = 51825, .adv_w = 192, .box_w = 11, .box_h = 11, .ofs_x = 0, .ofs_y = -2},
    {.bitmap_index = 51841, .adv_w = 192, .box_w = 11, .box_h = 11, .ofs_x = 0, .ofs_y = -2},
    {.bitmap_index = 51857, .adv_w = 192, .box_w = 11, .box_h = 11, .ofs_x = 0, .ofs_y = -2},
    {.bitmap_index = 51873, .adv_w = 192, .box_w = 11, .box_h = 11, .ofs_x = 0, .ofs_y = -2},
    {.bitmap_index = 51889, .adv_w = 192, .box_w = 11, .box_h = 11, .ofs_x = 0, .ofs_y = -2},
    {.bitmap_index = 51905, .adv_w = 192, .box_w = 11, .box_h = 11, .ofs_x = 0, .ofs_y = -2},
    {.bitmap_index = 51921, .adv_w = 192, .box_w = 11, .box_h = 11, .ofs_x = 0, .ofs_y = -2},
    {.bitmap_index = 51937, .adv_w = 192, .box_w = 11, .box_h = 11, .ofs_x = 0, .ofs_y = -2},
    {.bitmap_index = 51953, .adv_w = 192, .box_w = 11, .box_h = 11, .ofs_x = 0, .ofs_y = -2},
    {.bitmap_index = 51969, .adv_w = 192, .box_w = 11, .box_h = 11, .ofs_x = 0, .ofs_y = -2},
    {.bitmap_index = 51985, .adv_w = 192, .box_w = 11, .box_h = 11, .ofs_x = 0, .ofs_y = -2},
    {.bitmap_index = 52001, .adv_w = 192, .box_w = 11, .box_h = 11, .ofs_x = 0, .ofs_y = -2},
    {.bitmap_index = 52017, .adv_w = 192, .box_w = 11, .box_h = 11, .ofs_x = 0, .ofs_y = -2},
    {.bitmap_index = 52033, .adv_w = 192, .box_w = 11, .box_h = 11, .ofs_x = 0, .ofs_y = -2},
    {.bitmap_index = 52049, .adv_w = 192, .box_w = 11, .box_h = 11, .ofs_x = 0, .ofs_y = -2},
    {.bitmap_index = 52065, .adv_w = 192, .box_w = 11, .box_h = 11, .ofs_x = 0, .ofs_y = -2},
    {.bitmap_index = 52081, .adv_w = 192, .box_w = 11, .box_h = 11, .ofs_x = 0, .ofs_y = -2},
    {.bitmap_index = 52097, .adv_w = 192, .box_w = 11, .box_h = 11, .ofs_x = 0, .ofs_y = -2},
    {.bitmap_index = 52113, .adv_w = 192, .box_w = 11, .box_h = 11, .ofs_x = 0, .ofs_y = -2},
    {.bitmap_index = 52129, .adv_w = 192, .box_w = 11, .box_h = 11, .ofs_x = 0, .ofs_y = -2},
    {.bitmap_index = 52145, .adv_w = 192, .box_w = 11, .box_h = 11, .ofs_x = 0, .ofs_y = -2},
    {.bitmap_index = 52161, .adv_w = 192, .box_w = 11, .box_h = 11, .ofs_x = 0, .ofs_y = -2},
    {.bitmap_index = 52177, .adv_w = 192, .box_w = 11, .box_h = 11, .ofs_x = 0, .ofs_y = -2},
    {.bitmap_index = 52193, .adv_w = 192, .box_w = 11, .box_h = 11, .ofs_x = 0, .ofs_y = -2},
    {.bitmap_index = 52209, .adv_w = 192, .box_w = 11, .box_h = 11, .ofs_x = 0, .ofs_y = -2},
    {.bitmap_index = 52225, .adv_w = 192, .box_w = 11, .box_h = 11, .ofs_x = 0, .ofs_y = -2},
    {.bitmap_index = 52241, .adv_w = 192, .box_w = 11, .box_h = 11, .ofs_x = 0, .ofs_y = -2},
    {.bitmap_index = 52257, .adv_w = 192, .box_w = 11, .box_h = 11, .ofs_x = 0, .ofs_y = -2},
    {.bitmap_index = 52273, .adv_w = 192, .box_w = 11, .box_h = 11, .ofs_x = 0, .ofs_y = -2},
    {.bitmap_index = 52289, .adv_w = 192, .box_w = 11, .box_h = 11, .ofs_x = 0, .ofs_y = -2},
    {.bitmap_index = 52305, .adv_w = 192, .box_w = 11, .box_h = 11, .ofs_x = 0, .ofs_y = -2},
    {.bitmap_index = 52321, .adv_w = 192, .box_w = 11, .box_h = 11, .ofs_x = 0, .ofs_y = -2},
    {.bitmap_index = 52337, .adv_w = 192, .box_w = 11, .box_h = 11, .ofs_x = 0, .ofs_y = -2},
    {.bitmap_index = 52353, .adv_w = 192, .box_w = 11, .box_h = 11, .ofs_x = 0, .ofs_y = -2},
    {.bitmap_index = 52369, .adv_w = 192, .box_w = 11, .box_h = 11, .ofs_x = 0, .ofs_y = -2},
    {.bitmap_index = 52385, .adv_w = 192, .box_w = 11, .box_h = 11, .ofs_x = 0, .ofs_y = -2},
    {.bitmap_index = 52401, .adv_w = 192, .box_w = 11, .box_h = 11, .ofs_x = 0, .ofs_y = -2},
    {.bitmap_index = 52417, .adv_w = 192, .box_w = 11, .box_h = 11, .ofs_x = 0, .ofs_y = -2},
    {.bitmap_index = 52433, .adv_w = 192, .box_w = 11, .box_h = 11, .ofs_x = 0, .ofs_y = -2},
    {.bitmap_index = 52449, .adv_w = 192, .box_w = 11, .box_h = 11, .ofs_x = 0, .ofs_y = -2},
    {.bitmap_index = 52465, .adv_w = 192, .box_w = 11, .box_h = 11, .ofs_x = 0, .ofs_y = -2},
    {.bitmap_index = 52481, .adv_w = 192, .box_w = 11, .box_h = 11, .ofs_x = 0, .ofs_y = -2},
    {.bitmap_index = 52497, .adv_w = 192, .box_w = 11, .box_h = 11, .ofs_x = 0, .ofs_y = -2},
    {.bitmap_index = 52513, .adv_w = 192, .box_w = 11, .box_h = 11, .ofs_x = 0, .ofs_y = -2},
    {.bitmap_index = 52529, .adv_w = 192, .box_w = 11, .box_h = 11, .ofs_x = 0, .ofs_y = -2},
    {.bitmap_index = 52545, .adv_w = 192, .box_w = 11, .box_h = 11, .ofs_x = 0, .ofs_y = -2},
    {.bitmap_index = 52561, .adv_w = 192, .box_w = 11, .box_h = 11, .ofs_x = 0, .ofs_y = -2},
    {.bitmap_index = 52577, .adv_w = 192, .box_w = 11, .box_h = 11, .ofs_x = 0, .ofs_y = -2},
    {.bitmap_index = 52593, .adv_w = 192, .box_w = 11, .box_h = 11, .ofs_x = 0, .ofs_y = -2},
    {.bitmap_index = 52609, .adv_w = 192, .box_w = 11, .box_h = 11, .ofs_x = 0, .ofs_y = -2},
    {.bitmap_index = 52625, .adv_w = 192, .box_w = 11, .box_h = 11, .ofs_x = 0, .ofs_y = -2},
    {.bitmap_index = 52641, .adv_w = 192, .box_w = 11, .box_h = 11, .ofs_x = 0, .ofs_y = -2},
    {.bitmap_index = 52657, .adv_w = 192, .box_w = 11, .box_h = 11, .ofs_x = 0, .ofs_y = -2},
    {.bitmap_index = 52673, .adv_w = 192, .box_w = 11, .box_h = 11, .ofs_x = 0, .ofs_y = -2},
    {.bitmap_index = 52689, .adv_w = 192, .box_w = 11, .box_h = 11, .ofs_x = 0, .ofs_y = -2},
    {.bitmap_index = 52705, .adv_w = 192, .box_w = 11, .box_h = 11, .ofs_x = 0, .ofs_y = -2},
    {.bitmap_index = 52721, .adv_w = 192, .box_w = 11, .box_h = 11, .ofs_x = 0, .ofs_y = -2},
    {.bitmap_index = 52737, .adv_w = 192, .box_w = 11, .box_h = 11, .ofs_x = 0, .ofs_y = -2},
    {.bitmap_index = 52753, .adv_w = 192, .box_w = 11, .box_h = 11, .ofs_x = 0, .ofs_y = -2},
    {.bitmap_index = 52769, .adv_w = 192, .box_w = 11, .box_h = 11, .ofs_x = 0, .ofs_y = -2},
    {.bitmap_index = 52785, .adv_w = 192, .box_w = 11, .box_h = 11, .ofs_x = 0, .ofs_y = -2},
    {.bitmap_index = 52801, .adv_w = 192, .box_w = 11, .box_h = 11, .ofs_x = 0, .ofs_y = -2},
    {.bitmap_index = 52817, .adv_w = 192, .box_w = 11, .box_h = 11, .ofs_x = 0, .ofs_y = -2},
    {.bitmap_index = 52833, .adv_w = 192, .box_w = 11, .box_h = 11, .ofs_x = 0, .ofs_y = -2},
    {.bitmap_index = 52849, .adv_w = 192, .box_w = 11, .box_h = 11, .ofs_x = 0, .ofs_y = -2},
    {.bitmap_index = 52865, .adv_w = 192, .box_w = 11, .box_h = 11, .ofs_x = 0, .ofs_y = -2},
    {.bitmap_index = 52881, .adv_w = 192, .box_w = 11, .box_h = 11, .ofs_x = 0, .ofs_y = -2},
    {.bitmap_index = 52897, .adv_w = 192, .box_w = 11, .box_h = 11, .ofs_x = 0, .ofs_y = -2},
    {.bitmap_index = 52913, .adv_w = 192, .box_w = 11, .box_h = 11, .ofs_x = 0, .ofs_y = -2},
    {.bitmap_index = 52929, .adv_w = 192, .box_w = 11, .box_h = 11, .ofs_x = 0, .ofs_y = -2},
    {.bitmap_index = 52945, .adv_w = 192, .box_w = 11, .box_h = 11, .ofs_x = 0, .ofs_y = -2},
    {.bitmap_index = 52961, .adv_w = 192, .box_w = 11, .box_h = 11, .ofs_x = 0, .ofs_y = -2},
    {.bitmap_index = 52977, .adv_w = 192, .box_w = 11, .box_h = 11, .ofs_x = 0, .ofs_y = -2},
    {.bitmap_index = 52993, .adv_w = 192, .box_w = 11, .box_h = 11, .ofs_x = 0, .ofs_y = -2},
    {.bitmap_index = 53009, .adv_w = 192, .box_w = 11, .box_h = 11, .ofs_x = 0, .ofs_y = -2},
    {.bitmap_index = 53025, .adv_w = 192, .box_w = 11, .box_h = 11, .ofs_x = 0, .ofs_y = -2},
    {.bitmap_index = 53041, .adv_w = 192, .box_w = 11, .box_h = 11, .ofs_x = 0, .ofs_y = -2},
    {.bitmap_index = 53057, .adv_w = 192, .box_w = 11, .box_h = 11, .ofs_x = 0, .ofs_y = -2},
    {.bitmap_index = 53073, .adv_w = 192, .box_w = 11, .box_h = 11, .ofs_x = 0, .ofs_y = -2},
    {.bitmap_index = 53089, .adv_w = 192, .box_w = 11, .box_h = 11, .ofs_x = 0, .ofs_y = -2},
    {.bitmap_index = 53105, .adv_w = 192, .box_w = 11, .box_h = 11, .ofs_x = 0, .ofs_y = -2},
    {.bitmap_index = 53121, .adv_w = 192, .box_w = 11, .box_h = 11, .ofs_x = 0, .ofs_y = -2},
    {.bitmap_index = 53137, .adv_w = 192, .box_w = 11, .box_h = 11, .ofs_x = 0, .ofs_y = -2},
    {.bitmap_index = 53153, .adv_w = 192, .box_w = 11, .box_h = 11, .ofs_x = 0, .ofs_y = -2},
    {.bitmap_index = 53169, .adv_w = 192, .box_w = 11, .box_h = 11, .ofs_x = 0, .ofs_y = -2},
    {.bitmap_index = 53185, .adv_w = 192, .box_w = 11, .box_h = 11, .ofs_x = 0, .ofs_y = -2},
    {.bitmap_index = 53201, .adv_w = 192, .box_w = 11, .box_h = 11, .ofs_x = 0, .ofs_y = -2},
    {.bitmap_index = 53217, .adv_w = 192, .box_w = 11, .box_h = 11, .ofs_x = 0, .ofs_y = -2},
    {.bitmap_index = 53233, .adv_w = 192, .box_w = 11, .box_h = 11, .ofs_x = 0, .ofs_y = -2},
    {.bitmap_index = 53249, .adv_w = 192, .box_w = 11, .box_h = 11, .ofs_x = 0, .ofs_y = -2},
    {.bitmap_index = 53265, .adv_w = 192, .box_w = 11, .box_h = 11, .ofs_x = 0, .ofs_y = -2},
    {.bitmap_index = 53281, .adv_w = 192, .box_w = 11, .box_h = 11, .ofs_x = 0, .ofs_y = -2},
    {.bitmap_index = 53297, .adv_w = 192, .box_w = 11, .box_h = 11, .ofs_x = 0, .ofs_y = -2},
    {.bitmap_index = 53313, .adv_w = 192, .box_w = 11, .box_h = 11, .ofs_x = 0, .ofs_y = -2},
    {.bitmap_index = 53329, .adv_w = 192, .box_w = 11, .box_h = 11, .ofs_x = 0, .ofs_y = -2},
    {.bitmap_index = 53345, .adv_w = 192, .box_w = 11, .box_h = 11, .ofs_x = 0, .ofs_y = -2},
    {.bitmap_index = 53361, .adv_w = 192, .box_w = 11, .box_h = 11, .ofs_x = 0, .ofs_y = -2},
    {.bitmap_index = 53377, .adv_w = 192, .box_w = 11, .box_h = 11, .ofs_x = 0, .ofs_y = -2},
    {.bitmap_index = 53393, .adv_w = 192, .box_w = 11, .box_h = 11, .ofs_x = 0, .ofs_y = -2},
    {.bitmap_index = 53409, .adv_w = 192, .box_w = 11, .box_h = 11, .ofs_x = 0, .ofs_y = -2},
    {.bitmap_index = 53425, .adv_w = 192, .box_w = 11, .box_h = 11, .ofs_x = 0, .ofs_y = -2},
    {.bitmap_index = 53441, .adv_w = 192, .box_w = 11, .box_h = 11, .ofs_x = 0, .ofs_y = -2},
    {.bitmap_index = 53457, .adv_w = 192, .box_w = 11, .box_h = 11, .ofs_x = 0, .ofs_y = -2},
    {.bitmap_index = 53473, .adv_w = 192, .box_w = 11, .box_h = 11, .ofs_x = 0, .ofs_y = -2},
    {.bitmap_index = 53489, .adv_w = 192, .box_w = 11, .box_h = 11, .ofs_x = 0, .ofs_y = -2},
    {.bitmap_index = 53505, .adv_w = 192, .box_w = 11, .box_h = 11, .ofs_x = 0, .ofs_y = -2},
    {.bitmap_index = 53521, .adv_w = 192, .box_w = 11, .box_h = 11, .ofs_x = 0, .ofs_y = -2},
    {.bitmap_index = 53537, .adv_w = 192, .box_w = 11, .box_h = 11, .ofs_x = 0, .ofs_y = -2},
    {.bitmap_index = 53553, .adv_w = 192, .box_w = 11, .box_h = 11, .ofs_x = 0, .ofs_y = -2},
    {.bitmap_index = 53569, .adv_w = 192, .box_w = 11, .box_h = 11, .ofs_x = 0, .ofs_y = -2},
    {.bitmap_index = 53585, .adv_w = 192, .box_w = 11, .box_h = 11, .ofs_x = 0, .ofs_y = -2},
    {.bitmap_index = 53601, .adv_w = 192, .box_w = 11, .box_h = 11, .ofs_x = 0, .ofs_y = -2},
    {.bitmap_index = 53617, .adv_w = 192, .box_w = 11, .box_h = 11, .ofs_x = 0, .ofs_y = -2},
    {.bitmap_index = 53633, .adv_w = 192, .box_w = 11, .box_h = 11, .ofs_x = 0, .ofs_y = -2},
    {.bitmap_index = 53649, .adv_w = 192, .box_w = 11, .box_h = 11, .ofs_x = 0, .ofs_y = -2},
    {.bitmap_index = 53665, .adv_w = 192, .box_w = 11, .box_h = 11, .ofs_x = 0, .ofs_y = -2},
    {.bitmap_index = 53681, .adv_w = 192, .box_w = 11, .box_h = 11, .ofs_x = 0, .ofs_y = -2},
    {.bitmap_index = 53697, .adv_w = 192, .box_w = 11, .box_h = 11, .ofs_x = 0, .ofs_y = -2},
    {.bitmap_index = 53713, .adv_w = 192, .box_w = 11, .box_h = 11, .ofs_x = 0, .ofs_y = -2},
    {.bitmap_index = 53729, .adv_w = 192, .box_w = 11, .box_h = 11, .ofs_x = 0, .ofs_y = -2},
    {.bitmap_index = 53745, .adv_w = 192, .box_w = 11, .box_h = 11, .ofs_x = 0, .ofs_y = -2},
    {.bitmap_index = 53761, .adv_w = 192, .box_w = 11, .box_h = 11, .ofs_x = 0, .ofs_y = -2},
    {.bitmap_index = 53777, .adv_w = 192, .box_w = 11, .box_h = 11, .ofs_x = 0, .ofs_y = -2},
    {.bitmap_index = 53793, .adv_w = 192, .box_w = 11, .box_h = 11, .ofs_x = 0, .ofs_y = -2},
    {.bitmap_index = 53809, .adv_w = 192, .box_w = 11, .box_h = 11, .ofs_x = 0, .ofs_y = -2},
    {.bitmap_index = 53825, .adv_w = 192, .box_w = 11, .box_h = 11, .ofs_x = 0, .ofs_y = -2},
    {.bitmap_index = 53841, .adv_w = 192, .box_w = 11, .box_h = 11, .ofs_x = 0, .ofs_y = -2},
    {.bitmap_index = 53857, .adv_w = 192, .box_w = 11, .box_h = 11, .ofs_x = 0, .ofs_y = -2},
    {.bitmap_index = 53873, .adv_w = 192, .box_w = 11, .box_h = 11, .ofs_x = 0, .ofs_y = -2},
    {.bitmap_index = 53889, .adv_w = 192, .box_w = 11, .box_h = 11, .ofs_x = 0, .ofs_y = -2},
    {.bitmap_index = 53905, .adv_w = 192, .box_w = 11, .box_h = 11, .ofs_x = 0, .ofs_y = -2},
    {.bitmap_index = 53921, .adv_w = 192, .box_w = 11, .box_h = 11, .ofs_x = 0, .ofs_y = -2},
    {.bitmap_index = 53937, .adv_w = 192, .box_w = 11, .box_h = 11, .ofs_x = 0, .ofs_y = -2},
    {.bitmap_index = 53953, .adv_w = 192, .box_w = 11, .box_h = 11, .ofs_x = 0, .ofs_y = -2},
    {.bitmap_index = 53969, .adv_w = 192, .box_w = 11, .box_h = 11, .ofs_x = 0, .ofs_y = -2},
    {.bitmap_index = 53985, .adv_w = 192, .box_w = 11, .box_h = 11, .ofs_x = 0, .ofs_y = -2},
    {.bitmap_index = 54001, .adv_w = 192, .box_w = 11, .box_h = 11, .ofs_x = 0, .ofs_y = -2},
    {.bitmap_index = 54017, .adv_w = 192, .box_w = 11, .box_h = 11, .ofs_x = 0, .ofs_y = -2},
    {.bitmap_index = 54033, .adv_w = 192, .box_w = 11, .box_h = 11, .ofs_x = 0, .ofs_y = -2},
    {.bitmap_index = 54049, .adv_w = 192, .box_w = 11, .box_h = 11, .ofs_x = 0, .ofs_y = -2},
    {.bitmap_index = 54065, .adv_w = 192, .box_w = 11, .box_h = 11, .ofs_x = 0, .ofs_y = -2},
    {.bitmap_index = 54081, .adv_w = 192, .box_w = 11, .box_h = 11, .ofs_x = 0, .ofs_y = -2},
    {.bitmap_index = 54097, .adv_w = 192, .box_w = 10, .box_h = 11, .ofs_x = 1, .ofs_y = -2},
    {.bitmap_index = 54111, .adv_w = 192, .box_w = 11, .box_h = 11, .ofs_x = 0, .ofs_y = -2},
    {.bitmap_index = 54127, .adv_w = 192, .box_w = 11, .box_h = 11, .ofs_x = 0, .ofs_y = -2},
    {.bitmap_index = 54143, .adv_w = 192, .box_w = 11, .box_h = 11, .ofs_x = 0, .ofs_y = -2},
    {.bitmap_index = 54159, .adv_w = 192, .box_w = 11, .box_h = 11, .ofs_x = 0, .ofs_y = -2},
    {.bitmap_index = 54175, .adv_w = 192, .box_w = 11, .box_h = 11, .ofs_x = 0, .ofs_y = -2},
    {.bitmap_index = 54191, .adv_w = 192, .box_w = 11, .box_h = 11, .ofs_x = 0, .ofs_y = -2},
    {.bitmap_index = 54207, .adv_w = 192, .box_w = 11, .box_h = 11, .ofs_x = 0, .ofs_y = -2},
    {.bitmap_index = 54223, .adv_w = 192, .box_w = 11, .box_h = 11, .ofs_x = 0, .ofs_y = -2},
    {.bitmap_index = 54239, .adv_w = 192, .box_w = 11, .box_h = 11, .ofs_x = 0, .ofs_y = -2},
    {.bitmap_index = 54255, .adv_w = 192, .box_w = 11, .box_h = 11, .ofs_x = 0, .ofs_y = -2},
    {.bitmap_index = 54271, .adv_w = 192, .box_w = 11, .box_h = 11, .ofs_x = 0, .ofs_y = -2},
    {.bitmap_index = 54287, .adv_w = 192, .box_w = 11, .box_h = 11, .ofs_x = 0, .ofs_y = -2},
    {.bitmap_index = 54303, .adv_w = 192, .box_w = 11, .box_h = 11, .ofs_x = 0, .ofs_y = -2},
    {.bitmap_index = 54319, .adv_w = 192, .box_w = 11, .box_h = 11, .ofs_x = 0, .ofs_y = -2},
    {.bitmap_index = 54335, .adv_w = 192, .box_w = 11, .box_h = 11, .ofs_x = 0, .ofs_y = -2},
    {.bitmap_index = 54351, .adv_w = 192, .box_w = 11, .box_h = 11, .ofs_x = 0, .ofs_y = -2},
    {.bitmap_index = 54367, .adv_w = 192, .box_w = 11, .box_h = 11, .ofs_x = 0, .ofs_y = -2},
    {.bitmap_index = 54383, .adv_w = 192, .box_w = 11, .box_h = 11, .ofs_x = 0, .ofs_y = -2},
    {.bitmap_index = 54399, .adv_w = 192, .box_w = 11, .box_h = 11, .ofs_x = 0, .ofs_y = -2},
    {.bitmap_index = 54415, .adv_w = 192, .box_w = 11, .box_h = 11, .ofs_x = 0, .ofs_y = -2},
    {.bitmap_index = 54431, .adv_w = 192, .box_w = 11, .box_h = 11, .ofs_x = 0, .ofs_y = -2},
    {.bitmap_index = 54447, .adv_w = 192, .box_w = 11, .box_h = 11, .ofs_x = 0, .ofs_y = -2},
    {.bitmap_index = 54463, .adv_w = 192, .box_w = 11, .box_h = 11, .ofs_x = 0, .ofs_y = -2},
    {.bitmap_index = 54479, .adv_w = 192, .box_w = 11, .box_h = 11, .ofs_x = 0, .ofs_y = -2},
    {.bitmap_index = 54495, .adv_w = 192, .box_w = 11, .box_h = 11, .ofs_x = 0, .ofs_y = -2},
    {.bitmap_index = 54511, .adv_w = 192, .box_w = 11, .box_h = 11, .ofs_x = 0, .ofs_y = -2},
    {.bitmap_index = 54527, .adv_w = 192, .box_w = 11, .box_h = 11, .ofs_x = 0, .ofs_y = -2},
    {.bitmap_index = 54543, .adv_w = 192, .box_w = 11, .box_h = 11, .ofs_x = 0, .ofs_y = -2},
    {.bitmap_index = 54559, .adv_w = 192, .box_w = 11, .box_h = 11, .ofs_x = 0, .ofs_y = -2},
    {.bitmap_index = 54575, .adv_w = 192, .box_w = 11, .box_h = 11, .ofs_x = 0, .ofs_y = -2},
    {.bitmap_index = 54591, .adv_w = 192, .box_w = 11, .box_h = 11, .ofs_x = 0, .ofs_y = -2},
    {.bitmap_index = 54607, .adv_w = 192, .box_w = 11, .box_h = 11, .ofs_x = 0, .ofs_y = -2},
    {.bitmap_index = 54623, .adv_w = 192, .box_w = 11, .box_h = 11, .ofs_x = 0, .ofs_y = -2},
    {.bitmap_index = 54639, .adv_w = 192, .box_w = 11, .box_h = 11, .ofs_x = 0, .ofs_y = -2},
    {.bitmap_index = 54655, .adv_w = 192, .box_w = 11, .box_h = 11, .ofs_x = 0, .ofs_y = -2},
    {.bitmap_index = 54671, .adv_w = 192, .box_w = 11, .box_h = 11, .ofs_x = 0, .ofs_y = -2},
    {.bitmap_index = 54687, .adv_w = 192, .box_w = 11, .box_h = 11, .ofs_x = 0, .ofs_y = -2},
    {.bitmap_index = 54703, .adv_w = 192, .box_w = 11, .box_h = 11, .ofs_x = 0, .ofs_y = -2},
    {.bitmap_index = 54719, .adv_w = 192, .box_w = 11, .box_h = 11, .ofs_x = 0, .ofs_y = -2},
    {.bitmap_index = 54735, .adv_w = 192, .box_w = 11, .box_h = 11, .ofs_x = 0, .ofs_y = -2},
    {.bitmap_index = 54751, .adv_w = 192, .box_w = 11, .box_h = 11, .ofs_x = 0, .ofs_y = -2},
    {.bitmap_index = 54767, .adv_w = 192, .box_w = 11, .box_h = 11, .ofs_x = 0, .ofs_y = -2},
    {.bitmap_index = 54783, .adv_w = 192, .box_w = 11, .box_h = 11, .ofs_x = 0, .ofs_y = -2},
    {.bitmap_index = 54799, .adv_w = 192, .box_w = 11, .box_h = 11, .ofs_x = 0, .ofs_y = -2},
    {.bitmap_index = 54815, .adv_w = 192, .box_w = 11, .box_h = 11, .ofs_x = 0, .ofs_y = -2},
    {.bitmap_index = 54831, .adv_w = 192, .box_w = 11, .box_h = 11, .ofs_x = 0, .ofs_y = -2},
    {.bitmap_index = 54847, .adv_w = 192, .box_w = 11, .box_h = 11, .ofs_x = 0, .ofs_y = -2},
    {.bitmap_index = 54863, .adv_w = 192, .box_w = 11, .box_h = 11, .ofs_x = 0, .ofs_y = -2},
    {.bitmap_index = 54879, .adv_w = 192, .box_w = 11, .box_h = 11, .ofs_x = 0, .ofs_y = -2},
    {.bitmap_index = 54895, .adv_w = 192, .box_w = 11, .box_h = 11, .ofs_x = 0, .ofs_y = -2},
    {.bitmap_index = 54911, .adv_w = 192, .box_w = 11, .box_h = 11, .ofs_x = 0, .ofs_y = -2},
    {.bitmap_index = 54927, .adv_w = 192, .box_w = 11, .box_h = 11, .ofs_x = 0, .ofs_y = -2},
    {.bitmap_index = 54943, .adv_w = 192, .box_w = 11, .box_h = 11, .ofs_x = 0, .ofs_y = -2},
    {.bitmap_index = 54959, .adv_w = 192, .box_w = 11, .box_h = 11, .ofs_x = 0, .ofs_y = -2},
    {.bitmap_index = 54975, .adv_w = 192, .box_w = 11, .box_h = 11, .ofs_x = 0, .ofs_y = -2},
    {.bitmap_index = 54991, .adv_w = 192, .box_w = 11, .box_h = 11, .ofs_x = 0, .ofs_y = -2},
    {.bitmap_index = 55007, .adv_w = 192, .box_w = 11, .box_h = 11, .ofs_x = 0, .ofs_y = -2},
    {.bitmap_index = 55023, .adv_w = 192, .box_w = 11, .box_h = 11, .ofs_x = 0, .ofs_y = -2},
    {.bitmap_index = 55039, .adv_w = 192, .box_w = 11, .box_h = 11, .ofs_x = 0, .ofs_y = -2},
    {.bitmap_index = 55055, .adv_w = 192, .box_w = 11, .box_h = 11, .ofs_x = 0, .ofs_y = -2},
    {.bitmap_index = 55071, .adv_w = 192, .box_w = 11, .box_h = 11, .ofs_x = 0, .ofs_y = -2},
    {.bitmap_index = 55087, .adv_w = 192, .box_w = 11, .box_h = 11, .ofs_x = 0, .ofs_y = -2},
    {.bitmap_index = 55103, .adv_w = 192, .box_w = 11, .box_h = 11, .ofs_x = 0, .ofs_y = -2},
    {.bitmap_index = 55119, .adv_w = 192, .box_w = 11, .box_h = 11, .ofs_x = 0, .ofs_y = -2},
    {.bitmap_index = 55135, .adv_w = 192, .box_w = 11, .box_h = 11, .ofs_x = 0, .ofs_y = -2},
    {.bitmap_index = 55151, .adv_w = 192, .box_w = 11, .box_h = 11, .ofs_x = 0, .ofs_y = -2},
    {.bitmap_index = 55167, .adv_w = 192, .box_w = 11, .box_h = 11, .ofs_x = 0, .ofs_y = -2},
    {.bitmap_index = 55183, .adv_w = 192, .box_w = 11, .box_h = 11, .ofs_x = 0, .ofs_y = -2},
    {.bitmap_index = 55199, .adv_w = 192, .box_w = 11, .box_h = 11, .ofs_x = 0, .ofs_y = -2},
    {.bitmap_index = 55215, .adv_w = 192, .box_w = 11, .box_h = 11, .ofs_x = 0, .ofs_y = -2},
    {.bitmap_index = 55231, .adv_w = 192, .box_w = 11, .box_h = 11, .ofs_x = 0, .ofs_y = -2},
    {.bitmap_index = 55247, .adv_w = 192, .box_w = 11, .box_h = 11, .ofs_x = 0, .ofs_y = -2},
    {.bitmap_index = 55263, .adv_w = 192, .box_w = 11, .box_h = 11, .ofs_x = 0, .ofs_y = -2},
    {.bitmap_index = 55279, .adv_w = 192, .box_w = 11, .box_h = 11, .ofs_x = 0, .ofs_y = -2},
    {.bitmap_index = 55295, .adv_w = 192, .box_w = 11, .box_h = 11, .ofs_x = 0, .ofs_y = -2},
    {.bitmap_index = 55311, .adv_w = 192, .box_w = 11, .box_h = 11, .ofs_x = 0, .ofs_y = -2},
    {.bitmap_index = 55327, .adv_w = 192, .box_w = 11, .box_h = 11, .ofs_x = 0, .ofs_y = -2},
    {.bitmap_index = 55343, .adv_w = 192, .box_w = 11, .box_h = 11, .ofs_x = 0, .ofs_y = -2},
    {.bitmap_index = 55359, .adv_w = 192, .box_w = 11, .box_h = 11, .ofs_x = 0, .ofs_y = -2},
    {.bitmap_index = 55375, .adv_w = 192, .box_w = 11, .box_h = 11, .ofs_x = 0, .ofs_y = -2},
    {.bitmap_index = 55391, .adv_w = 192, .box_w = 11, .box_h = 11, .ofs_x = 0, .ofs_y = -2},
    {.bitmap_index = 55407, .adv_w = 192, .box_w = 11, .box_h = 11, .ofs_x = 0, .ofs_y = -2},
    {.bitmap_index = 55423, .adv_w = 192, .box_w = 11, .box_h = 11, .ofs_x = 0, .ofs_y = -2},
    {.bitmap_index = 55439, .adv_w = 192, .box_w = 11, .box_h = 11, .ofs_x = 0, .ofs_y = -2},
    {.bitmap_index = 55455, .adv_w = 192, .box_w = 11, .box_h = 11, .ofs_x = 0, .ofs_y = -2},
    {.bitmap_index = 55471, .adv_w = 192, .box_w = 11, .box_h = 11, .ofs_x = 0, .ofs_y = -2},
    {.bitmap_index = 55487, .adv_w = 192, .box_w = 11, .box_h = 11, .ofs_x = 0, .ofs_y = -2},
    {.bitmap_index = 55503, .adv_w = 192, .box_w = 11, .box_h = 11, .ofs_x = 0, .ofs_y = -2},
    {.bitmap_index = 55519, .adv_w = 192, .box_w = 11, .box_h = 11, .ofs_x = 0, .ofs_y = -2},
    {.bitmap_index = 55535, .adv_w = 192, .box_w = 11, .box_h = 11, .ofs_x = 0, .ofs_y = -2},
    {.bitmap_index = 55551, .adv_w = 192, .box_w = 11, .box_h = 11, .ofs_x = 0, .ofs_y = -2},
    {.bitmap_index = 55567, .adv_w = 192, .box_w = 11, .box_h = 11, .ofs_x = 0, .ofs_y = -2},
    {.bitmap_index = 55583, .adv_w = 192, .box_w = 11, .box_h = 11, .ofs_x = 0, .ofs_y = -2},
    {.bitmap_index = 55599, .adv_w = 192, .box_w = 11, .box_h = 11, .ofs_x = 0, .ofs_y = -2},
    {.bitmap_index = 55615, .adv_w = 192, .box_w = 11, .box_h = 11, .ofs_x = 0, .ofs_y = -2},
    {.bitmap_index = 55631, .adv_w = 192, .box_w = 11, .box_h = 11, .ofs_x = 0, .ofs_y = -2},
    {.bitmap_index = 55647, .adv_w = 192, .box_w = 11, .box_h = 11, .ofs_x = 0, .ofs_y = -2},
    {.bitmap_index = 55663, .adv_w = 192, .box_w = 11, .box_h = 11, .ofs_x = 0, .ofs_y = -2},
    {.bitmap_index = 55679, .adv_w = 192, .box_w = 11, .box_h = 11, .ofs_x = 0, .ofs_y = -2},
    {.bitmap_index = 55695, .adv_w = 192, .box_w = 11, .box_h = 11, .ofs_x = 0, .ofs_y = -2},
    {.bitmap_index = 55711, .adv_w = 192, .box_w = 11, .box_h = 11, .ofs_x = 0, .ofs_y = -2},
    {.bitmap_index = 55727, .adv_w = 192, .box_w = 11, .box_h = 11, .ofs_x = 0, .ofs_y = -2},
    {.bitmap_index = 55743, .adv_w = 192, .box_w = 11, .box_h = 11, .ofs_x = 0, .ofs_y = -2},
    {.bitmap_index = 55759, .adv_w = 192, .box_w = 11, .box_h = 11, .ofs_x = 0, .ofs_y = -2},
    {.bitmap_index = 55775, .adv_w = 192, .box_w = 11, .box_h = 11, .ofs_x = 0, .ofs_y = -2},
    {.bitmap_index = 55791, .adv_w = 192, .box_w = 11, .box_h = 11, .ofs_x = 0, .ofs_y = -2},
    {.bitmap_index = 55807, .adv_w = 192, .box_w = 11, .box_h = 11, .ofs_x = 0, .ofs_y = -2},
    {.bitmap_index = 55823, .adv_w = 192, .box_w = 11, .box_h = 11, .ofs_x = 0, .ofs_y = -2},
    {.bitmap_index = 55839, .adv_w = 192, .box_w = 11, .box_h = 11, .ofs_x = 0, .ofs_y = -2},
    {.bitmap_index = 55855, .adv_w = 192, .box_w = 11, .box_h = 11, .ofs_x = 0, .ofs_y = -2},
    {.bitmap_index = 55871, .adv_w = 192, .box_w = 11, .box_h = 11, .ofs_x = 0, .ofs_y = -2},
    {.bitmap_index = 55887, .adv_w = 192, .box_w = 11, .box_h = 11, .ofs_x = 0, .ofs_y = -2},
    {.bitmap_index = 55903, .adv_w = 192, .box_w = 11, .box_h = 11, .ofs_x = 0, .ofs_y = -2},
    {.bitmap_index = 55919, .adv_w = 192, .box_w = 11, .box_h = 11, .ofs_x = 0, .ofs_y = -2},
    {.bitmap_index = 55935, .adv_w = 192, .box_w = 11, .box_h = 11, .ofs_x = 0, .ofs_y = -2},
    {.bitmap_index = 55951, .adv_w = 192, .box_w = 11, .box_h = 11, .ofs_x = 0, .ofs_y = -2},
    {.bitmap_index = 55967, .adv_w = 192, .box_w = 11, .box_h = 11, .ofs_x = 0, .ofs_y = -2},
    {.bitmap_index = 55983, .adv_w = 192, .box_w = 11, .box_h = 11, .ofs_x = 0, .ofs_y = -2},
    {.bitmap_index = 55999, .adv_w = 192, .box_w = 11, .box_h = 11, .ofs_x = 0, .ofs_y = -2},
    {.bitmap_index = 56015, .adv_w = 192, .box_w = 11, .box_h = 11, .ofs_x = 0, .ofs_y = -2},
    {.bitmap_index = 56031, .adv_w = 192, .box_w = 11, .box_h = 11, .ofs_x = 0, .ofs_y = -2},
    {.bitmap_index = 56047, .adv_w = 192, .box_w = 11, .box_h = 11, .ofs_x = 0, .ofs_y = -2},
    {.bitmap_index = 56063, .adv_w = 192, .box_w = 11, .box_h = 11, .ofs_x = 0, .ofs_y = -2},
    {.bitmap_index = 56079, .adv_w = 192, .box_w = 11, .box_h = 11, .ofs_x = 0, .ofs_y = -2},
    {.bitmap_index = 56095, .adv_w = 192, .box_w = 11, .box_h = 11, .ofs_x = 0, .ofs_y = -2},
    {.bitmap_index = 56111, .adv_w = 192, .box_w = 11, .box_h = 11, .ofs_x = 0, .ofs_y = -2},
    {.bitmap_index = 56127, .adv_w = 192, .box_w = 11, .box_h = 11, .ofs_x = 0, .ofs_y = -2},
    {.bitmap_index = 56143, .adv_w = 192, .box_w = 11, .box_h = 11, .ofs_x = 0, .ofs_y = -2},
    {.bitmap_index = 56159, .adv_w = 192, .box_w = 11, .box_h = 11, .ofs_x = 0, .ofs_y = -2},
    {.bitmap_index = 56175, .adv_w = 192, .box_w = 11, .box_h = 11, .ofs_x = 0, .ofs_y = -2},
    {.bitmap_index = 56191, .adv_w = 192, .box_w = 11, .box_h = 11, .ofs_x = 0, .ofs_y = -2},
    {.bitmap_index = 56207, .adv_w = 192, .box_w = 11, .box_h = 11, .ofs_x = 0, .ofs_y = -2},
    {.bitmap_index = 56223, .adv_w = 192, .box_w = 11, .box_h = 11, .ofs_x = 0, .ofs_y = -2},
    {.bitmap_index = 56239, .adv_w = 192, .box_w = 11, .box_h = 11, .ofs_x = 0, .ofs_y = -2},
    {.bitmap_index = 56255, .adv_w = 192, .box_w = 11, .box_h = 11, .ofs_x = 0, .ofs_y = -2},
    {.bitmap_index = 56271, .adv_w = 192, .box_w = 11, .box_h = 11, .ofs_x = 0, .ofs_y = -2},
    {.bitmap_index = 56287, .adv_w = 192, .box_w = 11, .box_h = 11, .ofs_x = 0, .ofs_y = -2},
    {.bitmap_index = 56303, .adv_w = 192, .box_w = 11, .box_h = 11, .ofs_x = 0, .ofs_y = -2},
    {.bitmap_index = 56319, .adv_w = 192, .box_w = 11, .box_h = 11, .ofs_x = 0, .ofs_y = -2},
    {.bitmap_index = 56335, .adv_w = 192, .box_w = 11, .box_h = 11, .ofs_x = 0, .ofs_y = -2},
    {.bitmap_index = 56351, .adv_w = 192, .box_w = 11, .box_h = 11, .ofs_x = 0, .ofs_y = -2},
    {.bitmap_index = 56367, .adv_w = 192, .box_w = 11, .box_h = 11, .ofs_x = 0, .ofs_y = -2},
    {.bitmap_index = 56383, .adv_w = 192, .box_w = 11, .box_h = 11, .ofs_x = 0, .ofs_y = -2},
    {.bitmap_index = 56399, .adv_w = 192, .box_w = 11, .box_h = 11, .ofs_x = 0, .ofs_y = -2},
    {.bitmap_index = 56415, .adv_w = 192, .box_w = 11, .box_h = 11, .ofs_x = 0, .ofs_y = -2},
    {.bitmap_index = 56431, .adv_w = 192, .box_w = 11, .box_h = 11, .ofs_x = 0, .ofs_y = -2},
    {.bitmap_index = 56447, .adv_w = 192, .box_w = 11, .box_h = 11, .ofs_x = 0, .ofs_y = -2},
    {.bitmap_index = 56463, .adv_w = 192, .box_w = 11, .box_h = 11, .ofs_x = 0, .ofs_y = -2},
    {.bitmap_index = 56479, .adv_w = 192, .box_w = 11, .box_h = 11, .ofs_x = 0, .ofs_y = -2},
    {.bitmap_index = 56495, .adv_w = 192, .box_w = 11, .box_h = 11, .ofs_x = 0, .ofs_y = -2},
    {.bitmap_index = 56511, .adv_w = 192, .box_w = 11, .box_h = 11, .ofs_x = 0, .ofs_y = -2},
    {.bitmap_index = 56527, .adv_w = 192, .box_w = 11, .box_h = 11, .ofs_x = 0, .ofs_y = -2},
    {.bitmap_index = 56543, .adv_w = 192, .box_w = 11, .box_h = 11, .ofs_x = 0, .ofs_y = -2},
    {.bitmap_index = 56559, .adv_w = 192, .box_w = 11, .box_h = 11, .ofs_x = 0, .ofs_y = -2},
    {.bitmap_index = 56575, .adv_w = 192, .box_w = 11, .box_h = 11, .ofs_x = 0, .ofs_y = -2},
    {.bitmap_index = 56591, .adv_w = 192, .box_w = 11, .box_h = 11, .ofs_x = 0, .ofs_y = -2},
    {.bitmap_index = 56607, .adv_w = 192, .box_w = 11, .box_h = 11, .ofs_x = 0, .ofs_y = -2},
    {.bitmap_index = 56623, .adv_w = 192, .box_w = 11, .box_h = 11, .ofs_x = 0, .ofs_y = -2},
    {.bitmap_index = 56639, .adv_w = 192, .box_w = 11, .box_h = 11, .ofs_x = 0, .ofs_y = -2},
    {.bitmap_index = 56655, .adv_w = 192, .box_w = 11, .box_h = 11, .ofs_x = 0, .ofs_y = -2},
    {.bitmap_index = 56671, .adv_w = 192, .box_w = 11, .box_h = 11, .ofs_x = 0, .ofs_y = -2},
    {.bitmap_index = 56687, .adv_w = 192, .box_w = 11, .box_h = 11, .ofs_x = 0, .ofs_y = -2},
    {.bitmap_index = 56703, .adv_w = 192, .box_w = 11, .box_h = 11, .ofs_x = 0, .ofs_y = -2},
    {.bitmap_index = 56719, .adv_w = 192, .box_w = 11, .box_h = 11, .ofs_x = 0, .ofs_y = -2},
    {.bitmap_index = 56735, .adv_w = 192, .box_w = 11, .box_h = 11, .ofs_x = 0, .ofs_y = -2},
    {.bitmap_index = 56751, .adv_w = 192, .box_w = 11, .box_h = 11, .ofs_x = 0, .ofs_y = -2},
    {.bitmap_index = 56767, .adv_w = 192, .box_w = 11, .box_h = 11, .ofs_x = 0, .ofs_y = -2},
    {.bitmap_index = 56783, .adv_w = 192, .box_w = 11, .box_h = 11, .ofs_x = 0, .ofs_y = -2},
    {.bitmap_index = 56799, .adv_w = 192, .box_w = 11, .box_h = 11, .ofs_x = 0, .ofs_y = -2},
    {.bitmap_index = 56815, .adv_w = 192, .box_w = 11, .box_h = 11, .ofs_x = 0, .ofs_y = -2},
    {.bitmap_index = 56831, .adv_w = 192, .box_w = 11, .box_h = 11, .ofs_x = 0, .ofs_y = -2},
    {.bitmap_index = 56847, .adv_w = 192, .box_w = 11, .box_h = 11, .ofs_x = 0, .ofs_y = -2},
    {.bitmap_index = 56863, .adv_w = 192, .box_w = 11, .box_h = 11, .ofs_x = 0, .ofs_y = -2},
    {.bitmap_index = 56879, .adv_w = 192, .box_w = 11, .box_h = 11, .ofs_x = 0, .ofs_y = -2},
    {.bitmap_index = 56895, .adv_w = 192, .box_w = 11, .box_h = 11, .ofs_x = 0, .ofs_y = -2},
    {.bitmap_index = 56911, .adv_w = 192, .box_w = 11, .box_h = 11, .ofs_x = 0, .ofs_y = -2},
    {.bitmap_index = 56927, .adv_w = 192, .box_w = 11, .box_h = 11, .ofs_x = 0, .ofs_y = -2},
    {.bitmap_index = 56943, .adv_w = 192, .box_w = 11, .box_h = 11, .ofs_x = 0, .ofs_y = -2},
    {.bitmap_index = 56959, .adv_w = 192, .box_w = 11, .box_h = 11, .ofs_x = 0, .ofs_y = -2},
    {.bitmap_index = 56975, .adv_w = 192, .box_w = 11, .box_h = 11, .ofs_x = 0, .ofs_y = -2},
    {.bitmap_index = 56991, .adv_w = 192, .box_w = 11, .box_h = 11, .ofs_x = 0, .ofs_y = -2},
    {.bitmap_index = 57007, .adv_w = 192, .box_w = 11, .box_h = 11, .ofs_x = 0, .ofs_y = -2},
    {.bitmap_index = 57023, .adv_w = 192, .box_w = 11, .box_h = 11, .ofs_x = 0, .ofs_y = -2},
    {.bitmap_index = 57039, .adv_w = 192, .box_w = 11, .box_h = 11, .ofs_x = 0, .ofs_y = -2},
    {.bitmap_index = 57055, .adv_w = 192, .box_w = 11, .box_h = 11, .ofs_x = 0, .ofs_y = -2},
    {.bitmap_index = 57071, .adv_w = 192, .box_w = 11, .box_h = 11, .ofs_x = 0, .ofs_y = -2},
    {.bitmap_index = 57087, .adv_w = 192, .box_w = 11, .box_h = 11, .ofs_x = 0, .ofs_y = -2},
    {.bitmap_index = 57103, .adv_w = 192, .box_w = 11, .box_h = 11, .ofs_x = 0, .ofs_y = -2},
    {.bitmap_index = 57119, .adv_w = 192, .box_w = 11, .box_h = 11, .ofs_x = 0, .ofs_y = -2},
    {.bitmap_index = 57135, .adv_w = 192, .box_w = 11, .box_h = 11, .ofs_x = 0, .ofs_y = -2},
    {.bitmap_index = 57151, .adv_w = 192, .box_w = 11, .box_h = 11, .ofs_x = 0, .ofs_y = -2},
    {.bitmap_index = 57167, .adv_w = 192, .box_w = 11, .box_h = 11, .ofs_x = 0, .ofs_y = -2},
    {.bitmap_index = 57183, .adv_w = 192, .box_w = 11, .box_h = 11, .ofs_x = 0, .ofs_y = -2},
    {.bitmap_index = 57199, .adv_w = 192, .box_w = 11, .box_h = 11, .ofs_x = 0, .ofs_y = -2},
    {.bitmap_index = 57215, .adv_w = 192, .box_w = 11, .box_h = 11, .ofs_x = 0, .ofs_y = -2},
    {.bitmap_index = 57231, .adv_w = 192, .box_w = 11, .box_h = 11, .ofs_x = 0, .ofs_y = -2},
    {.bitmap_index = 57247, .adv_w = 192, .box_w = 11, .box_h = 11, .ofs_x = 0, .ofs_y = -2},
    {.bitmap_index = 57263, .adv_w = 192, .box_w = 11, .box_h = 11, .ofs_x = 0, .ofs_y = -2},
    {.bitmap_index = 57279, .adv_w = 192, .box_w = 11, .box_h = 11, .ofs_x = 0, .ofs_y = -2},
    {.bitmap_index = 57295, .adv_w = 192, .box_w = 11, .box_h = 11, .ofs_x = 0, .ofs_y = -2},
    {.bitmap_index = 57311, .adv_w = 192, .box_w = 11, .box_h = 11, .ofs_x = 0, .ofs_y = -2},
    {.bitmap_index = 57327, .adv_w = 192, .box_w = 11, .box_h = 11, .ofs_x = 0, .ofs_y = -2},
    {.bitmap_index = 57343, .adv_w = 192, .box_w = 11, .box_h = 11, .ofs_x = 0, .ofs_y = -2},
    {.bitmap_index = 57359, .adv_w = 192, .box_w = 11, .box_h = 11, .ofs_x = 0, .ofs_y = -2},
    {.bitmap_index = 57375, .adv_w = 192, .box_w = 11, .box_h = 11, .ofs_x = 0, .ofs_y = -2},
    {.bitmap_index = 57391, .adv_w = 192, .box_w = 11, .box_h = 11, .ofs_x = 0, .ofs_y = -2},
    {.bitmap_index = 57407, .adv_w = 192, .box_w = 11, .box_h = 11, .ofs_x = 0, .ofs_y = -2},
    {.bitmap_index = 57423, .adv_w = 192, .box_w = 11, .box_h = 11, .ofs_x = 0, .ofs_y = -2},
    {.bitmap_index = 57439, .adv_w = 192, .box_w = 11, .box_h = 11, .ofs_x = 0, .ofs_y = -2},
    {.bitmap_index = 57455, .adv_w = 192, .box_w = 11, .box_h = 11, .ofs_x = 0, .ofs_y = -2},
    {.bitmap_index = 57471, .adv_w = 192, .box_w = 11, .box_h = 11, .ofs_x = 0, .ofs_y = -2},
    {.bitmap_index = 57487, .adv_w = 192, .box_w = 11, .box_h = 11, .ofs_x = 0, .ofs_y = -2},
    {.bitmap_index = 57503, .adv_w = 192, .box_w = 11, .box_h = 11, .ofs_x = 0, .ofs_y = -2},
    {.bitmap_index = 57519, .adv_w = 192, .box_w = 11, .box_h = 11, .ofs_x = 0, .ofs_y = -2},
    {.bitmap_index = 57535, .adv_w = 192, .box_w = 11, .box_h = 11, .ofs_x = 0, .ofs_y = -2},
    {.bitmap_index = 57551, .adv_w = 192, .box_w = 11, .box_h = 11, .ofs_x = 0, .ofs_y = -2},
    {.bitmap_index = 57567, .adv_w = 192, .box_w = 11, .box_h = 11, .ofs_x = 0, .ofs_y = -2},
    {.bitmap_index = 57583, .adv_w = 192, .box_w = 11, .box_h = 11, .ofs_x = 0, .ofs_y = -2},
    {.bitmap_index = 57599, .adv_w = 192, .box_w = 11, .box_h = 11, .ofs_x = 0, .ofs_y = -2},
    {.bitmap_index = 57615, .adv_w = 192, .box_w = 11, .box_h = 11, .ofs_x = 0, .ofs_y = -2},
    {.bitmap_index = 57631, .adv_w = 192, .box_w = 11, .box_h = 11, .ofs_x = 0, .ofs_y = -2},
    {.bitmap_index = 57647, .adv_w = 192, .box_w = 11, .box_h = 11, .ofs_x = 0, .ofs_y = -2},
    {.bitmap_index = 57663, .adv_w = 192, .box_w = 11, .box_h = 11, .ofs_x = 0, .ofs_y = -2},
    {.bitmap_index = 57679, .adv_w = 192, .box_w = 11, .box_h = 11, .ofs_x = 0, .ofs_y = -2},
    {.bitmap_index = 57695, .adv_w = 192, .box_w = 11, .box_h = 11, .ofs_x = 0, .ofs_y = -2},
    {.bitmap_index = 57711, .adv_w = 192, .box_w = 11, .box_h = 11, .ofs_x = 0, .ofs_y = -2},
    {.bitmap_index = 57727, .adv_w = 192, .box_w = 11, .box_h = 11, .ofs_x = 0, .ofs_y = -2},
    {.bitmap_index = 57743, .adv_w = 192, .box_w = 11, .box_h = 11, .ofs_x = 0, .ofs_y = -2},
    {.bitmap_index = 57759, .adv_w = 192, .box_w = 11, .box_h = 11, .ofs_x = 0, .ofs_y = -2},
    {.bitmap_index = 57775, .adv_w = 192, .box_w = 11, .box_h = 11, .ofs_x = 0, .ofs_y = -2},
    {.bitmap_index = 57791, .adv_w = 192, .box_w = 11, .box_h = 11, .ofs_x = 0, .ofs_y = -2},
    {.bitmap_index = 57807, .adv_w = 192, .box_w = 11, .box_h = 11, .ofs_x = 0, .ofs_y = -2},
    {.bitmap_index = 57823, .adv_w = 192, .box_w = 11, .box_h = 11, .ofs_x = 0, .ofs_y = -2},
    {.bitmap_index = 57839, .adv_w = 192, .box_w = 11, .box_h = 11, .ofs_x = 0, .ofs_y = -2},
    {.bitmap_index = 57855, .adv_w = 192, .box_w = 11, .box_h = 11, .ofs_x = 0, .ofs_y = -2},
    {.bitmap_index = 57871, .adv_w = 192, .box_w = 11, .box_h = 11, .ofs_x = 0, .ofs_y = -2},
    {.bitmap_index = 57887, .adv_w = 192, .box_w = 11, .box_h = 11, .ofs_x = 0, .ofs_y = -2},
    {.bitmap_index = 57903, .adv_w = 192, .box_w = 11, .box_h = 11, .ofs_x = 0, .ofs_y = -2},
    {.bitmap_index = 57919, .adv_w = 192, .box_w = 11, .box_h = 11, .ofs_x = 0, .ofs_y = -2},
    {.bitmap_index = 57935, .adv_w = 192, .box_w = 11, .box_h = 11, .ofs_x = 0, .ofs_y = -2},
    {.bitmap_index = 57951, .adv_w = 192, .box_w = 11, .box_h = 11, .ofs_x = 0, .ofs_y = -2},
    {.bitmap_index = 57967, .adv_w = 192, .box_w = 11, .box_h = 11, .ofs_x = 0, .ofs_y = -2},
    {.bitmap_index = 57983, .adv_w = 192, .box_w = 11, .box_h = 11, .ofs_x = 0, .ofs_y = -2},
    {.bitmap_index = 57999, .adv_w = 192, .box_w = 11, .box_h = 11, .ofs_x = 0, .ofs_y = -2},
    {.bitmap_index = 58015, .adv_w = 192, .box_w = 11, .box_h = 11, .ofs_x = 0, .ofs_y = -2},
    {.bitmap_index = 58031, .adv_w = 192, .box_w = 11, .box_h = 11, .ofs_x = 0, .ofs_y = -2},
    {.bitmap_index = 58047, .adv_w = 192, .box_w = 11, .box_h = 11, .ofs_x = 0, .ofs_y = -2},
    {.bitmap_index = 58063, .adv_w = 192, .box_w = 11, .box_h = 11, .ofs_x = 0, .ofs_y = -2},
    {.bitmap_index = 58079, .adv_w = 192, .box_w = 11, .box_h = 11, .ofs_x = 0, .ofs_y = -2},
    {.bitmap_index = 58095, .adv_w = 192, .box_w = 11, .box_h = 11, .ofs_x = 0, .ofs_y = -2},
    {.bitmap_index = 58111, .adv_w = 192, .box_w = 11, .box_h = 11, .ofs_x = 0, .ofs_y = -2},
    {.bitmap_index = 58127, .adv_w = 192, .box_w = 11, .box_h = 11, .ofs_x = 0, .ofs_y = -2},
    {.bitmap_index = 58143, .adv_w = 192, .box_w = 11, .box_h = 11, .ofs_x = 0, .ofs_y = -2},
    {.bitmap_index = 58159, .adv_w = 192, .box_w = 11, .box_h = 11, .ofs_x = 0, .ofs_y = -2},
    {.bitmap_index = 58175, .adv_w = 192, .box_w = 11, .box_h = 11, .ofs_x = 0, .ofs_y = -2},
    {.bitmap_index = 58191, .adv_w = 192, .box_w = 11, .box_h = 11, .ofs_x = 0, .ofs_y = -2},
    {.bitmap_index = 58207, .adv_w = 192, .box_w = 11, .box_h = 11, .ofs_x = 0, .ofs_y = -2},
    {.bitmap_index = 58223, .adv_w = 192, .box_w = 11, .box_h = 11, .ofs_x = 0, .ofs_y = -2},
    {.bitmap_index = 58239, .adv_w = 192, .box_w = 11, .box_h = 11, .ofs_x = 0, .ofs_y = -2},
    {.bitmap_index = 58255, .adv_w = 192, .box_w = 11, .box_h = 11, .ofs_x = 0, .ofs_y = -2},
    {.bitmap_index = 58271, .adv_w = 192, .box_w = 11, .box_h = 11, .ofs_x = 0, .ofs_y = -2},
    {.bitmap_index = 58287, .adv_w = 192, .box_w = 11, .box_h = 11, .ofs_x = 0, .ofs_y = -2},
    {.bitmap_index = 58303, .adv_w = 192, .box_w = 11, .box_h = 11, .ofs_x = 0, .ofs_y = -2},
    {.bitmap_index = 58319, .adv_w = 192, .box_w = 11, .box_h = 11, .ofs_x = 0, .ofs_y = -2},
    {.bitmap_index = 58335, .adv_w = 192, .box_w = 11, .box_h = 11, .ofs_x = 0, .ofs_y = -2},
    {.bitmap_index = 58351, .adv_w = 192, .box_w = 11, .box_h = 11, .ofs_x = 0, .ofs_y = -2},
    {.bitmap_index = 58367, .adv_w = 192, .box_w = 11, .box_h = 11, .ofs_x = 0, .ofs_y = -2},
    {.bitmap_index = 58383, .adv_w = 192, .box_w = 11, .box_h = 11, .ofs_x = 0, .ofs_y = -2},
    {.bitmap_index = 58399, .adv_w = 192, .box_w = 11, .box_h = 11, .ofs_x = 0, .ofs_y = -2},
    {.bitmap_index = 58415, .adv_w = 192, .box_w = 11, .box_h = 11, .ofs_x = 0, .ofs_y = -2},
    {.bitmap_index = 58431, .adv_w = 192, .box_w = 11, .box_h = 11, .ofs_x = 0, .ofs_y = -2},
    {.bitmap_index = 58447, .adv_w = 192, .box_w = 11, .box_h = 11, .ofs_x = 0, .ofs_y = -2},
    {.bitmap_index = 58463, .adv_w = 192, .box_w = 11, .box_h = 11, .ofs_x = 0, .ofs_y = -2},
    {.bitmap_index = 58479, .adv_w = 192, .box_w = 11, .box_h = 11, .ofs_x = 0, .ofs_y = -2},
    {.bitmap_index = 58495, .adv_w = 192, .box_w = 11, .box_h = 11, .ofs_x = 0, .ofs_y = -2},
    {.bitmap_index = 58511, .adv_w = 192, .box_w = 11, .box_h = 11, .ofs_x = 0, .ofs_y = -2},
    {.bitmap_index = 58527, .adv_w = 192, .box_w = 11, .box_h = 11, .ofs_x = 0, .ofs_y = -2},
    {.bitmap_index = 58543, .adv_w = 192, .box_w = 11, .box_h = 11, .ofs_x = 0, .ofs_y = -2},
    {.bitmap_index = 58559, .adv_w = 192, .box_w = 11, .box_h = 11, .ofs_x = 0, .ofs_y = -2},
    {.bitmap_index = 58575, .adv_w = 192, .box_w = 11, .box_h = 11, .ofs_x = 0, .ofs_y = -2},
    {.bitmap_index = 58591, .adv_w = 192, .box_w = 11, .box_h = 11, .ofs_x = 0, .ofs_y = -2},
    {.bitmap_index = 58607, .adv_w = 192, .box_w = 11, .box_h = 11, .ofs_x = 0, .ofs_y = -2},
    {.bitmap_index = 58623, .adv_w = 192, .box_w = 11, .box_h = 11, .ofs_x = 0, .ofs_y = -2},
    {.bitmap_index = 58639, .adv_w = 192, .box_w = 11, .box_h = 11, .ofs_x = 0, .ofs_y = -2},
    {.bitmap_index = 58655, .adv_w = 192, .box_w = 11, .box_h = 11, .ofs_x = 0, .ofs_y = -2},
    {.bitmap_index = 58671, .adv_w = 192, .box_w = 11, .box_h = 11, .ofs_x = 0, .ofs_y = -2},
    {.bitmap_index = 58687, .adv_w = 192, .box_w = 11, .box_h = 11, .ofs_x = 0, .ofs_y = -2},
    {.bitmap_index = 58703, .adv_w = 192, .box_w = 11, .box_h = 11, .ofs_x = 0, .ofs_y = -2},
    {.bitmap_index = 58719, .adv_w = 192, .box_w = 11, .box_h = 11, .ofs_x = 0, .ofs_y = -2},
    {.bitmap_index = 58735, .adv_w = 192, .box_w = 11, .box_h = 11, .ofs_x = 0, .ofs_y = -2},
    {.bitmap_index = 58751, .adv_w = 192, .box_w = 11, .box_h = 11, .ofs_x = 0, .ofs_y = -2},
    {.bitmap_index = 58767, .adv_w = 192, .box_w = 11, .box_h = 11, .ofs_x = 0, .ofs_y = -2},
    {.bitmap_index = 58783, .adv_w = 192, .box_w = 11, .box_h = 11, .ofs_x = 0, .ofs_y = -2},
    {.bitmap_index = 58799, .adv_w = 192, .box_w = 11, .box_h = 11, .ofs_x = 0, .ofs_y = -2},
    {.bitmap_index = 58815, .adv_w = 192, .box_w = 11, .box_h = 11, .ofs_x = 0, .ofs_y = -2},
    {.bitmap_index = 58831, .adv_w = 192, .box_w = 11, .box_h = 11, .ofs_x = 0, .ofs_y = -2},
    {.bitmap_index = 58847, .adv_w = 192, .box_w = 11, .box_h = 11, .ofs_x = 0, .ofs_y = -2},
    {.bitmap_index = 58863, .adv_w = 192, .box_w = 11, .box_h = 11, .ofs_x = 0, .ofs_y = -2},
    {.bitmap_index = 58879, .adv_w = 192, .box_w = 11, .box_h = 11, .ofs_x = 0, .ofs_y = -2},
    {.bitmap_index = 58895, .adv_w = 192, .box_w = 11, .box_h = 11, .ofs_x = 0, .ofs_y = -2},
    {.bitmap_index = 58911, .adv_w = 192, .box_w = 11, .box_h = 11, .ofs_x = 0, .ofs_y = -2},
    {.bitmap_index = 58927, .adv_w = 192, .box_w = 11, .box_h = 11, .ofs_x = 0, .ofs_y = -2},
    {.bitmap_index = 58943, .adv_w = 192, .box_w = 11, .box_h = 11, .ofs_x = 0, .ofs_y = -2},
    {.bitmap_index = 58959, .adv_w = 192, .box_w = 11, .box_h = 11, .ofs_x = 0, .ofs_y = -2},
    {.bitmap_index = 58975, .adv_w = 192, .box_w = 11, .box_h = 11, .ofs_x = 0, .ofs_y = -2},
    {.bitmap_index = 58991, .adv_w = 192, .box_w = 11, .box_h = 11, .ofs_x = 0, .ofs_y = -2},
    {.bitmap_index = 59007, .adv_w = 192, .box_w = 11, .box_h = 11, .ofs_x = 0, .ofs_y = -2},
    {.bitmap_index = 59023, .adv_w = 192, .box_w = 11, .box_h = 11, .ofs_x = 0, .ofs_y = -2},
    {.bitmap_index = 59039, .adv_w = 192, .box_w = 11, .box_h = 11, .ofs_x = 0, .ofs_y = -2},
    {.bitmap_index = 59055, .adv_w = 192, .box_w = 11, .box_h = 11, .ofs_x = 0, .ofs_y = -2},
    {.bitmap_index = 59071, .adv_w = 192, .box_w = 11, .box_h = 11, .ofs_x = 0, .ofs_y = -2},
    {.bitmap_index = 59087, .adv_w = 192, .box_w = 11, .box_h = 11, .ofs_x = 0, .ofs_y = -2},
    {.bitmap_index = 59103, .adv_w = 192, .box_w = 11, .box_h = 11, .ofs_x = 0, .ofs_y = -2},
    {.bitmap_index = 59119, .adv_w = 192, .box_w = 11, .box_h = 11, .ofs_x = 0, .ofs_y = -2},
    {.bitmap_index = 59135, .adv_w = 192, .box_w = 11, .box_h = 11, .ofs_x = 0, .ofs_y = -2},
    {.bitmap_index = 59151, .adv_w = 192, .box_w = 11, .box_h = 11, .ofs_x = 0, .ofs_y = -2},
    {.bitmap_index = 59167, .adv_w = 192, .box_w = 11, .box_h = 11, .ofs_x = 0, .ofs_y = -2},
    {.bitmap_index = 59183, .adv_w = 192, .box_w = 11, .box_h = 11, .ofs_x = 0, .ofs_y = -2},
    {.bitmap_index = 59199, .adv_w = 192, .box_w = 11, .box_h = 11, .ofs_x = 0, .ofs_y = -2},
    {.bitmap_index = 59215, .adv_w = 192, .box_w = 11, .box_h = 11, .ofs_x = 0, .ofs_y = -2},
    {.bitmap_index = 59231, .adv_w = 192, .box_w = 11, .box_h = 11, .ofs_x = 0, .ofs_y = -2},
    {.bitmap_index = 59247, .adv_w = 192, .box_w = 11, .box_h = 11, .ofs_x = 0, .ofs_y = -2},
    {.bitmap_index = 59263, .adv_w = 192, .box_w = 11, .box_h = 11, .ofs_x = 0, .ofs_y = -2},
    {.bitmap_index = 59279, .adv_w = 192, .box_w = 11, .box_h = 11, .ofs_x = 0, .ofs_y = -2},
    {.bitmap_index = 59295, .adv_w = 192, .box_w = 11, .box_h = 11, .ofs_x = 0, .ofs_y = -2},
    {.bitmap_index = 59311, .adv_w = 192, .box_w = 11, .box_h = 11, .ofs_x = 0, .ofs_y = -2},
    {.bitmap_index = 59327, .adv_w = 192, .box_w = 11, .box_h = 11, .ofs_x = 0, .ofs_y = -2},
    {.bitmap_index = 59343, .adv_w = 192, .box_w = 11, .box_h = 11, .ofs_x = 0, .ofs_y = -2},
    {.bitmap_index = 59359, .adv_w = 192, .box_w = 11, .box_h = 11, .ofs_x = 0, .ofs_y = -2},
    {.bitmap_index = 59375, .adv_w = 192, .box_w = 11, .box_h = 11, .ofs_x = 0, .ofs_y = -2},
    {.bitmap_index = 59391, .adv_w = 192, .box_w = 11, .box_h = 11, .ofs_x = 0, .ofs_y = -2},
    {.bitmap_index = 59407, .adv_w = 192, .box_w = 11, .box_h = 11, .ofs_x = 0, .ofs_y = -2},
    {.bitmap_index = 59423, .adv_w = 192, .box_w = 11, .box_h = 11, .ofs_x = 0, .ofs_y = -2},
    {.bitmap_index = 59439, .adv_w = 192, .box_w = 11, .box_h = 11, .ofs_x = 0, .ofs_y = -2},
    {.bitmap_index = 59455, .adv_w = 192, .box_w = 11, .box_h = 11, .ofs_x = 0, .ofs_y = -2},
    {.bitmap_index = 59471, .adv_w = 192, .box_w = 11, .box_h = 11, .ofs_x = 0, .ofs_y = -2},
    {.bitmap_index = 59487, .adv_w = 192, .box_w = 11, .box_h = 11, .ofs_x = 0, .ofs_y = -2},
    {.bitmap_index = 59503, .adv_w = 192, .box_w = 11, .box_h = 11, .ofs_x = 0, .ofs_y = -2},
    {.bitmap_index = 59519, .adv_w = 192, .box_w = 11, .box_h = 11, .ofs_x = 0, .ofs_y = -2},
    {.bitmap_index = 59535, .adv_w = 192, .box_w = 11, .box_h = 11, .ofs_x = 0, .ofs_y = -2},
    {.bitmap_index = 59551, .adv_w = 192, .box_w = 11, .box_h = 11, .ofs_x = 0, .ofs_y = -2},
    {.bitmap_index = 59567, .adv_w = 192, .box_w = 11, .box_h = 11, .ofs_x = 0, .ofs_y = -2},
    {.bitmap_index = 59583, .adv_w = 192, .box_w = 11, .box_h = 11, .ofs_x = 0, .ofs_y = -2},
    {.bitmap_index = 59599, .adv_w = 192, .box_w = 11, .box_h = 11, .ofs_x = 0, .ofs_y = -2},
    {.bitmap_index = 59615, .adv_w = 192, .box_w = 11, .box_h = 11, .ofs_x = 0, .ofs_y = -2},
    {.bitmap_index = 59631, .adv_w = 192, .box_w = 11, .box_h = 11, .ofs_x = 0, .ofs_y = -2},
    {.bitmap_index = 59647, .adv_w = 192, .box_w = 11, .box_h = 11, .ofs_x = 0, .ofs_y = -2},
    {.bitmap_index = 59663, .adv_w = 192, .box_w = 11, .box_h = 11, .ofs_x = 0, .ofs_y = -2},
    {.bitmap_index = 59679, .adv_w = 192, .box_w = 11, .box_h = 11, .ofs_x = 0, .ofs_y = -2},
    {.bitmap_index = 59695, .adv_w = 192, .box_w = 11, .box_h = 11, .ofs_x = 0, .ofs_y = -2},
    {.bitmap_index = 59711, .adv_w = 192, .box_w = 11, .box_h = 11, .ofs_x = 0, .ofs_y = -2},
    {.bitmap_index = 59727, .adv_w = 192, .box_w = 11, .box_h = 11, .ofs_x = 0, .ofs_y = -2},
    {.bitmap_index = 59743, .adv_w = 192, .box_w = 11, .box_h = 11, .ofs_x = 0, .ofs_y = -2},
    {.bitmap_index = 59759, .adv_w = 192, .box_w = 11, .box_h = 11, .ofs_x = 0, .ofs_y = -2},
    {.bitmap_index = 59775, .adv_w = 192, .box_w = 11, .box_h = 11, .ofs_x = 0, .ofs_y = -2},
    {.bitmap_index = 59791, .adv_w = 192, .box_w = 11, .box_h = 11, .ofs_x = 0, .ofs_y = -2},
    {.bitmap_index = 59807, .adv_w = 192, .box_w = 11, .box_h = 11, .ofs_x = 0, .ofs_y = -2},
    {.bitmap_index = 59823, .adv_w = 192, .box_w = 11, .box_h = 11, .ofs_x = 0, .ofs_y = -2},
    {.bitmap_index = 59839, .adv_w = 192, .box_w = 11, .box_h = 11, .ofs_x = 0, .ofs_y = -2},
    {.bitmap_index = 59855, .adv_w = 192, .box_w = 11, .box_h = 11, .ofs_x = 0, .ofs_y = -2},
    {.bitmap_index = 59871, .adv_w = 192, .box_w = 11, .box_h = 11, .ofs_x = 0, .ofs_y = -2},
    {.bitmap_index = 59887, .adv_w = 192, .box_w = 11, .box_h = 11, .ofs_x = 0, .ofs_y = -2},
    {.bitmap_index = 59903, .adv_w = 192, .box_w = 11, .box_h = 11, .ofs_x = 0, .ofs_y = -2},
    {.bitmap_index = 59919, .adv_w = 192, .box_w = 11, .box_h = 11, .ofs_x = 0, .ofs_y = -2},
    {.bitmap_index = 59935, .adv_w = 192, .box_w = 11, .box_h = 11, .ofs_x = 0, .ofs_y = -2},
    {.bitmap_index = 59951, .adv_w = 192, .box_w = 11, .box_h = 11, .ofs_x = 0, .ofs_y = -2},
    {.bitmap_index = 59967, .adv_w = 192, .box_w = 11, .box_h = 11, .ofs_x = 0, .ofs_y = -2},
    {.bitmap_index = 59983, .adv_w = 192, .box_w = 11, .box_h = 11, .ofs_x = 0, .ofs_y = -2},
    {.bitmap_index = 59999, .adv_w = 192, .box_w = 11, .box_h = 11, .ofs_x = 0, .ofs_y = -2},
    {.bitmap_index = 60015, .adv_w = 192, .box_w = 11, .box_h = 11, .ofs_x = 0, .ofs_y = -2},
    {.bitmap_index = 60031, .adv_w = 192, .box_w = 11, .box_h = 11, .ofs_x = 0, .ofs_y = -2},
    {.bitmap_index = 60047, .adv_w = 192, .box_w = 11, .box_h = 11, .ofs_x = 0, .ofs_y = -2},
    {.bitmap_index = 60063, .adv_w = 192, .box_w = 11, .box_h = 11, .ofs_x = 0, .ofs_y = -2},
    {.bitmap_index = 60079, .adv_w = 192, .box_w = 11, .box_h = 11, .ofs_x = 0, .ofs_y = -2},
    {.bitmap_index = 60095, .adv_w = 192, .box_w = 11, .box_h = 11, .ofs_x = 0, .ofs_y = -2},
    {.bitmap_index = 60111, .adv_w = 192, .box_w = 11, .box_h = 11, .ofs_x = 0, .ofs_y = -2},
    {.bitmap_index = 60127, .adv_w = 192, .box_w = 11, .box_h = 11, .ofs_x = 0, .ofs_y = -2},
    {.bitmap_index = 60143, .adv_w = 192, .box_w = 11, .box_h = 11, .ofs_x = 0, .ofs_y = -2},
    {.bitmap_index = 60159, .adv_w = 192, .box_w = 11, .box_h = 11, .ofs_x = 0, .ofs_y = -2},
    {.bitmap_index = 60175, .adv_w = 192, .box_w = 11, .box_h = 11, .ofs_x = 0, .ofs_y = -2},
    {.bitmap_index = 60191, .adv_w = 192, .box_w = 11, .box_h = 11, .ofs_x = 0, .ofs_y = -2},
    {.bitmap_index = 60207, .adv_w = 192, .box_w = 11, .box_h = 11, .ofs_x = 0, .ofs_y = -2},
    {.bitmap_index = 60223, .adv_w = 192, .box_w = 11, .box_h = 11, .ofs_x = 0, .ofs_y = -2},
    {.bitmap_index = 60239, .adv_w = 192, .box_w = 11, .box_h = 11, .ofs_x = 0, .ofs_y = -2},
    {.bitmap_index = 60255, .adv_w = 192, .box_w = 11, .box_h = 11, .ofs_x = 0, .ofs_y = -2},
    {.bitmap_index = 60271, .adv_w = 192, .box_w = 11, .box_h = 11, .ofs_x = 0, .ofs_y = -2},
    {.bitmap_index = 60287, .adv_w = 192, .box_w = 10, .box_h = 11, .ofs_x = 1, .ofs_y = -2},
    {.bitmap_index = 60301, .adv_w = 192, .box_w = 11, .box_h = 11, .ofs_x = 0, .ofs_y = -2},
    {.bitmap_index = 60317, .adv_w = 192, .box_w = 11, .box_h = 11, .ofs_x = 0, .ofs_y = -2},
    {.bitmap_index = 60333, .adv_w = 192, .box_w = 11, .box_h = 11, .ofs_x = 0, .ofs_y = -2},
    {.bitmap_index = 60349, .adv_w = 192, .box_w = 11, .box_h = 11, .ofs_x = 0, .ofs_y = -2},
    {.bitmap_index = 60365, .adv_w = 192, .box_w = 11, .box_h = 11, .ofs_x = 0, .ofs_y = -2},
    {.bitmap_index = 60381, .adv_w = 192, .box_w = 11, .box_h = 11, .ofs_x = 0, .ofs_y = -2},
    {.bitmap_index = 60397, .adv_w = 192, .box_w = 11, .box_h = 11, .ofs_x = 0, .ofs_y = -2},
    {.bitmap_index = 60413, .adv_w = 192, .box_w = 11, .box_h = 11, .ofs_x = 0, .ofs_y = -2},
    {.bitmap_index = 60429, .adv_w = 192, .box_w = 3, .box_h = 9, .ofs_x = 1, .ofs_y = -1},
    {.bitmap_index = 60433, .adv_w = 192, .box_w = 3, .box_h = 11, .ofs_x = 7, .ofs_y = -2},
    {.bitmap_index = 60438, .adv_w = 192, .box_w = 3, .box_h = 11, .ofs_x = 1, .ofs_y = -2},
    {.bitmap_index = 60443, .adv_w = 192, .box_w = 2, .box_h = 4, .ofs_x = 2, .ofs_y = -2},
    {.bitmap_index = 60444, .adv_w = 192, .box_w = 2, .box_h = 8, .ofs_x = 2, .ofs_y = -1},
    {.bitmap_index = 60446, .adv_w = 192, .box_w = 2, .box_h = 9, .ofs_x = 2, .ofs_y = -2},
    {.bitmap_index = 60449, .adv_w = 192, .box_w = 5, .box_h = 9, .ofs_x = 0, .ofs_y = -1},
    {.bitmap_index = 60455, .adv_w = 192, .box_w = 7, .box_h = 9, .ofs_x = 2, .ofs_y = -1}
};

/*---------------------
 *  CHARACTER MAPPING
 *--------------------*/

static const uint16_t unicode_list_1[] = {
    0x0, 0x1f5d, 0x1f61, 0x1f62, 0x1f65, 0x1f66, 0x1f6f, 0x2f4a,
    0x2f4b, 0x2f53, 0x2f54, 0x2f59, 0x2f5a, 0x4d49, 0x4d4a, 0x4d4c,
    0x4d50, 0x4d51, 0x4d52, 0x4d53, 0x4d54, 0x4d56, 0x4d57, 0x4d5a,
    0x4d5c, 0x4d5d, 0x4d5f, 0x4d61, 0x4d62, 0x4d63, 0x4d64, 0x4d65,
    0x4d66, 0x4d6b, 0x4d6d, 0x4d6e, 0x4d70, 0x4d73, 0x4d74, 0x4d76,
    0x4d79, 0x4d7b, 0x4d7d, 0x4d81, 0x4d82, 0x4d83, 0x4d84, 0x4d86,
    0x4d87, 0x4d8c, 0x4d8e, 0x4d91, 0x4d92, 0x4d94, 0x4d95, 0x4d96,
    0x4d97, 0x4d98, 0x4d99, 0x4d9b, 0x4d9c, 0x4d9d, 0x4d9f, 0x4da1,
    0x4da2, 0x4da6, 0x4da7, 0x4da8, 0x4da9, 0x4daa, 0x4daf, 0x4db9,
    0x4dba, 0x4dbc, 0x4dc7, 0x4dcf, 0x4dd1, 0x4dd2, 0x4dd4, 0x4dd5,
    0x4dd7, 0x4dd8, 0x4dda, 0x4ddb, 0x4ddd, 0x4dde, 0x4de3, 0x4de4,
    0x4dea, 0x4deb, 0x4ded, 0x4dee, 0x4def, 0x4df0, 0x4df1, 0x4df2,
    0x4df4, 0x4df5, 0x4df6, 0x4df7, 0x4dfb, 0x4e03, 0x4e08, 0x4e09,
    0x4e0a, 0x4e0e, 0x4e0f, 0x4e10, 0x4e13, 0x4e14, 0x4e16, 0x4e17,
    0x4e1a, 0x4e1c, 0x4e1d, 0x4e1e, 0x4e1f, 0x4e20, 0x4e21, 0x4e22,
    0x4e28, 0x4e2c, 0x4e2d, 0x4e2e, 0x4e33, 0x4e35, 0x4e39, 0x4e3b,
    0x4e3f, 0x4e40, 0x4e44, 0x4e46, 0x4e48, 0x4e4a, 0x4e53, 0x4e56,
    0x4e57, 0x4e58, 0x4e59, 0x4e5a, 0x4e60, 0x4e61, 0x4e62, 0x4e63,
    0x4e67, 0x4e68, 0x4e69, 0x4e6d, 0x4e6f, 0x4e73, 0x4e78, 0x4e79,
    0x4e7d, 0x4e7f, 0x4e81, 0x4e83, 0x4e85, 0x4e8c, 0x4e8f, 0x4e96,
    0x4e97, 0x4e98, 0x4e99, 0x4e9a, 0x4e9c, 0x4e9e, 0x4ea2, 0x4ea4,
    0x4ea5, 0x4ea9, 0x4eac, 0x4eb2, 0x4eb5, 0x4eb8, 0x4eb9, 0x4ebc,
    0x4ec8, 0x4ecd, 0x4ed1, 0x4ed4, 0x4ed6, 0x4ee0, 0x4ee4, 0x4ee6,
    0x4ee9, 0x4eec, 0x4eee, 0x4eef, 0x4ef0, 0x4ef1, 0x4ef2, 0x4ef7,
    0x4ef8, 0x4efe, 0x4f08, 0x4f0c, 0x4f0d, 0x4f13, 0x4f18, 0x4f19,
    0x4f20, 0x4f21, 0x4f26, 0x4f27, 0x4f2a, 0x4f32, 0x4f36, 0x4f37,
    0x4f38, 0x4f3a, 0x4f43, 0x4f56, 0x4f5b, 0x4f5d, 0x4f61, 0x4f62,
    0x4f63, 0x4f68, 0x4f6a, 0x4f6f, 0x4f73, 0x4f83, 0x4f85, 0x4f87,
    0x4f90, 0x4f98, 0x4fa3, 0x4fa5, 0x4fae, 0x4fbf, 0x4fc0, 0x4fc8,
    0x4fc9, 0x4fce, 0x4fd1, 0x4fd6, 0x4fec, 0x4ff1, 0x4ff5, 0x4ffb,
    0x5004, 0x5018, 0x5023, 0x5030, 0x503c, 0x503e, 0x5044, 0x505b,
    0x506a, 0x5088, 0x508a, 0x508c, 0x508d, 0x508e, 0x508f, 0x5091,
    0x5092, 0x5094, 0x5096, 0x509a, 0x509d, 0x50a3, 0x50a5, 0x50ab,
    0x50ae, 0x50b1, 0x50b4, 0x50b5, 0x50b6, 0x50b9, 0x50ba, 0x50bc,
    0x50bd, 0x50be, 0x50bf, 0x50c0, 0x50c1, 0x50c2, 0x50c4, 0x50c5,
    0x50c6, 0x50c9, 0x50ce, 0x50d1, 0x50d2, 0x50d5, 0x50d6, 0x50db,
    0x50de, 0x50e0, 0x50e2, 0x50e4, 0x50e5, 0x50e9, 0x50ed, 0x50f5,
    0x50f8, 0x50f9, 0x50fb, 0x50fc, 0x50fe, 0x50ff, 0x5100, 0x5104,
    0x5109, 0x510d, 0x510f, 0x5112, 0x5114, 0x5115, 0x5118, 0x511a,
    0x5124, 0x5126, 0x5129, 0x512a, 0x512d, 0x5136, 0x5138, 0x5139,
    0x513c, 0x513f, 0x5141, 0x5142, 0x5143, 0x5144, 0x5146, 0x5148,
    0x5149, 0x514a, 0x514c, 0x514f, 0x5150, 0x5153, 0x515a, 0x515b,
    0x5160, 0x5161, 0x5162, 0x5163, 0x5164, 0x5166, 0x5169, 0x516d,
    0x5171, 0x5172, 0x5174, 0x5177, 0x5179, 0x517f, 0x5180, 0x5181,
    0x5182, 0x5183, 0x5184, 0x5186, 0x518a, 0x518b, 0x518c, 0x5193,
    0x5196, 0x5199, 0x519a, 0x519d, 0x519f, 0x51ae, 0x51b0, 0x51b2,
    0x51b3, 0x51b8, 0x51bb, 0x51c8, 0x51d1, 0x51e4, 0x51e6, 0x51e7,
    0x51e8, 0x51e9, 0x51ea, 0x51ec, 0x51f1, 0x51f2, 0x51f3, 0x51f4,
    0x51fa, 0x51fb, 0x51fc, 0x5208, 0x520c, 0x5210, 0x5212, 0x5214,
    0x521b, 0x5221, 0x5228, 0x522d, 0x5243, 0x5247, 0x5248, 0x5249,
    0x524e, 0x524f, 0x5251, 0x525f, 0x5260, 0x5262, 0x5266, 0x5269,
    0x526a, 0x526c, 0x5273, 0x5282, 0x5283, 0x5284, 0x5288, 0x528a,
    0x528c, 0x5290, 0x5291, 0x5292, 0x5293, 0x5297, 0x5298, 0x529a,
    0x529b, 0x529c, 0x529e, 0x529f, 0x52a0, 0x52a3, 0x52a5, 0x52a7,
    0x52a9, 0x52aa, 0x52ab, 0x52ad, 0x52b0, 0x52b4, 0x52b8, 0x52b9,
    0x52ba, 0x52bc, 0x52bd, 0x52be, 0x52c0, 0x52c1, 0x52c8, 0x52cb,
    0x52cd, 0x52ce, 0x52cf, 0x52d2, 0x52d4, 0x52d5, 0x52de, 0x52e1,
    0x52e3, 0x52e8, 0x52eb, 0x52ef, 0x52f1, 0x52f2, 0x5304, 0x5308,
    0x530a, 0x530b, 0x5311, 0x5312, 0x5313, 0x5314, 0x5315, 0x5316,
    0x531a, 0x531d, 0x531f, 0x5320, 0x5321, 0x5322, 0x5324, 0x5329,
    0x532c, 0x532d, 0x532e, 0x532f, 0x5333, 0x5334, 0x5335, 0x5336,
    0x5337, 0x5338, 0x5339, 0x533b, 0x533c, 0x533f, 0x5340, 0x5341,
    0x5342, 0x5345, 0x534a, 0x534c, 0x534d, 0x5351, 0x5352, 0x5353,
    0x5355, 0x5356, 0x5357, 0x5358, 0x5359, 0x535a, 0x535c, 0x535e,
    0x5360, 0x5364, 0x5366, 0x5367, 0x5368, 0x5369, 0x536f, 0x5370,
    0x5371, 0x5372, 0x5374, 0x5375, 0x5376, 0x5377, 0x5378, 0x537a,
    0x537d, 0x537e, 0x5381, 0x5382, 0x5384, 0x5385, 0x5387, 0x5389,
    0x538f, 0x5391, 0x5393, 0x5399, 0x539e, 0x53a1, 0x53a4, 0x53a5,
    0x53ab, 0x53b1, 0x53bc, 0x53be, 0x53c1, 0x53c4, 0x53c5, 0x53c6,
    0x53c9, 0x53cf, 0x53d4, 0x53d5, 0x53d7, 0x53d8, 0x53d9, 0x53db,
    0x53de, 0x53df, 0x53e2, 0x53f1, 0x53f5, 0x53f8, 0x53fa, 0x53fc,
    0x5401, 0x5406, 0x5409, 0x540a, 0x540d, 0x540f, 0x5410, 0x5411,
    0x5412, 0x5416, 0x5417, 0x541a, 0x5420, 0x5428, 0x542e, 0x542f,
    0x5431, 0x5432, 0x5433, 0x5436, 0x5437, 0x543b, 0x5443, 0x5445,
    0x544a, 0x544f, 0x5450, 0x5452, 0x5459, 0x546d, 0x5475, 0x5477,
    0x5478, 0x547a, 0x5487, 0x548c, 0x548d, 0x548f, 0x5493, 0x54aa,
    0x54ad, 0x54ae, 0x54af, 0x54b3, 0x54b7, 0x54c1, 0x54c5, 0x54c9,
    0x54cb, 0x54cd, 0x54d0, 0x54d2, 0x54d3, 0x54e1, 0x54e5, 0x54e6,
    0x54f0, 0x54fc, 0x5500, 0x5504, 0x550e, 0x551c, 0x5525, 0x552a,
    0x552c, 0x5546, 0x5552, 0x5557, 0x5561, 0x5564, 0x557a, 0x557b,
    0x557d, 0x557f, 0x5584, 0x5588, 0x5597, 0x55b1, 0x55b3, 0x55b5,
    0x55bf, 0x55d7, 0x55d8, 0x55ec, 0x5600, 0x5605, 0x5613, 0x5623,
    0x5624, 0x5627, 0x5629, 0x562b, 0x562d, 0x5636, 0x5639, 0x563a,
    0x563d, 0x5643, 0x5646, 0x5647, 0x564c, 0x564f, 0x5651, 0x5668,
    0x566c, 0x5671, 0x5676, 0x5679, 0x5683, 0x5687, 0x5689, 0x5690,
    0x5693, 0x5696, 0x5697, 0x5698, 0x5699, 0x569a, 0x56a0, 0x56a3,
    0x56a4, 0x56a6, 0x56a7, 0x56a8, 0x56a9, 0x56aa, 0x56ad, 0x56af,
    0x56b3, 0x56b8, 0x56c0, 0x56cb, 0x56cc, 0x56cd, 0x56d4, 0x56db,
    0x56e4, 0x56eb, 0x56ec, 0x56ef, 0x56f4, 0x56f7, 0x570b, 0x570c,
    0x5714, 0x5717, 0x571d, 0x5728, 0x5729, 0x5742, 0x5743, 0x574b,
    0x574f, 0x575a, 0x575e, 0x576a, 0x576d, 0x5773, 0x5779, 0x577e,
    0x5795, 0x579a, 0x579d, 0x57a1, 0x57a7, 0x57b4, 0x57cc, 0x57ce,
    0x57db, 0x57dc, 0x57e2, 0x57e7, 0x57e8, 0x57f1, 0x57f2, 0x580a,
    0x581e, 0x582d, 0x5834, 0x5835, 0x5837, 0x5839, 0x583c, 0x583f,
    0x5842, 0x584d, 0x5850, 0x5856, 0x5858, 0x585e, 0x585f, 0x5863,
    0x5865, 0x5868, 0x5870, 0x5872, 0x5873, 0x5874, 0x5877, 0x5878,
    0x587a, 0x587d, 0x5880, 0x5881, 0x5882, 0x5883, 0x588d, 0x5890,
    0x5891, 0x5892, 0x5894, 0x5897, 0x5898, 0x589a, 0x589d, 0x589f,
    0x58a0, 0x58a9, 0x58ab, 0x58ae, 0x58bc, 0x58bd, 0x58bf, 0x58c1,
    0x58c2, 0x58c6, 0x58cb, 0x58cd, 0x58cf, 0x58d0, 0x58d1, 0x58d3,
    0x58db, 0x58dc, 0x58df, 0x58e2, 0x58ee, 0x58f1, 0x58f7, 0x5902,
    0x5904, 0x590f, 0x5914, 0x5919, 0x591a, 0x591c, 0x591d, 0x5923,
    0x5925, 0x592e, 0x5931, 0x5935, 0x5944, 0x5948, 0x594a, 0x594c,
    0x594d, 0x5950, 0x5961, 0x5965, 0x5968, 0x5969, 0x596e, 0x5972,
    0x597a, 0x597f, 0x598f, 0x5992, 0x59a3, 0x59b3, 0x59bd, 0x59bf,
    0x59c8, 0x59db, 0x59e3, 0x59fc, 0x5a0a, 0x5a0b, 0x5a12, 0x5a15,
    0x5a2a, 0x5a32, 0x5a99, 0x5a9d, 0x5a9e, 0x5aa0, 0x5aa1, 0x5aa2,
    0x5aa5, 0x5aa6, 0x5aa8, 0x5aac, 0x5aad, 0x5aaf, 0x5ab2, 0x5ab3,
    0x5ab9, 0x5abe, 0x5ac3, 0x5ac6, 0x5aca, 0x5acc, 0x5ace, 0x5ad0,
    0x5ad1, 0x5ad2, 0x5ad4, 0x5ad5, 0x5ad8, 0x5ae0, 0x5ae1, 0x5ae2,
    0x5ae3, 0x5ae4, 0x5ae5, 0x5ae6, 0x5ae7, 0x5ae9, 0x5aea, 0x5aeb,
    0x5aec, 0x5aed, 0x5aef, 0x5af3, 0x5af4, 0x5af9, 0x5afc, 0x5afd,
    0x5afe, 0x5aff, 0x5b02, 0x5b06, 0x5b07, 0x5b08, 0x5b0b, 0x5b0d,
    0x5b0e, 0x5b0f, 0x5b10, 0x5b15, 0x5b19, 0x5b1b, 0x5b1c, 0x5b26,
    0x5b27, 0x5b28, 0x5b2a, 0x5b2e, 0x5b31, 0x5b41, 0x5b42, 0x5b43,
    0x5b44, 0x5b45, 0x5b48, 0x5b4a, 0x5b4d, 0x5b4f, 0x5b52, 0x5b53,
    0x5b58, 0x5b5a, 0x5b5d, 0x5b5f, 0x5b61, 0x5b63, 0x5b66, 0x5b6d,
    0x5b70, 0x5b7a, 0x5b81, 0x5b82, 0x5b83, 0x5b85, 0x5b86, 0x5b87,
    0x5b88, 0x5b89, 0x5b8a, 0x5b8b, 0x5b8e, 0x5b91, 0x5b92, 0x5b93,
    0x5b94, 0x5b97, 0x5b98, 0x5b9a, 0x5b9e, 0x5ba7, 0x5ba9, 0x5baa,
    0x5bae, 0x5bb8, 0x5bba, 0x5bc2, 0x5bc8, 0x5bca, 0x5bcb, 0x5bdd,
    0x5be0, 0x5be4, 0x5bf2, 0x5bf6, 0x5bfc, 0x5c01, 0x5c08, 0x5c22,
    0x5c2a, 0x5c2f, 0x5c31, 0x5c33, 0x5c36, 0x5c39, 0x5c44, 0x5c50,
    0x5c57, 0x5c5d, 0x5c5f, 0x5c72, 0x5c76, 0x5c95, 0x5d16, 0x5d26,
    0x5d27, 0x5d2a, 0x5d2b, 0x5d2e, 0x5d2f, 0x5d30, 0x5d31, 0x5d32,
    0x5d34, 0x5d37, 0x5d3a, 0x5d3b, 0x5d3c, 0x5d3d, 0x5d40, 0x5d47,
    0x5d4a, 0x5d4b, 0x5d4c, 0x5d4e, 0x5d4f, 0x5d51, 0x5d55, 0x5d59,
    0x5d5e, 0x5d5f, 0x5d61, 0x5d63, 0x5d64, 0x5d65, 0x5d66, 0x5d6f,
    0x5d70, 0x5d76, 0x5d77, 0x5d81, 0x5d86, 0x5d8b, 0x5d8e, 0x5d95,
    0x5d9e, 0x5dab, 0x5dbb, 0x5dbc, 0x5dbd, 0x5dbf, 0x5dc1, 0x5dc4,
    0x5dc5, 0x5dc6, 0x5dc8, 0x5dcd, 0x5dcf, 0x5dd0, 0x5dd3, 0x5dd8,
    0x5dd9, 0x5ddc, 0x5ddd, 0x5dde, 0x5de0, 0x5de2, 0x5de3, 0x5de5,
    0x5de7, 0x5de8, 0x5def, 0x5df0, 0x5df6, 0x5dff, 0x5e00, 0x5e01,
    0x5e12, 0x5e13, 0x5e1c, 0x5e1f, 0x5e3f, 0x5e40, 0x5e43, 0x5e49,
    0x5e4b, 0x5e4c, 0x5e4d, 0x5e53, 0x5e58, 0x5e5c, 0x5e5e, 0x5e60,
    0x5e61, 0x5e64, 0x5e68, 0x5e69, 0x5e6e, 0x5e6f, 0x5e70, 0x5e78,
    0x5e7a, 0x5e82, 0x5e83, 0x5e9b, 0x5e9c, 0x5e9e, 0x5ea6, 0x5eab,
    0x5ead, 0x5eaf, 0x5eb2, 0x5eb3, 0x5eb5, 0x5eb6, 0x5eb9, 0x5eba,
    0x5ec2, 0x5ec4, 0x5ec5, 0x5ec9, 0x5eca, 0x5ecd, 0x5ece, 0x5ed1,
    0x5ed3, 0x5ed4, 0x5ed9, 0x5edb, 0x5ee0, 0x5ee1, 0x5eea, 0x5ef3,
    0x5ef7, 0x5f00, 0x5f06, 0x5f0c, 0x5f0e, 0x5f0f, 0x5f15, 0x5f16,
    0x5f20, 0x5f21, 0x5f22, 0x5f29, 0x5f30, 0x5f34, 0x5f3a, 0x5f3e,
    0x5f44, 0x5f46, 0x5f48, 0x5f49, 0x5f4a, 0x5f4b, 0x5f57, 0x5f5b,
    0x5f5d, 0x5f5e, 0x5f5f, 0x5f65, 0x5f66, 0x5f69, 0x5f6e, 0x5f70,
    0x5f71, 0x5f73, 0x5f78, 0x5f84, 0x5f8c, 0x5f94, 0x5f96, 0x5f99,
    0x5f9b, 0x5f9e, 0x5fab, 0x5fad, 0x5fb1, 0x5fb2, 0x5fb4, 0x5fb5,
    0x5fb6, 0x5fb8, 0x5fb9, 0x5fbc, 0x5fbf, 0x5fc5, 0x5fc8, 0x5fcd,
    0x5fd2, 0x5fd6, 0x5fdd, 0x5fe8, 0x5fe9, 0x5fec, 0x5fef, 0x5ff1,
    0x5ff5, 0x5ff8, 0x5ffb, 0x6001, 0x6005, 0x600e, 0x6013, 0x6014,
    0x601a, 0x601e, 0x6025, 0x6028, 0x6029, 0x602f, 0x6030, 0x6031,
    0x6032, 0x6034, 0x6036, 0x6037, 0x6038, 0x6039, 0x603c, 0x603f,
    0x6042, 0x6043, 0x604a, 0x6051, 0x6052, 0x6058, 0x6063, 0x6068,
    0x606d, 0x6070, 0x6088, 0x6091, 0x6095, 0x6097, 0x609a, 0x609e,
    0x60ab, 0x60b0, 0x60b1, 0x60b9, 0x60c0, 0x60d4, 0x60d7, 0x60f1,
    0x6107, 0x610b, 0x6111, 0x6113, 0x611b, 0x612f, 0x6151, 0x6153,
    0x6155, 0x6156, 0x6157, 0x6158, 0x6159, 0x615a, 0x615b, 0x615f,
    0x6161, 0x6163, 0x6173, 0x6177, 0x617c, 0x617d, 0x6180, 0x6188,
    0x6189, 0x618a, 0x6190, 0x6194, 0x6196, 0x6197, 0x619a, 0x619b,
    0x619c, 0x619d, 0x61a1, 0x61a4, 0x61ac, 0x61af, 0x61b0, 0x61b2,
    0x61b4, 0x61b5, 0x61b6, 0x61b7, 0x61b8, 0x61b9, 0x61bc, 0x61bf,
    0x61c2, 0x61c5, 0x61c7, 0x61c8, 0x61c9, 0x61cd, 0x61d2, 0x61d3,
    0x61da, 0x61db, 0x61dc, 0x61de, 0x61df, 0x61e0, 0x61e1, 0x61e3,
    0x61e4, 0x61e9, 0x61ea, 0x61eb, 0x61ed, 0x61ee, 0x61f1, 0x61f4,
    0x61f5, 0x61fa, 0x61fe, 0x6202, 0x6205, 0x6206, 0x6208, 0x620b,
    0x620d, 0x620e, 0x620f, 0x6210, 0x6211, 0x6212, 0x6215, 0x6216,
    0x6217, 0x6219, 0x621b, 0x621c, 0x621d, 0x621f, 0x6221, 0x6222,
    0x6224, 0x6225, 0x6228, 0x622b, 0x622c, 0x622e, 0x622f, 0x6230,
    0x6231, 0x6232, 0x6235, 0x6236, 0x6238, 0x623a, 0x623c, 0x623d,
    0x6240, 0x6245, 0x6246, 0x6247, 0x6248, 0x624a, 0x624b, 0x6250,
    0x6252, 0x6257, 0x625a, 0x625f, 0x6263, 0x6264, 0x6266, 0x6267,
    0x6268, 0x6269, 0x626a, 0x626c, 0x626d, 0x626e, 0x6271, 0x6273,
    0x6274, 0x6278, 0x6283, 0x6286, 0x628b, 0x628e, 0x628f, 0x6292,
    0x6295, 0x6296, 0x6297, 0x6298, 0x6299, 0x629e, 0x62a7, 0x62a8,
    0x62aa, 0x62ab, 0x62ac, 0x62b0, 0x62b7, 0x62bf, 0x62c0, 0x62c4,
    0x62c9, 0x62cb, 0x62d0, 0x62d1, 0x62d2, 0x62d5, 0x62d8, 0x62d9,
    0x62db, 0x62df, 0x62e1, 0x62e9, 0x62eb, 0x62ec, 0x62ee, 0x62f0,
    0x62f1, 0x62f2, 0x62f3, 0x62fc, 0x6300, 0x6301, 0x6303, 0x6312,
    0x6316, 0x6318, 0x6319, 0x631b, 0x631f, 0x632a, 0x632c, 0x6332,
    0x6333, 0x6336, 0x633d, 0x6346, 0x6349, 0x634a, 0x634b, 0x634e,
    0x6358, 0x6359, 0x635c, 0x635d, 0x6365, 0x6367, 0x6373, 0x6375,
    0x6376, 0x6383, 0x6386, 0x638d, 0x638f, 0x6390, 0x6391, 0x6393,
    0x639d, 0x63a1, 0x63b0, 0x63b2, 0x63c1, 0x63c2, 0x63cb, 0x63ce,
    0x63d0, 0x63da, 0x63db, 0x63de, 0x63e7, 0x63ed, 0x63f2, 0x63f5,
    0x63f6, 0x63f7, 0x63f9, 0x63fe, 0x6405, 0x640b, 0x640e, 0x6416,
    0x6417, 0x641b, 0x6427, 0x642f, 0x6449, 0x645b, 0x6461, 0x6474,
    0x6478, 0x647f, 0x6482, 0x6484, 0x6487, 0x6488, 0x648e, 0x6491,
    0x6495, 0x6498, 0x649a, 0x649f, 0x64a2, 0x64a4, 0x64a6, 0x64a7,
    0x64ab, 0x64ac, 0x64af, 0x64b5, 0x64b9, 0x64bb, 0x64bd, 0x64c0,
    0x64d0, 0x64d4, 0x64d5, 0x64da, 0x64e0, 0x64e2, 0x64e5, 0x64e8,
    0x64ea, 0x64ed, 0x64ee, 0x64f0, 0x64f2, 0x64f6, 0x64f8, 0x64f9,
    0x6502, 0x6506, 0x650a, 0x650e, 0x6514, 0x6518, 0x6520, 0x6529,
    0x652b, 0x652e, 0x652f, 0x6530, 0x6531, 0x6532, 0x6535, 0x6536,
    0x653a, 0x653f, 0x6540, 0x6543, 0x654b, 0x654f, 0x6555, 0x6557,
    0x6558, 0x655c, 0x655d, 0x6568, 0x6569, 0x656e, 0x6570, 0x6571,
    0x6576, 0x6578, 0x6585, 0x6587, 0x658c, 0x6594, 0x6595, 0x659b,
    0x659c, 0x659e, 0x65a3, 0x65ad, 0x65af, 0x65b1, 0x65b7, 0x65b8,
    0x65b9, 0x65bd, 0x65bf, 0x65c3, 0x65c7, 0x65cb, 0x65d0, 0x65da,
    0x65df, 0x65e0, 0x65f7, 0x65fd, 0x6622, 0x6626, 0x6639, 0x663b,
    0x663c, 0x663d, 0x6642, 0x6645, 0x6647, 0x6648, 0x6649, 0x6651,
    0x6652, 0x6654, 0x6656, 0x665d, 0x6660, 0x6664, 0x6666, 0x6668,
    0x6671, 0x6673, 0x6674, 0x6675, 0x6676, 0x6678, 0x667a, 0x667d,
    0x667e, 0x6683, 0x6686, 0x6689, 0x668b, 0x668c, 0x668f, 0x6692,
    0x6697, 0x6698, 0x6699, 0x669a, 0x669f, 0x66a5, 0x66a8, 0x66a9,
    0x66aa, 0x66ae, 0x66b1, 0x66b6, 0x66b8, 0x66b9, 0x66c7, 0x66c8,
    0x66ca, 0x66cd, 0x66d2, 0x66d9, 0x66de, 0x66e0, 0x66e3, 0x66e5,
    0x66e6, 0x66eb, 0x66ec, 0x66f3, 0x66f4, 0x66f8, 0x66ff, 0x6700,
    0x670d, 0x6718, 0x6719, 0x671a, 0x671b, 0x671c, 0x671d, 0x6725,
    0x6727, 0x6729, 0x672e, 0x6735, 0x6738, 0x673a, 0x673c, 0x673d,
    0x6748, 0x674e, 0x6750, 0x6751, 0x6754, 0x6758, 0x675a, 0x675c,
    0x675f, 0x6760, 0x676a, 0x6773, 0x6780, 0x6781, 0x6782, 0x6785,
    0x6786, 0x678b, 0x678c, 0x678e, 0x678f, 0x6791, 0x6795, 0x6799,
    0x679a, 0x679c, 0x679d, 0x67ac, 0x67ae, 0x67b1, 0x67b2, 0x67bf,
    0x67ca, 0x67ce, 0x67cf, 0x67e0, 0x67eb, 0x67ef, 0x67f0, 0x67f1,
    0x67f6, 0x67f8, 0x67f9, 0x67fc, 0x6809, 0x6812, 0x6814, 0x6816,
    0x681b, 0x681e, 0x6821, 0x6823, 0x6829, 0x6837, 0x683a, 0x683e,
    0x6843, 0x684e, 0x6856, 0x6857, 0x685b, 0x6876, 0x6879, 0x6886,
    0x6888, 0x689d, 0x68a3, 0x68a7, 0x68c0, 0x68c5, 0x68cb, 0x68cf,
    0x68dd, 0x68e5, 0x68f1, 0x68fd, 0x6900, 0x6919, 0x6924, 0x6946,
    0x6953, 0x6968, 0x696a, 0x6973, 0x697a, 0x6990, 0x69a2, 0x69aa,
    0x69ba, 0x69c9, 0x69cd, 0x69f5, 0x6a69, 0x6a6a, 0x6a6b, 0x6a6c,
    0x6a70, 0x6a7b, 0x6a83, 0x6a87, 0x6a90, 0x6a92, 0x6a95, 0x6aab,
    0x6aac, 0x6aad, 0x6aae, 0x6aaf, 0x6ab0, 0x6ab3, 0x6ac2, 0x6ac4,
    0x6ac5, 0x6acc, 0x6acf, 0x6ad2, 0x6ad3, 0x6ad4, 0x6adf, 0x6afd,
    0x6afe, 0x6b00, 0x6b08, 0x6b0a, 0x6b0e, 0x6b14, 0x6b16, 0x6b18,
    0x6b1b, 0x6b1d, 0x6b1e, 0x6b1f, 0x6b20, 0x6b22, 0x6b24, 0x6b2a,
    0x6b34, 0x6b38, 0x6b58, 0x6b5a, 0x6b5c, 0x6b5d, 0x6b5f, 0x6b64,
    0x6b68, 0x6b6b, 0x6b6f, 0x6b70, 0x6b71, 0x6b77, 0x6b78, 0x6b79,
    0x6b7d, 0x6b81, 0x6b89, 0x6b8a, 0x6b8b, 0x6b90, 0x6b92, 0x6b99,
    0x6b9e, 0x6ba0, 0x6ba4, 0x6ba6, 0x6ba7, 0x6ba8, 0x6ba9, 0x6baa,
    0x6bad, 0x6bb3, 0x6bb9, 0x6bbb, 0x6bc2, 0x6bc6, 0x6bc7, 0x6bca,
    0x6bcb, 0x6bcc, 0x6bd1, 0x6bd2, 0x6bd8, 0x6be2, 0x6be4, 0x6be8,
    0x6bea, 0x6bed, 0x6bee, 0x6bef, 0x6bf0, 0x6bf3, 0x6bf4, 0x6bf7,
    0x6bfc, 0x6c01, 0x6c02, 0x6c04, 0x6c05, 0x6c06, 0x6c07, 0x6c08,
    0x6c0d, 0x6c0e, 0x6c12, 0x6c13, 0x6c15, 0x6c1e, 0x6c24, 0x6c27,
    0x6c2a, 0x6c2b, 0x6c2c, 0x6c2e, 0x6c31, 0x6c33, 0x6c39, 0x6c3c,
    0x6c3e, 0x6c44, 0x6c45, 0x6c46, 0x6c4a, 0x6c54, 0x6c5b, 0x6c60,
    0x6c64, 0x6c67, 0x6c6e, 0x6c73, 0x6c7a, 0x6c7b, 0x6c84, 0x6c85,
    0x6c86, 0x6c87, 0x6c8a, 0x6c8e, 0x6c8f, 0x6c90, 0x6c93, 0x6c94,
    0x6c97, 0x6c9a, 0x6c9c, 0x6ca2, 0x6ca3, 0x6caf, 0x6cb2, 0x6cb3,
    0x6cb7, 0x6cbd, 0x6cc0, 0x6cc1, 0x6ccb, 0x6cce, 0x6cd1, 0x6cd2,
    0x6cd5, 0x6cd7, 0x6cde, 0x6ce4, 0x6ce6, 0x6ce8, 0x6cea, 0x6cec,
    0x6ced, 0x6cef, 0x6cf0, 0x6cf1, 0x6cf2, 0x6cf3, 0x6cf8, 0x6cfb,
    0x6cfe, 0x6d01, 0x6d09, 0x6d0d, 0x6d0f, 0x6d14, 0x6d15, 0x6d1a,
    0x6d1f, 0x6d21, 0x6d2a, 0x6d2d, 0x6d34, 0x6d35, 0x6d37, 0x6d3a,
    0x6d3c, 0x6d40, 0x6d42, 0x6d44, 0x6d4e, 0x6d53, 0x6d56, 0x6d59,
    0x6d5d, 0x6d60, 0x6d66, 0x6d69, 0x6d6a, 0x6d6c, 0x6d6d, 0x6d72,
    0x6d76, 0x6d78, 0x6d7b, 0x6d7d, 0x6d81, 0x6d83, 0x6d8c, 0x6d96,
    0x6d9f, 0x6da1, 0x6da4, 0x6dc7, 0x6dc8, 0x6dcc, 0x6dce, 0x6dd2,
    0x6dd9, 0x6de5, 0x6deb, 0x6df3, 0x6df8, 0x6dff, 0x6e03, 0x6e0a,
    0x6e10, 0x6e14, 0x6e1a, 0x6e1c, 0x6e1d, 0x6e23, 0x6e27, 0x6e2a,
    0x6e2d, 0x6e2e, 0x6e2f, 0x6e31, 0x6e32, 0x6e3d, 0x6e4b, 0x6e4f,
    0x6e58, 0x6e5c, 0x6e5d, 0x6e69, 0x6e74, 0x6e7a, 0x6e7c, 0x6e87,
    0x6e96, 0x6ea1, 0x6ea5, 0x6ea7, 0x6eaf, 0x6eb6, 0x6eb7, 0x6ecd,
    0x6ed1, 0x6ed7, 0x6ee5, 0x6eea, 0x6efc, 0x6f09, 0x6f1b, 0x6f5a,
    0x6f95, 0x6fb4, 0x6fb6, 0x6fb8, 0x6fb9, 0x6fbe, 0x6fbf, 0x6fc1,
    0x6fc5, 0x6fc7, 0x6fc8, 0x6fd2, 0x6fd3, 0x6fd7, 0x6fdb, 0x6fdd,
    0x6fde, 0x6fe2, 0x6ff5, 0x6ff6, 0x6ff7, 0x6ff8, 0x6ffc, 0x7001,
    0x7002, 0x7005, 0x7006, 0x700a, 0x700b, 0x700c, 0x7011, 0x7021,
    0x7022, 0x7024, 0x7028, 0x702d, 0x702f, 0x7030, 0x7032, 0x7034,
    0x7035, 0x7036, 0x7038, 0x7040, 0x7042, 0x7046, 0x7052, 0x7053,
    0x705e, 0x7062, 0x7063, 0x706f, 0x7079, 0x707f, 0x7095, 0x7097,
    0x70a7, 0x70ad, 0x70b0, 0x70b7, 0x70c6, 0x70cd, 0x70d3, 0x70d8,
    0x70dd, 0x70e2, 0x70e8, 0x70f5, 0x710c, 0x7117, 0x711e, 0x712e,
    0x714f, 0x7173, 0x7175, 0x717a, 0x717e, 0x717f, 0x7180, 0x7181,
    0x7182, 0x7186, 0x7190, 0x7191, 0x7195, 0x71a2, 0x71a4, 0x71a8,
    0x71aa, 0x71ab, 0x71b0, 0x71b2, 0x71bb, 0x71be, 0x71c2, 0x71c3,
    0x71c9, 0x71ca, 0x71d3, 0x71f5, 0x71f8, 0x71ff, 0x7202, 0x720b,
    0x720d, 0x7211, 0x7219, 0x7220, 0x7222, 0x7227, 0x7229, 0x722a,
    0x7235, 0x7236, 0x7237, 0x7239, 0x723a, 0x7241, 0x7245, 0x7257,
    0x725f, 0x7264, 0x7265, 0x7272, 0x7273, 0x7274, 0x7277, 0x727d,
    0x7287, 0x7288, 0x72b6, 0x72cd, 0x72d0, 0x72d2, 0x72d4, 0x72df,
    0x72e4, 0x72f2, 0x72f4, 0x72f8, 0x72f9, 0x72fb, 0x7304, 0x7313,
    0x7316, 0x7319, 0x7329, 0x7336, 0x734c, 0x734e, 0x734f, 0x7352,
    0x7359, 0x736b, 0x737c, 0x737d, 0x737e, 0x737f, 0x7385, 0x73a3,
    0x73a7, 0x73a8, 0x73b9, 0x73bf, 0x73cc, 0x7425, 0x742b, 0x742c,
    0x742d, 0x742f, 0x7437, 0x743f, 0x7440, 0x744d, 0x7461, 0x7463,
    0x7465, 0x7468, 0x746e, 0x7471, 0x7472, 0x7474, 0x7476, 0x7479,
    0x747a, 0x747b, 0x747c, 0x747e, 0x7480, 0x7481, 0x7484, 0x748e,
    0x7495, 0x7498, 0x749d, 0x74a2, 0x74a5, 0x74ae, 0x74af, 0x74b3,
    0x74bd, 0x74c1, 0x74cf, 0x74d8, 0x74da, 0x74e0, 0x74e2, 0x74e3,
    0x74e8, 0x74ea, 0x74ed, 0x74ee, 0x74f4, 0x74f7, 0x74f8, 0x74fb,
    0x74fe, 0x7502, 0x7505, 0x7506, 0x7507, 0x750e, 0x7510, 0x7511,
    0x7512, 0x7513, 0x751b, 0x751d, 0x751e, 0x7521, 0x7524, 0x7527,
    0x752b, 0x7533, 0x7539, 0x753d, 0x7542, 0x754a, 0x7568, 0x756d,
    0x756f, 0x7572, 0x7573, 0x7574, 0x757d, 0x7581, 0x7595, 0x75ac,
    0x75c1, 0x75c4, 0x75c6, 0x75c7, 0x75cb, 0x75cd, 0x75cf, 0x75d0,
    0x75d4, 0x75da, 0x75df, 0x75f7, 0x75fa, 0x7608, 0x760b, 0x760e,
    0x760f, 0x7611, 0x7613, 0x7617, 0x7618, 0x7619, 0x761a, 0x761b,
    0x761d, 0x761f, 0x7620, 0x7621, 0x7624, 0x7628, 0x7637, 0x7638,
    0x763b, 0x763d, 0x7641, 0x7645, 0x7647, 0x764a, 0x7652, 0x7654,
    0x7668, 0x7669, 0x7671, 0x7672, 0x7678, 0x767f, 0x7680, 0x7683,
    0x7685, 0x7689, 0x768a, 0x76a4, 0x76aa, 0x76ac, 0x76af, 0x76b4,
    0x76b5, 0x76c2, 0x76cd, 0x76ce, 0x76d7, 0x76db, 0x76ee, 0x76f0,
    0x76f2, 0x76f3, 0x76f5, 0x76fc, 0x7704, 0x7720, 0x7724, 0x772b,
    0x772c, 0x772e, 0x7732, 0x7734, 0x7736, 0x7737, 0x773c, 0x7746,
    0x7747, 0x7748, 0x774a, 0x774b, 0x7755, 0x7756, 0x775b, 0x775d,
    0x775f, 0x7763, 0x7770, 0x7779, 0x777d, 0x7780, 0x7781, 0x7787,
    0x7789, 0x778e, 0x779b, 0x779e, 0x77a6, 0x77b4, 0x77b5, 0x77b7,
    0x77c0, 0x77c5, 0x77d2, 0x77d5, 0x77d6, 0x77d7, 0x77da, 0x77e0,
    0x77e1, 0x77e8, 0x77f0, 0x77f9, 0x77fa, 0x77fc, 0x77fd, 0x7807,
    0x780a, 0x780e, 0x7813, 0x7814, 0x7819, 0x781e, 0x7831, 0x7840,
    0x7843, 0x784a, 0x7883, 0x7885, 0x7887, 0x788a, 0x7891, 0x789f,
    0x78a6, 0x78a7, 0x78a8, 0x78ae, 0x78b1, 0x78b6, 0x78c0, 0x78c1,
    0x78ca, 0x78cd, 0x78d8, 0x7902, 0x7904, 0x7906, 0x7907, 0x7909,
    0x790a, 0x790c, 0x790f, 0x7912, 0x7914, 0x7916, 0x791a, 0x791b,
    0x7921, 0x7928, 0x792d, 0x792f, 0x7930, 0x7932, 0x7938, 0x7939,
    0x7941, 0x7944, 0x7946, 0x7949, 0x7954, 0x7956, 0x7957, 0x7960,
    0x7963, 0x7969, 0x797c, 0x7984, 0x7985, 0x7986, 0x7988, 0x798f,
    0x79a0, 0x79bd, 0x79bf, 0x79c0, 0x79c3, 0x79c8, 0x79ca, 0x79cc,
    0x79cd, 0x79d6, 0x79da, 0x79db, 0x79df, 0x79e0, 0x79e1, 0x79e5,
    0x79e6, 0x79e8, 0x79ee, 0x7a08, 0x7a14, 0x7a1f, 0x7a22, 0x7a27,
    0x7a28, 0x7a29, 0x7a2c, 0x7a2e, 0x7a36, 0x7a38, 0x7a42, 0x7a48,
    0x7a4f, 0x7a54, 0x7a5a, 0x7a5d, 0x7a64, 0x7a6f, 0x7a71, 0x7a75,
    0x7a83, 0x7a85, 0x7a92, 0x7a94, 0x7a98, 0x7a99, 0x7a9a, 0x7a9b,
    0x7a9d, 0x7a9f, 0x7aa4, 0x7ac0, 0x7ac2, 0x7ac7, 0x7ac9, 0x7ad6,
    0x7add, 0x7ade, 0x7ae0, 0x7aea, 0x7af2, 0x7af6, 0x7afa, 0x7b0f,
    0x7b10, 0x7b1c, 0x7b22, 0x7b2a, 0x7b37, 0x7b3a, 0x7b40, 0x7b50,
    0x7b70, 0x7b88, 0x7b96, 0x7bbc, 0x7bc4, 0x7bc6, 0x7bd2, 0x7bdb,
    0x7bde, 0x7be0, 0x7be1, 0x7be8, 0x7bed, 0x7bee, 0x7bf3, 0x7bf7,
    0x7bfa, 0x7bfc, 0x7c02, 0x7c07, 0x7c13, 0x7c1e, 0x7c1f, 0x7c22,
    0x7c25, 0x7c28, 0x7c29, 0x7c38, 0x7c44, 0x7c53, 0x7c69, 0x7c6b,
    0x7c70, 0x7c74, 0x7c78, 0x7cb7, 0x7d8a, 0x7dcb, 0x7de9, 0x7deb,
    0x7ded, 0x7def, 0x7df0, 0x7df3, 0x7df4, 0x7df5, 0x7df8, 0x7dfa,
    0x7dfb, 0x7dfc, 0x7dfe, 0x7dff, 0x7e00, 0x7e01, 0x7e02, 0x7e03,
    0x7e06, 0x7e08, 0x7e0c, 0x7e0d, 0x7e0e, 0x7e0f, 0x7e10, 0x7e11,
    0x7e13, 0x7e16, 0x7e17, 0x7e18, 0x7e1a, 0x7e1b, 0x7e1c, 0x7e1e,
    0x7e21, 0x7e22, 0x7e23, 0x7e25, 0x7e26, 0x7e27, 0x7e28, 0x7e2b,
    0x7e2c, 0x7e2e, 0x7e2f, 0x7e30, 0x7e32, 0x7e33, 0x7e36, 0x7e39,
    0x7e3c, 0x7e3d, 0x7e3e, 0x7e40, 0x7e41, 0x7e45, 0x7e46, 0x7e48,
    0x7e49, 0x7e4d, 0x7e4e, 0x7e4f, 0x7e52, 0x7e57, 0x7e5c, 0x7e5d,
    0x7e5e, 0x7e5f, 0x7e61, 0x7e63, 0x7e66, 0x7e69, 0x7e71, 0x7e72,
    0x7e77, 0x7e7d, 0x7e81, 0x7e83, 0x7e99, 0x7e9a, 0x7e9e, 0x7ea0,
    0x7ea3, 0x7eab, 0x7eb2, 0x7eb3, 0x7eb7, 0x7ebb, 0x7ed3, 0x7ed5,
    0x7ed7, 0x7edd, 0x7ee3, 0x7ee7, 0x7eea, 0x7eed, 0x7f02, 0x7f06,
    0x7f0a, 0x7f0e, 0x7f15, 0x7f1d, 0x7f21, 0x7f28, 0x7f29, 0x7f39,
    0x7f3a, 0x7f44, 0x7f45, 0x7f49, 0x7f4a, 0x7f4c, 0x7f4e, 0x7f55,
    0x7f56, 0x7f59, 0x7f5e, 0x7f60, 0x7f61, 0x7f62, 0x7f73, 0x7f7c,
    0x7f7f, 0x7f81, 0x7f84, 0x7f86, 0x7f88, 0x7f8b, 0x7f93, 0x7f94,
    0x7f95, 0x7f9d, 0x7fa1, 0x7fa3, 0x7fb3, 0x7fcc, 0x7fcd, 0x7fcf,
    0x7fd0, 0x7fd2, 0x7fd4, 0x7fd5, 0x7fdf, 0x7fe1, 0x7fe3, 0x7fe4,
    0x7fe6, 0x7fe9, 0x7fea, 0x7feb, 0x7fed, 0x7fee, 0x7ff2, 0x7ff3,
    0x7ff7, 0x7ff8, 0x7ffb, 0x8003, 0x8007, 0x8008, 0x8009, 0x800a,
    0x800c, 0x800f, 0x8015, 0x8017, 0x801f, 0x8023, 0x8025, 0x8027,
    0x802a, 0x8038, 0x8039, 0x803c, 0x803f, 0x8041, 0x8043, 0x8046,
    0x804b, 0x804f, 0x8052, 0x8053, 0x8058, 0x8059, 0x805a, 0x805c,
    0x805f, 0x8063, 0x8078, 0x807a, 0x8081, 0x8087, 0x808f, 0x8093,
    0x8094, 0x8099, 0x809a, 0x809d, 0x809e, 0x80ae, 0x80b7, 0x80b9,
    0x80c2, 0x80c3, 0x80c4, 0x80c7, 0x80c8, 0x80c9, 0x80d3, 0x80d8,
    0x80e1, 0x80e4, 0x80e5, 0x80e6, 0x80f1, 0x80fc, 0x8109, 0x810b,
    0x810c, 0x810f, 0x812c, 0x8133, 0x8136, 0x813c, 0x813d, 0x8144,
    0x8145, 0x8149, 0x814e, 0x814f, 0x8155, 0x8156, 0x815b, 0x815d,
    0x8165, 0x8167, 0x8168, 0x8173, 0x8175, 0x8179, 0x817a, 0x817e,
    0x817f, 0x8180, 0x8182, 0x8190, 0x81a1, 0x81b8, 0x81b9, 0x81bb,
    0x81bc, 0x81c3, 0x81c7, 0x81cb, 0x81d4, 0x81d6, 0x81db, 0x81e5,
    0x81e6, 0x81ee, 0x81ef, 0x81f5, 0x81f6, 0x81f8, 0x81fa, 0x81fc,
    0x8202, 0x8206, 0x8210, 0x8216, 0x8218, 0x821a, 0x821d, 0x8220,
    0x8224, 0x8227, 0x8228, 0x822e, 0x822f, 0x8234, 0x8238, 0x823a,
    0x8242, 0x824a, 0x824b, 0x824c, 0x824d, 0x824e, 0x8257, 0x8270,
    0x8271, 0x8274, 0x8275, 0x827e, 0x827f, 0x8281, 0x8282, 0x828f,
    0x8292, 0x8299, 0x829b, 0x829d, 0x82a3, 0x82aa, 0x82ac, 0x82ad,
    0x82b0, 0x82b4, 0x82b8, 0x82c0, 0x82cf, 0x82d2, 0x82d7, 0x82f4,
    0x82fa, 0x82fb, 0x8300, 0x8302, 0x8306, 0x8310, 0x8313, 0x8315,
    0x8318, 0x8325, 0x8329, 0x8332, 0x833a, 0x833b, 0x834d, 0x8355,
    0x8356, 0x8357, 0x8366, 0x836d, 0x836e, 0x8370, 0x8371, 0x8386,
    0x83a0, 0x83a4, 0x83aa, 0x83ac, 0x83b4, 0x83b5, 0x83ba, 0x83be,
    0x83cb, 0x83d4, 0x83e2, 0x83e5, 0x83fb, 0x8401, 0x840d, 0x8412,
    0x841a, 0x841f, 0x8426, 0x8428, 0x8435, 0x845a, 0x845c, 0x8460,
    0x8463, 0x846a, 0x8474, 0x8475, 0x8480, 0x8485, 0x8486, 0x8492,
    0x8493, 0x84bd, 0x84c7, 0x84cd, 0x84e4, 0x84f3, 0x84f8, 0x8512,
    0x8518, 0x8519, 0x851e, 0x852d, 0x8532, 0x8544, 0x855a, 0x8581,
    0x8597, 0x8598, 0x8599, 0x859a, 0x85a3, 0x85a7, 0x85b4, 0x85ba,
    0x85c2, 0x85c6, 0x85c7, 0x85c9, 0x85ca, 0x85cb, 0x85d3, 0x85d5,
    0x85de, 0x85e5, 0x85ed, 0x8609, 0x860f, 0x8610, 0x8613, 0x8614,
    0x861d, 0x8622, 0x8624, 0x862d, 0x8637, 0x8639, 0x8642, 0x8647,
    0x8649, 0x864b, 0x865b, 0x865e, 0x8660, 0x8661, 0x8665, 0x866a,
    0x8690, 0x8692, 0x8697, 0x86a0, 0x86bd, 0x86bf, 0x86d6, 0x86e8,
    0x8703, 0x8742, 0x875e, 0x876b, 0x8789, 0x878e, 0x8795, 0x8796,
    0x879d, 0x87a0, 0x87a2, 0x87aa, 0x87ac, 0x87ae, 0x87b1, 0x87b4,
    0x87b5, 0x87b9, 0x87c0, 0x87ca, 0x87cd, 0x87d4, 0x87d6, 0x87db,
    0x87df, 0x87e5, 0x87f4, 0x87f6, 0x87fa, 0x880a, 0x880b, 0x880e,
    0x881d, 0x881e, 0x8822, 0x882d, 0x883c, 0x883d, 0x8841, 0x8842,
    0x884b, 0x8859, 0x885b, 0x886e, 0x8873, 0x888d, 0x88a8, 0x88c8,
    0x88ca, 0x88cf, 0x890a, 0x890b, 0x890d, 0x890e, 0x890f, 0x8911,
    0x8912, 0x891b, 0x892c, 0x892f, 0x8949, 0x89c2, 0x89d2, 0x89d3,
    0x89dc, 0x8aaf, 0x8ab5, 0x8aea, 0x8aeb, 0x8aec, 0x8aed, 0x8aee,
    0x8af1, 0x8af2, 0x8af4, 0x8af6, 0x8af7, 0x8af8, 0x8af9, 0x8afb,
    0x8afc, 0x8aff, 0x8b01, 0x8b02, 0x8b03, 0x8b05, 0x8b06, 0x8b07,
    0x8b08, 0x8b09, 0x8b0a, 0x8b0d, 0x8b0e, 0x8b0f, 0x8b11, 0x8b12,
    0x8b13, 0x8b15, 0x8b16, 0x8b1a, 0x8b1e, 0x8b20, 0x8b23, 0x8b24,
    0x8b26, 0x8b27, 0x8b2a, 0x8b2b, 0x8b2c, 0x8b2e, 0x8b2f, 0x8b30,
    0x8b34, 0x8b35, 0x8b36, 0x8b38, 0x8b3a, 0x8b3b, 0x8b3d, 0x8b3e,
    0x8b40, 0x8b41, 0x8b43, 0x8b44, 0x8b46, 0x8b47, 0x8b4a, 0x8b4c,
    0x8b4e, 0x8b4f, 0x8b51, 0x8b53, 0x8b54, 0x8b56, 0x8b57, 0x8b59,
    0x8b5c, 0x8b60, 0x8b63, 0x8b65, 0x8b6b, 0x8b6c, 0x8b6d, 0x8b6f,
    0x8b71, 0x8b72, 0x8b75, 0x8b76, 0x8b79, 0x8b7a, 0x8b7d, 0x8b80,
    0x8b8a, 0x8b8f, 0x8b95, 0x8baa, 0x8bab, 0x8bb3, 0x8bb4, 0x8bc2,
    0x8bc3, 0x8bd2, 0x8bd5, 0x8c66, 0x8c67, 0x8c68
};

static const uint16_t unicode_list_3[] = {
    0x0, 0x1, 0x3, 0x4, 0x5, 0x6, 0x8, 0xa,
    0xb, 0xd, 0xe, 0xf, 0x10, 0x16, 0x17, 0x18,
    0x1a, 0x1b, 0x1c, 0x20, 0x22, 0x24, 0x26, 0x27,
    0x2a, 0x2c, 0x2d, 0x2e, 0x2f, 0x30, 0x32, 0x37,
    0x3c, 0x40, 0x41, 0x42, 0x43, 0x4d, 0x51, 0x56,
    0x57, 0x6b, 0x6f, 0x7f, 0x80, 0x8a, 0x8f, 0x97,
    0x98, 0x9d, 0xa9, 0xab, 0xb4, 0xb6, 0xbb, 0xbf,
    0xc1, 0xc6, 0xd6, 0xd8, 0xdb, 0xea, 0xee, 0xf5,
    0xf6, 0x110, 0x114, 0x117, 0x132, 0x138, 0x139, 0x13e,
    0x14b, 0x14d, 0x153, 0x177, 0x178, 0x17b, 0x17e, 0x186,
    0x232, 0x233, 0x234, 0x235, 0x238, 0x23a, 0x23b, 0x23c,
    0x240, 0x247, 0x249, 0x24b, 0x24f, 0x251, 0x252, 0x254,
    0x255, 0x256, 0x25c, 0x25d, 0x25f, 0x261, 0x262, 0x263,
    0x265, 0x267, 0x268, 0x26a, 0x26b, 0x26f, 0x274, 0x275,
    0x277, 0x27c, 0x27d, 0x285, 0x289, 0x28a, 0x28d, 0x28e,
    0x290, 0x291, 0x293, 0x294, 0x29a, 0x29c, 0x29d, 0x2a0,
    0x2a4, 0x2a5, 0x2a7, 0x2a8, 0x2a9, 0x2aa, 0x2ab, 0x2ae,
    0x2b6, 0x2b7, 0x2b9, 0x2bc, 0x2c3, 0x2c4, 0x2c5, 0x2c9,
    0x2cc, 0x2cd, 0x2ce, 0x2cf, 0x2d2, 0x2d5, 0x2d6, 0x2db,
    0x2dc, 0x2de, 0x2e0, 0x2e3, 0x2e6, 0x2e7, 0x2e9, 0x2ea,
    0x2eb, 0x2ec, 0x2ee, 0x2fa, 0x304, 0x307, 0x308, 0x30a,
    0x30d, 0x30e, 0x313, 0x319, 0x31b, 0x31f, 0x323, 0x32f,
    0x331, 0x339, 0x33a, 0x341, 0x34b, 0x34c, 0x35d, 0x35f,
    0x36e, 0x36f, 0x372, 0x376, 0x37a, 0x37b, 0x37d, 0x381,
    0x385, 0x387, 0x38d, 0x396, 0x39a, 0x39d, 0x3a9, 0x3ad,
    0x3b3, 0x3b4, 0x3b9, 0x3c0, 0x3c4, 0x3c9, 0x3ce, 0x3e5,
    0x415, 0x417, 0x418, 0x419, 0x41e, 0x423, 0x426, 0x429,
    0x42a, 0x42f, 0x431, 0x436, 0x438, 0x43a, 0x43d, 0x441,
    0x442, 0x443, 0x444, 0x44b, 0x453, 0x455, 0x457, 0x45e,
    0x466, 0x467, 0x493, 0x495, 0x496, 0x498, 0x499, 0x49a,
    0x49b, 0x49d, 0x4a8, 0x540, 0x754, 0x755, 0x75a, 0x75e,
    0x75f, 0x765, 0x769, 0x76a, 0x76b, 0x76c, 0x76d, 0x76e,
    0x771, 0x772, 0x773, 0x774, 0x775, 0x77a, 0x77d, 0x77f,
    0x781, 0x787, 0x78a, 0x78c, 0x78d, 0x78e, 0x78f, 0x791,
    0x792, 0x7a8, 0x7a9, 0x7ad, 0x7af, 0x7b8, 0x7b9, 0x7bc,
    0x7bd, 0x7be, 0x7c2, 0x7c4, 0x7c6, 0x7ca, 0x7cc, 0x7cd,
    0x7d0, 0x7d1, 0x7d4, 0x7d7, 0x7d8, 0x7dc, 0x7dd, 0x7e3,
    0x7e5, 0x7e6, 0x7ed, 0x7ef, 0x7f0, 0x7f1, 0x7f2, 0x7f4,
    0x7f9, 0x7fa, 0x7fb, 0x7fc, 0x805, 0x807, 0x80c, 0x80d,
    0x813, 0x816, 0x819, 0x81c, 0x81d, 0x828, 0x82f, 0x839,
    0x83c, 0x842, 0x84b, 0x8b4, 0x8b6, 0x8b9, 0x8ba, 0x8bb,
    0x8bc, 0x8be, 0x8c0, 0x8c3, 0x8c4, 0x8c5, 0x8c6, 0x8c7,
    0x8c9, 0x8cc, 0x8cd, 0x8ce, 0x8d1, 0x8d5, 0x8da, 0x8dc,
    0x8dd, 0x8e0, 0x8e8, 0x8eb, 0x8fa, 0x8fe, 0x8ff, 0x900,
    0x901, 0x902, 0x907, 0x90b, 0x90c, 0x910, 0x911, 0x912,
    0x913, 0x914, 0x917, 0x918, 0x919, 0x91c, 0x921, 0x927,
    0x92d, 0x92e, 0x930, 0x934, 0x935, 0x936, 0x941, 0x942,
    0x943, 0x951, 0x952, 0x957, 0x95b, 0x95c, 0x960, 0x964,
    0x965, 0x968, 0x973, 0x982, 0x98a, 0x98c, 0x98d, 0x990,
    0x991, 0x992, 0x993, 0x998, 0x999, 0x99b, 0x9a1, 0x9b4,
    0x9b6, 0x9c2, 0x9c3, 0x9c5, 0x9ca, 0x9cc, 0x9d0, 0x9d3,
    0x9d5, 0x9d9, 0x9df, 0x9e2, 0x9e8, 0x9ea, 0x9fe, 0xa04,
    0xa05, 0xa1e, 0xa22, 0xa25, 0xa27, 0xa2a, 0xa2c, 0xa2d,
    0xa2e, 0xa35, 0xa3f, 0xa40, 0xa42, 0xa57, 0xa59, 0xa64,
    0xa6c, 0xa79, 0xab2, 0xab3, 0xab5, 0xab9, 0xabf, 0xac1,
    0xac2, 0xb41, 0xb42, 0xb43, 0xb45, 0xb46, 0xb47, 0xb49,
    0xb4a, 0xb4b, 0xb4d, 0xb4e, 0xb50, 0xb51, 0xb52, 0xb53,
    0xb54, 0xb56, 0xb5c, 0xb5d, 0xb5f, 0xb62, 0xb63, 0xb64,
    0xb68, 0xb69, 0xb6c, 0xb70, 0xb73, 0xb9a, 0xba4, 0xbaa,
    0xbab, 0xbdc, 0xc31, 0xc39, 0xc3a, 0xc3b, 0xc3c, 0xc3d,
    0xc3e, 0xc41, 0xc42, 0xc46, 0xc48, 0xc4b, 0xc4d, 0xc51,
    0xc52, 0xc54, 0xc57, 0xc5b, 0xc5e, 0xc62, 0xc65, 0xd38,
    0xd39, 0xd3a, 0xd3b, 0xd3c, 0xd3d, 0xd3f, 0xd40, 0xd42,
    0xd45, 0xd47, 0xd48, 0xd4a, 0xd4e, 0xd50, 0xd52, 0xd53,
    0xd57, 0xd58, 0xd5b, 0xd5d, 0xd63, 0xd66, 0xd6d, 0xd70,
    0xd74, 0xd84, 0xd9f, 0xda4, 0xdcf, 0xe08, 0xe0d, 0xe0e,
    0xe10, 0xe1b, 0xe20, 0xf48, 0xf4d, 0xf59, 0xf68, 0xf70,
    0xf84, 0xf8f, 0xfa2, 0xfaa, 0x10eb, 0x10ed, 0x10ef, 0x10f1,
    0x10f2, 0x10f9, 0x10fb, 0x10ff, 0x1101, 0x1109, 0x110b, 0x110f,
    0x1111, 0x1116, 0x111b, 0x1130, 0x113c, 0x114b, 0x115f, 0x1172,
    0x1187, 0x1190, 0x1199, 0x119a, 0x119d, 0x11a0, 0x11a4, 0x11da,
    0x11df, 0x11ec, 0x1207, 0x121c, 0x124b, 0x1250, 0x1257, 0x1265,
    0x1266, 0x126b, 0x71cd, 0x71d4, 0x71d5, 0x71d8, 0x71e6, 0x71e7,
    0x71eb, 0x72b1
};

/*Collect the unicode lists and glyph_id offsets*/
static const lv_font_fmt_txt_cmap_t cmaps[] =
{
    {
        .range_start = 32, .range_length = 95, .glyph_id_start = 1,
        .unicode_list = NULL, .glyph_id_ofs_list = NULL, .list_length = 0, .type = LV_FONT_FMT_TXT_CMAP_FORMAT0_TINY
    },
    {
        .range_start = 183, .range_length = 35945, .glyph_id_start = 96,
        .unicode_list = unicode_list_1, .glyph_id_ofs_list = NULL, .list_length = 3174, .type = LV_FONT_FMT_TXT_CMAP_SPARSE_TINY
    },
    {
        .range_start = 36129, .range_length = 17, .glyph_id_start = 3270,
        .unicode_list = NULL, .glyph_id_ofs_list = NULL, .list_length = 0, .type = LV_FONT_FMT_TXT_CMAP_FORMAT0_TINY
    },
    {
        .range_start = 36148, .range_length = 29362, .glyph_id_start = 3287,
        .unicode_list = unicode_list_3, .glyph_id_ofs_list = NULL, .list_length = 586, .type = LV_FONT_FMT_TXT_CMAP_SPARSE_TINY
    }
};



/*--------------------
 *  ALL CUSTOM DATA
 *--------------------*/

#if LVGL_VERSION_MAJOR == 8
/*Store all the custom data of the font*/
static  lv_font_fmt_txt_glyph_cache_t cache;
#endif

#if LVGL_VERSION_MAJOR >= 8
static const lv_font_fmt_txt_dsc_t font_dsc = {
#else
static lv_font_fmt_txt_dsc_t font_dsc = {
#endif
    .glyph_bitmap = glyph_bitmap,
    .glyph_dsc = glyph_dsc,
    .cmaps = cmaps,
    .kern_dsc = NULL,
    .kern_scale = 0,
    .cmap_num = 4,
    .bpp = 1,
    .kern_classes = 0,
    .bitmap_format = 0,
#if LVGL_VERSION_MAJOR == 8
    .cache = &cache
#endif
};



/*-----------------
 *  PUBLIC FONT
 *----------------*/

/*Initialize a public general font descriptor*/
#if LVGL_VERSION_MAJOR >= 8
const lv_font_t display_font_fusion_12_zh = {
#else
lv_font_t display_font_fusion_12_zh = {
#endif
    .get_glyph_dsc = lv_font_get_glyph_dsc_fmt_txt,    /*Function pointer to get glyph's data*/
    .get_glyph_bitmap = lv_font_get_bitmap_fmt_txt,    /*Function pointer to get glyph's bitmap*/
    .line_height = 11,          /*The maximum line height required by the font*/
    .base_line = 2,             /*Baseline measured from the bottom of the line*/
#if !(LVGL_VERSION_MAJOR == 6 && LVGL_VERSION_MINOR == 0)
    .subpx = LV_FONT_SUBPX_NONE,
#endif
#if LV_VERSION_CHECK(7, 4, 0) || LVGL_VERSION_MAJOR >= 8
    .underline_position = -2,
    .underline_thickness = 1,
#endif
    .dsc = &font_dsc,          /*The custom font data. Will be accessed by `get_glyph_bitmap/dsc` */
#if LV_VERSION_CHECK(8, 2, 0) || LVGL_VERSION_MAJOR >= 9
    .fallback = NULL,
#endif
    .user_data = NULL,
};



#endif /*#if DISPLAY_FONT_FUSION_12_ZH*/

